Zeit t / s;Weg s_A1 / cm;p;V
0;-0,243473430653209;962;341,890298087486
0,0002;-0,243473430653209;961;341,890298087486
0,0004;-0,259181393921158;960;342,334833447969
0,0006;-0,267035375555132;959;342,55710112821
0,0008;-0,267035375555132;957;342,55710112821
0,001;-0,274889357189107;956;342,779368808452
0,0012;-0,282743338823081;955;343,001636488693
0,0014;-0,282743338823081;954;343,001636488693
0,0016;-0,29845130209103;953;343,446171849176
0,0018;-0,306305283725005;952;343,668439529418
0,002;-0,29845130209103;951;343,446171849176
0,0022;-0,306305283725005;950;343,668439529418
0,0024;-0,306305283725005;949;343,668439529418
0,0026;-0,314159265358979;948;343,890707209659
0,0028;-0,329867228626928;947;344,335242570142
0,003;-0,329867228626928;946;344,335242570142
0,0032;-0,329867228626928;945;344,335242570142
0,0034;-0,345575191894877;944;344,779777930625
0,0036;-0,337721210260903;943;344,557510250384
0,0038;-0,337721210260903;942;344,557510250384
0,004;-0,353429173528852;941;345,002045610867
0,0042;-0,353429173528852;940;345,002045610867
0,0044;-0,361283155162826;939;345,224313291108
0,0046;-0,361283155162826;938;345,224313291108
0,0048;-0,369137136796801;937;345,446580971349
0,005;-0,369137136796801;937;345,446580971349
0,0052;-0,369137136796801;936;345,446580971349
0,0054;-0,369137136796801;935;345,446580971349
0,0056;-0,38484510006475;934;345,891116331832
0,0058;-0,38484510006475;933;345,891116331832
0,006;-0,392699081698724;932;346,113384012074
0,0062;-0,400553063332699;931;346,335651692315
0,0064;-0,392699081698724;931;346,113384012074
0,0066;-0,400553063332699;930;346,335651692315
0,0068;-0,400553063332699;929;346,335651692315
0,007;-0,400553063332699;928;346,335651692315
0,0072;-0,400553063332699;928;346,335651692315
0,0074;-0,416261026600648;926;346,780187052798
0,0076;-0,416261026600648;926;346,780187052798
0,0078;-0,416261026600648;925;346,780187052798
0,008;-0,424115008234622;924;347,00245473304
0,0082;-0,424115008234622;924;347,00245473304
0,0084;-0,424115008234622;923;347,00245473304
0,0086;-0,431968989868597;922;347,224722413281
0,0088;-0,424115008234622;921;347,00245473304
0,009;-0,431968989868597;921;347,224722413281
0,0092;-0,439822971502571;920;347,446990093523
0,0094;-0,424115008234622;921;347,00245473304
0,0096;-0,439822971502571;918;347,446990093523
0,0098;-0,431968989868597;918;347,224722413281
0,01;-0,439822971502571;917;347,446990093523
0,0102;-0,439822971502571;917;347,446990093523
0,0104;-0,439822971502571;916;347,446990093523
0,0106;-0,447676953136546;915;347,669257773764
0,0108;-0,447676953136546;915;347,669257773764
0,011;-0,447676953136546;914;347,669257773764
0,0112;-0,447676953136546;914;347,669257773764
0,0114;-0,45553093477052;913;347,891525454006
0,0116;-0,447676953136546;913;347,669257773764
0,0118;-0,447676953136546;912;347,669257773764
0,012;-0,45553093477052;912;347,891525454006
0,0122;-0,447676953136546;911;347,669257773764
0,0124;-0,447676953136546;911;347,669257773764
0,0126;-0,447676953136546;910;347,669257773764
0,0128;-0,447676953136546;910;347,669257773764
0,013;-0,447676953136546;909;347,669257773764
0,0132;-0,45553093477052;909;347,891525454006
0,0134;-0,447676953136546;908;347,669257773764
0,0136;-0,447676953136546;908;347,669257773764
0,0138;-0,447676953136546;907;347,669257773764
0,014;-0,447676953136546;907;347,669257773764
0,0142;-0,447676953136546;906;347,669257773764
0,0144;-0,45553093477052;906;347,891525454006
0,0146;-0,447676953136546;906;347,669257773764
0,0148;-0,439822971502571;905;347,446990093523
0,015;-0,439822971502571;905;347,446990093523
0,0152;-0,439822971502571;905;347,446990093523
0,0154;-0,439822971502571;905;347,446990093523
0,0156;-0,439822971502571;904;347,446990093523
0,0158;-0,431968989868597;904;347,224722413281
0,016;-0,439822971502571;904;347,446990093523
0,0162;-0,439822971502571;904;347,446990093523
0,0164;-0,431968989868597;903;347,224722413281
0,0166;-0,431968989868597;903;347,224722413281
0,0168;-0,439822971502571;903;347,446990093523
0,017;-0,431968989868597;903;347,224722413281
0,0172;-0,424115008234622;902;347,00245473304
0,0174;-0,431968989868597;903;347,224722413281
0,0176;-0,424115008234622;903;347,00245473304
0,0178;-0,416261026600648;903;346,780187052798
0,018;-0,416261026600648;902;346,780187052798
0,0182;-0,416261026600648;902;346,780187052798
0,0184;-0,408407044966673;902;346,557919372557
0,0186;-0,408407044966673;902;346,557919372557
0,0188;-0,416261026600648;902;346,780187052798
0,019;-0,408407044966673;902;346,557919372557
0,0192;-0,400553063332699;902;346,335651692315
0,0194;-0,400553063332699;902;346,335651692315
0,0196;-0,392699081698724;902;346,113384012074
0,0198;-0,392699081698724;902;346,113384012074
0,02;-0,392699081698724;902;346,113384012074
0,0202;-0,38484510006475;902;345,891116331832
0,0204;-0,376991118430775;902;345,668848651591
0,0206;-0,38484510006475;902;345,891116331832
0,0208;-0,376991118430775;902;345,668848651591
0,021;-0,376991118430775;902;345,668848651591
0,0212;-0,369137136796801;902;345,446580971349
0,0214;-0,369137136796801;902;345,446580971349
0,0216;-0,353429173528852;902;345,002045610867
0,0218;-0,345575191894877;902;344,779777930625
0,022;-0,353429173528852;902;345,002045610867
0,0222;-0,345575191894877;903;344,779777930625
0,0224;-0,337721210260903;903;344,557510250384
0,0226;-0,337721210260903;903;344,557510250384
0,0228;-0,337721210260903;903;344,557510250384
0,023;-0,322013246992954;903;344,112974889901
0,0232;-0,314159265358979;904;343,890707209659
0,0234;-0,322013246992954;904;344,112974889901
0,0236;-0,314159265358979;904;343,890707209659
0,0238;-0,306305283725005;904;343,668439529418
0,024;-0,29845130209103;904;343,446171849176
0,0242;-0,290597320457056;904;343,223904168935
0,0244;-0,282743338823081;905;343,001636488693
0,0246;-0,282743338823081;905;343,001636488693
0,0248;-0,282743338823081;905;343,001636488693
0,025;-0,267035375555132;905;342,55710112821
0,0252;-0,259181393921158;905;342,334833447969
0,0254;-0,251327412287183;907;342,112565767727
0,0256;-0,251327412287183;906;342,112565767727
0,0258;-0,243473430653209;906;341,890298087486
0,026;-0,22776546738526;907;341,445762727003
0,0262;-0,22776546738526;906;341,445762727003
0,0264;-0,22776546738526;907;341,445762727003
0,0266;-0,212057504117311;907;341,00122736652
0,0268;-0,204203522483337;907;340,778959686278
0,027;-0,196349540849362;908;340,556692006037
0,0272;-0,196349540849362;907;340,556692006037
0,0274;-0,188495559215388;909;340,334424325795
0,0276;-0,180641577581413;909;340,112156645554
0,0278;-0,172787595947439;909;339,889888965313
0,028;-0,15707963267949;910;339,44535360483
0,0282;-0,149225651045515;910;339,223085924588
0,0284;-0,149225651045515;910;339,223085924588
0,0286;-0,141371669411541;910;339,000818244347
0,0288;-0,125663706143592;911;338,556282883864
0,029;-0,125663706143592;911;338,556282883864
0,0292;-0,109955742875643;912;338,111747523381
0,0294;-0,102101761241668;912;337,889479843139
0,0296;-0,102101761241668;912;337,889479843139
0,0298;-0,0942477796076938;913;337,667212162898
0,03;-0,0785398163397448;913;337,222676802415
0,0302;-0,0785398163397448;914;337,222676802415
0,0304;-0,0706858347057703;914;337,000409122173
0,0306;-0,0549778714378214;914;336,55587376169
0,0308;-0,0471238898038469;915;336,333606081449
0,031;-0,0392699081698724;915;336,111338401207
0,0312;-0,0314159265358979;916;335,889070720966
0,0314;-0,0235619449019235;916;335,666803040724
0,0316;-0,00785398163397448;917;335,222267680241
0,0318;-0,00785398163397448;917;335,222267680241
0,032;0;918;335
0,0322;0,015707963267949;918;334,555464639517
0,0324;0,0235619449019234;919;334,333196959276
0,0326;0,0314159265358979;920;334,110929279034
0,0328;0,0471238898038469;920;333,666393918551
0,033;0,0549778714378214;921;333,44412623831
0,0332;0,0628318530717959;921;333,221858558068
0,0334;0,0785398163397448;922;332,777323197585
0,0336;0,0863937979737193;923;332,555055517344
0,0338;0,0863937979737193;923;332,555055517344
0,034;0,109955742875643;924;331,888252476619
0,0342;0,117809724509617;924;331,665984796378
0,0344;0,125663706143592;926;331,443717116136
0,0346;0,133517687777566;926;331,221449435895
0,0348;0,141371669411541;927;330,999181755653
0,035;0,15707963267949;927;330,55464639517
0,0352;0,172787595947439;928;330,110111034687
0,0354;0,180641577581413;929;329,887843354446
0,0356;0,188495559215388;930;329,665575674205
0,0358;0,204203522483337;930;329,221040313722
0,036;0,219911485751285;932;328,776504953239
0,0362;0,22776546738526;932;328,554237272997
0,0364;0,235619449019234;933;328,331969592756
0,0366;0,243473430653209;934;328,109701912514
0,0368;0,259181393921158;935;327,665166552031
0,037;0,274889357189107;936;327,220631191548
0,0372;0,282743338823081;937;326,998363511307
0,0374;0,29845130209103;937;326,553828150824
0,0376;0,306305283725005;938;326,331560470582
0,0378;0,322013246992954;939;325,887025110099
0,038;0,337721210260903;940;325,442489749616
0,0382;0,345575191894877;942;325,220222069375
0,0384;0,353429173528852;942;324,997954389134
0,0386;0,361283155162826;943;324,775686708892
0,0388;0,376991118430775;944;324,331151348409
0,039;0,392699081698724;945;323,886615987926
0,0392;0,400553063332699;946;323,664348307685
0,0394;0,416261026600648;947;323,219812947202
0,0396;0,424115008234622;947;322,99754526696
0,0398;0,439822971502571;948;322,553009906477
0,04;0,45553093477052;950;322,108474545994
0,0402;0,463384916404495;950;321,886206865753
0,0404;0,479092879672444;951;321,44167150527
0,0406;0,486946861306418;953;321,219403825028
0,0408;0,502654824574367;954;320,774868464545
0,041;0,518362787842316;955;320,330333104062
0,0412;0,52621676947629;956;320,108065423821
0,0414;0,541924732744239;957;319,663530063338
0,0416;0,557632696012188;958;319,218994702855
0,0418;0,573340659280137;959;318,774459342372
0,042;0,589048622548086;960;318,329923981889
0,0422;0,596902604182061;961;318,107656301648
0,0424;0,61261056745001;962;317,663120941165
0,0426;0,620464549083984;964;317,440853260923
0,0428;0,644026493985908;965;316,774050220199
0,043;0,659734457253856;966;316,329514859716
0,0432;0,675442420521805;967;315,884979499233
0,0434;0,68329640215578;968;315,662711818991
0,0436;0,699004365423729;970;315,218176458508
0,0438;0,714712328691678;971;314,773641098026
0,044;0,730420291959627;972;314,329105737543
0,0442;0,746128255227576;973;313,88457037706
0,0444;0,75398223686155;975;313,662302696818
0,0446;0,769690200129499;976;313,217767336335
0,0448;0,785398163397448;978;312,773231975852
0,045;0,808960108299372;979;312,106428935128
0,0452;0,816814089933346;980;311,884161254886
0,0454;0,832522053201295;982;311,439625894403
0,0456;0,848230016469244;983;310,99509053392
0,0458;0,863937979737193;984;310,550555173437
0,046;0,879645943005142;986;310,106019812954
0,0462;0,895353906273091;987;309,661484452472
0,0464;0,91106186954104;989;309,216949091989
0,0466;0,926769832808989;990;308,772413731506
0,0468;0,942477796076938;992;308,327878371023
0,047;0,950331777710912;993;308,105610690781
0,0472;0,973893722612836;995;307,438807650057
0,0474;0,989601685880785;997;306,994272289574
0,0476;1,01316363078271;998;306,327469248849
0,0478;1,01316363078271;1000;306,327469248849
0,048;1,03672557568463;1002;305,660666208125
0,0482;1,04457955731861;1003;305,438398527883
0,0484;1,06814150222053;1005;304,771595487159
0,0486;1,0759954838545;1007;304,549327806918
0,0488;1,09955742875643;1008;303,882524766193
0,049;1,1074114103904;1010;303,660257085952
0,0492;1,13097335529233;1012;302,993454045227
0,0494;1,1388273369263;1014;302,771186364986
0,0496;1,16238928182822;1015;302,104383324261
0,0498;1,17809724509617;1017;301,659847963778
0,05;1,2016591899981;1019;300,993044923054
0,0502;1,20951317163207;1021;300,770777242812
0,0504;1,22522113490002;1023;300,326241882329
0,0506;1,23307511653399;1025;300,103974202088
0,0508;1,25663706143592;1027;299,437171161364
0,051;1,26449104306989;1028;299,214903481122
0,0512;1,29590696960579;1030;298,325832760156
0,0514;1,30376095123976;1032;298,103565079915
0,0516;1,31946891450771;1034;297,659029719432
0,0518;1,32732289614169;1036;297,43676203919
0,052;1,35088484104361;1038;296,769958998466
0,0522;1,36659280431156;1040;296,325423637983
0,0524;1,39015474921348;1042;295,658620597258
0,0526;1,39800873084746;1044;295,436352917017
0,0528;1,42157067574938;1046;294,769549876293
0,053;1,42942465738336;1048;294,547282196051
0,0532;1,45298660228528;1050;293,880479155327
0,0534;1,46084058391925;1052;293,658211475085
0,0536;1,48440252882118;1054;292,991408434361
0,0538;1,50011049208913;1056;292,546873073878
0,054;1,51581845535708;1059;292,102337713395
0,0542;1,52367243699105;1061;291,880070033153
0,0544;1,539380400259;1063;291,43553467267
0,0546;1,56294234516092;1065;290,768731631946
0,0548;1,5707963267949;1067;290,546463951704
0,055;1,59435827169682;1069;289,87966091098
0,0552;1,61006623496477;1072;289,435125550497
0,0554;1,62577419823272;1074;288,990590190014
0,0556;1,64148216150067;1076;288,546054829531
0,0558;1,65719012476862;1078;288,101519469048
0,056;1,67289808803656;1081;287,656984108565
0,0562;1,69646003293849;1083;286,990181067841
0,0564;1,71216799620644;1085;286,545645707358
0,0566;1,72787595947439;1088;286,101110346875
0,0568;1,73572994110836;1090;285,878842666633
0,057;1,76714586764426;1092;284,989771945667
0,0572;1,77499984927823;1095;284,767504265426
0,0574;1,79856179418016;1097;284,100701224702
0,0576;1,81426975744811;1100;283,656165864219
0,0578;1,82997772071605;1102;283,211630503736
0,058;1,845685683984;1105;282,767095143253
0,0582;1,86139364725195;1107;282,32255978277
0,0584;1,8771016105199;1110;281,878024422287
0,0586;1,90066355542182;1112;281,211221381562
0,0588;1,91637151868977;1115;280,766686021079
0,059;1,93207948195772;1118;280,322150660596
0,0592;1,95564142685965;1121;279,655347619872
0,0594;1,96349540849362;1123;279,433079939631
0,0596;1,98705735339554;1126;278,766276898906
0,0598;1,99491133502952;1128;278,544009218665
0,06;2,02632726156542;1131;277,654938497699
0,0602;2,03418124319939;1134;277,432670817457
0,0604;2,04988920646734;1136;276,988135456974
0,0606;2,06559716973529;1139;276,543600096491
0,0608;2,08130513300324;1142;276,099064736008
0,061;2,09701309627119;1145;275,654529375525
0,0612;2,11272105953914;1148;275,209994015042
0,0614;2,13628300444106;1151;274,543190974318
0,0616;2,15199096770901;1153;274,098655613835
0,0618;2,16769893097696;1156;273,654120253352
0,062;2,18340689424491;1159;273,209584892869
0,0622;2,19911485751285;1162;272,765049532386
0,0624;2,2148228207808;1164;272,320514171903
0,0626;2,23053078404875;1168;271,87597881142
0,0628;2,2462387473167;1171;271,431443450937
0,063;2,26194671058465;1173;270,986908090454
0,0632;2,2776546738526;1176;270,542372729971
0,0634;2,29336263712055;1179;270,097837369488
0,0636;2,3090706003885;1182;269,653302009006
0,0638;2,33263254529042;1185;268,986498968281
0,064;2,34834050855837;1188;268,541963607798
0,0642;2,35619449019234;1191;268,319695927557
0,0644;2,37190245346029;1194;267,875160567074
0,0646;2,39546439836222;1197;267,208357526349
0,0648;2,40331837999619;1199;266,986089846108
0,065;2,42688032489812;1202;266,319286805383
0,0652;2,43473430653209;1205;266,097019125142
0,0654;2,46615023306799;1208;265,207948404176
0,0656;2,47400421470196;1211;264,985680723934
0,0658;2,49756615960389;1214;264,31887768321
0,066;2,50542014123786;1217;264,096610002969
0,0662;2,52898208613978;1220;263,429806962244
0,0664;2,53683606777376;1223;263,207539282003
0,0666;2,56039801267568;1227;262,540736241278
0,0668;2,56825199430966;1230;262,318468561037
0,067;2,59181393921158;1233;261,651665520312
0,0672;2,59181393921158;1236;261,651665520312
0,0674;2,62322986574748;1240;260,762594799346
0,0676;2,63108384738145;1243;260,540327119105
0,0678;2,65464579228337;1246;259,87352407838
0,068;2,66249977391735;1250;259,651256398139
0,0682;2,68606171881927;1254;258,984453357415
0,0684;2,69391570045325;1257;258,762185677173
0,0686;2,71747764535517;1261;258,095382636449
0,0688;2,73318560862312;1265;257,650847275966
0,069;2,75674755352504;1268;256,984044235241
0,0692;2,76460153515902;1272;256,761776555
0,0694;2,78030949842697;1275;256,317241194517
0,0696;2,78816348006094;1280;256,094973514275
0,0698;2,81172542496286;1283;255,428170473551
0,07;2,82743338823081;1287;254,983635113068
0,0702;2,85099533313274;1291;254,316832072344
0,0704;2,85884931476671;1295;254,094564392102
0,0706;2,88241125966864;1299;253,427761351378
0,0708;2,89026524130261;1304;253,205493671136
0,071;2,91382718620453;1307;252,538690630412
0,0712;2,92168116783851;1311;252,31642295017
0,0714;2,94524311274043;1315;251,649619909446
0,0716;2,95309709437441;1319;251,427352229204
0,0718;2,97665903927633;1323;250,76054918848
0,072;2,97665903927633;1327;250,76054918848
0,0722;3,00022098417825;1332;250,093746147755
0,0724;3,0159289474462;1336;249,649210787272
0,0726;3,03163691071415;1339;249,20467542679
0,0728;3,03949089234813;1344;248,982407746548
0,073;3,05519885561607;1348;248,537872386065
0,0732;3,07090681888402;1351;248,093337025582
0,0734;3,08661478215197;1355;247,648801665099
0,0736;3,10232274541992;1359;247,204266304616
0,0738;3,11803070868787;1363;246,759730944133
0,074;3,13373867195582;1366;246,31519558365
0,0742;3,14159265358979;1370;246,092927903409
0,0744;3,15730061685774;1374;245,648392542926
0,0746;3,16515459849172;1378;245,426124862684
0,0748;3,18871654339364;1382;244,75932182196
0,075;3,19657052502761;1385;244,537054141719
0,0752;3,22013246992954;1389;243,870251100994
0,0754;3,22013246992954;1393;243,870251100994
0,0756;3,24369441483146;1397;243,20344806027
0,0758;3,25940237809941;1400;242,758912699787
0,076;3,27511034136736;1404;242,314377339304
0,0762;3,28296432300133;1407;242,092109659062
0,0764;3,29081830463531;1411;241,869841978821
0,0766;3,31438024953723;1415;241,203038938096
0,0768;3,32223423117121;1419;240,980771257855
0,077;3,34579617607313;1423;240,31396821713
0,0772;3,3536501577071;1427;240,091700536889
0,0774;3,36935812097505;1431;239,647165176406
0,0776;3,37721210260903;1435;239,424897496165
0,0778;3,39292006587698;1439;238,980362135682
0,078;3,4164820107789;1444;238,313559094957
0,0782;3,42433599241287;1448;238,091291414716
0,0784;3,43218997404685;1452;237,869023734474
0,0786;3,44004395568082;1457;237,646756054233
0,0788;3,45575191894877;1462;237,20222069375
0,079;3,47145988221672;1466;236,757685333267
0,0792;3,4793138638507;1471;236,535417653025
0,0794;3,49502182711865;1476;236,090882292542
0,0796;3,50287580875262;1481;235,868614612301
0,0798;3,51858377202057;1486;235,424079251818
0,08;3,53429173528852;1491;234,979543891335
0,0802;3,54214571692249;1495;234,757276211093
0,0804;3,55785368019044;1500;234,312740850611
0,0806;3,56570766182442;1505;234,090473170369
0,0808;3,58141562509236;1510;233,645937809886
0,081;3,59712358836031;1515;233,201402449403
0,0812;3,60497756999429;1520;232,979134769162
0,0814;3,62068553326224;1524;232,534599408679
0,0816;3,62853951489621;1529;232,312331728437
0,0818;3,64424747816416;1533;231,867796367954
0,082;3,65995544143211;1537;231,423261007471
0,0822;3,65995544143211;1542;231,423261007471
0,0824;3,67566340470006;1546;230,978725646988
0,0826;3,68351738633403;1550;230,756457966747
0,0828;3,69922534960198;1554;230,311922606264
0,083;3,71493331286993;1558;229,867387245781
0,0832;3,7227872945039;1562;229,645119565539
0,0834;3,73849525777185;1566;229,200584205057
0,0836;3,74634923940583;1569;228,978316524815
0,0838;3,7542032210398;1573;228,756048844574
0,084;3,76991118430775;1577;228,311513484091
0,0842;3,7856191475757;1581;227,866978123608
0,0844;3,7856191475757;1584;227,866978123608
0,0846;3,80132711084365;1588;227,422442763125
0,0848;3,8170350741116;1592;226,977907402642
0,085;3,82488905574557;1596;226,7556397224
0,0852;3,84059701901352;1599;226,311104361917
0,0854;3,8484510006475;1603;226,088836681676
0,0856;3,8484510006475;1608;226,088836681676
0,0858;3,87201294554942;1612;225,422033640951
0,086;3,87201294554942;1616;225,422033640951
0,0862;3,87986692718339;1620;225,19976596071
0,0864;3,89557489045134;1624;224,755230600227
0,0866;3,91128285371929;1629;224,310695239744
0,0868;3,91128285371929;1633;224,310695239744
0,087;3,92699081698724;1637;223,866159879261
0,0872;3,93484479862122;1642;223,64389219902
0,0874;3,95055276188916;1647;223,199356838537
0,0876;3,95840674352314;1651;222,977089158295
0,0878;3,96626072515711;1656;222,754821478054
0,088;3,96626072515711;1661;222,754821478054
0,0882;3,98196868842506;1666;222,310286117571
0,0884;3,98982267005904;1670;222,088018437329
0,0886;3,99767665169301;1675;221,865750757088
0,0888;3,99767665169301;1679;221,865750757088
0,089;4,01338461496096;1684;221,421215396605
0,0892;4,02909257822891;1688;220,976680036122
0,0894;4,03694655986288;1692;220,75441235588
0,0896;4,02909257822891;1697;220,976680036122
0,0898;4,04480054149686;1701;220,532144675639
0,09;4,06050850476481;1705;220,087609315156
0,0902;4,06836248639878;1709;219,865341634914
0,0904;4,06836248639878;1713;219,865341634914
0,0906;4,07621646803276;1717;219,643073954673
0,0908;4,09977841293468;1721;218,976270913949
0,091;4,09977841293468;1724;218,976270913949
0,0912;4,09977841293468;1728;218,976270913949
0,0914;4,11548637620263;1731;218,531735553466
0,0916;4,13119433947058;1735;218,087200192983
0,0918;4,13119433947058;1738;218,087200192983
0,092;4,13119433947058;1742;218,087200192983
0,0922;4,14690230273853;1745;217,6426648325
0,0924;4,1547562843725;1748;217,420397152258
0,0926;4,16261026600648;1751;217,198129472017
0,0928;4,16261026600648;1755;217,198129472017
0,093;4,17831822927443;1758;216,753594111534
0,0932;4,1861722109084;1761;216,531326431292
0,0934;4,1861722109084;1765;216,531326431292
0,0936;4,19402619254237;1768;216,309058751051
0,0938;4,20188017417635;1772;216,086791070809
0,094;4,2175881374443;1776;215,642255710326
0,0942;4,2175881374443;1779;215,642255710326
0,0944;4,2175881374443;1783;215,642255710326
0,0946;4,23329610071225;1787;215,197720349843
0,0948;4,23329610071225;1791;215,197720349843
0,095;4,24115008234622;1795;214,975452669602
0,0952;4,2490040639802;1799;214,75318498936
0,0954;4,25685804561417;1802;214,530917309119
0,0956;4,25685804561417;1807;214,530917309119
0,0958;4,26471202724814;1811;214,308649628878
0,096;4,27256600888212;1815;214,086381948636
0,0962;4,28041999051609;1818;213,864114268395
0,0964;4,28041999051609;1822;213,864114268395
0,0966;4,28827397215007;1826;213,641846588153
0,0968;4,28827397215007;1830;213,641846588153
0,097;4,29612795378404;1834;213,419578907912
0,0972;4,30398193541802;1838;213,19731122767
0,0974;4,31183591705199;1841;212,975043547429
0,0976;4,32754388031994;1845;212,530508186946
0,0978;4,31968989868597;1848;212,752775867187
0,098;4,32754388031994;1852;212,530508186946
0,0982;4,33539786195391;1855;212,308240506704
0,0984;4,32754388031994;1858;212,530508186946
0,0986;4,33539786195391;1862;212,308240506704
0,0988;4,35110582522186;1865;211,863705146221
0,099;4,35110582522186;1868;211,863705146221
0,0992;4,34325184358789;1870;212,085972826463
0,0994;4,35895980685584;1873;211,64143746598
0,0996;4,35895980685584;1876;211,64143746598
0,0998;4,35895980685584;1879;211,64143746598
0,1;4,36681378848981;1881;211,419169785738
0,1002;4,37466777012379;1884;211,196902105497
0,1004;4,37466777012379;1886;211,196902105497
0,1006;4,38252175175776;1889;210,974634425255
0,1008;4,39037573339174;1891;210,752366745014
0,101;4,39037573339174;1894;210,752366745014
0,1012;4,39037573339174;1896;210,752366745014
0,1014;4,39037573339174;1898;210,752366745014
0,1016;4,39822971502571;1900;210,530099064772
0,1018;4,39037573339174;1902;210,752366745014
0,102;4,39822971502571;1905;210,530099064772
0,1022;4,40608369665968;1907;210,307831384531
0,1024;4,40608369665968;1910;210,307831384531
0,1026;4,40608369665968;1912;210,307831384531
0,1028;4,42179165992763;1914;209,863296024048
0,103;4,41393767829366;1916;210,085563704289
0,1032;4,41393767829366;1918;210,085563704289
0,1034;4,42179165992763;1921;209,863296024048
0,1036;4,42179165992763;1923;209,863296024048
0,1038;4,42179165992763;1926;209,863296024048
0,104;4,42964564156161;1927;209,641028343806
0,1042;4,42964564156161;1930;209,641028343806
0,1044;4,42179165992763;1932;209,863296024048
0,1046;4,42964564156161;1934;209,641028343806
0,1048;4,42964564156161;1937;209,641028343806
0,105;4,42964564156161;1938;209,641028343806
0,1052;4,43749962319558;1941;209,418760663565
0,1054;4,44535360482956;1942;209,196492983324
0,1056;4,43749962319558;1945;209,418760663565
0,1058;4,44535360482956;1946;209,196492983324
0,106;4,44535360482956;1948;209,196492983324
0,1062;4,43749962319558;1950;209,418760663565
0,1064;4,44535360482956;1952;209,196492983324
0,1066;4,43749962319558;1953;209,418760663565
0,1068;4,43749962319558;1955;209,418760663565
0,107;4,44535360482956;1957;209,196492983324
0,1072;4,44535360482956;1958;209,196492983324
0,1074;4,43749962319558;1960;209,418760663565
0,1076;4,44535360482956;1961;209,196492983324
0,1078;4,43749962319558;1963;209,418760663565
0,108;4,43749962319558;1963;209,418760663565
0,1082;4,44535360482956;1965;209,196492983324
0,1084;4,43749962319558;1966;209,418760663565
0,1086;4,43749962319558;1967;209,418760663565
0,1088;4,44535360482956;1968;209,196492983324
0,109;4,43749962319558;1969;209,418760663565
0,1092;4,43749962319558;1970;209,418760663565
0,1094;4,44535360482956;1971;209,196492983324
0,1096;4,43749962319558;1972;209,418760663565
0,1098;4,43749962319558;1973;209,418760663565
0,11;4,44535360482956;1974;209,196492983324
0,1102;4,42964564156161;1974;209,641028343806
0,1104;4,42964564156161;1975;209,641028343806
0,1106;4,42964564156161;1976;209,641028343806
0,1108;4,42964564156161;1976;209,641028343806
0,111;4,42964564156161;1977;209,641028343806
0,1112;4,43749962319558;1978;209,418760663565
0,1114;4,42179165992763;1978;209,863296024048
0,1116;4,42964564156161;1978;209,641028343806
0,1118;4,42179165992763;1978;209,863296024048
0,112;4,42179165992763;1979;209,863296024048
0,1122;4,42179165992763;1980;209,863296024048
0,1124;4,42179165992763;1980;209,863296024048
0,1126;4,41393767829366;1980;210,085563704289
0,1128;4,41393767829366;1980;210,085563704289
0,113;4,40608369665968;1980;210,307831384531
0,1132;4,40608369665968;1980;210,307831384531
0,1134;4,40608369665968;1980;210,307831384531
0,1136;4,39822971502571;1980;210,530099064772
0,1138;4,39822971502571;1980;210,530099064772
0,114;4,39822971502571;1980;210,530099064772
0,1142;4,39037573339174;1980;210,752366745014
0,1144;4,39037573339174;1979;210,752366745014
0,1146;4,39037573339174;1979;210,752366745014
0,1148;4,37466777012379;1979;211,196902105497
0,115;4,37466777012379;1978;211,196902105497
0,1152;4,37466777012379;1978;211,196902105497
0,1154;4,35895980685584;1977;211,64143746598
0,1156;4,36681378848981;1977;211,419169785738
0,1158;4,35895980685584;1977;211,64143746598
0,116;4,35895980685584;1977;211,64143746598
0,1162;4,35895980685584;1976;211,64143746598
0,1164;4,35110582522186;1975;211,863705146221
0,1166;4,34325184358789;1974;212,085972826463
0,1168;4,34325184358789;1974;212,085972826463
0,117;4,33539786195391;1974;212,308240506704
0,1172;4,32754388031994;1972;212,530508186946
0,1174;4,33539786195391;1972;212,308240506704
0,1176;4,32754388031994;1971;212,530508186946
0,1178;4,31183591705199;1970;212,975043547429
0,118;4,31183591705199;1970;212,975043547429
0,1182;4,30398193541802;1969;213,19731122767
0,1184;4,30398193541802;1968;213,19731122767
0,1186;4,30398193541802;1967;213,19731122767
0,1188;4,28827397215007;1966;213,641846588153
0,119;4,28827397215007;1965;213,641846588153
0,1192;4,28041999051609;1965;213,864114268395
0,1194;4,27256600888212;1963;214,086381948636
0,1196;4,26471202724814;1962;214,308649628878
0,1198;4,27256600888212;1961;214,086381948636
0,12;4,25685804561417;1959;214,530917309119
0,1202;4,25685804561417;1958;214,530917309119
0,1204;4,24115008234622;1957;214,975452669602
0,1206;4,23329610071225;1955;215,197720349843
0,1208;4,24115008234622;1954;214,975452669602
0,121;4,22544211907827;1952;215,419988030085
0,1212;4,2175881374443;1951;215,642255710326
0,1214;4,20973415581032;1949;215,864523390568
0,1216;4,20188017417635;1948;216,086791070809
0,1218;4,20188017417635;1946;216,086791070809
0,122;4,19402619254237;1944;216,309058751051
0,1222;4,17831822927443;1942;216,753594111534
0,1224;4,17831822927443;1941;216,753594111534
0,1226;4,17831822927443;1939;216,753594111534
0,1228;4,16261026600648;1937;217,198129472017
0,123;4,1547562843725;1935;217,420397152258
0,1232;4,14690230273853;1933;217,6426648325
0,1234;4,14690230273853;1932;217,6426648325
0,1236;4,13904832110455;1930;217,864932512741
0,1238;4,1233403578366;1928;218,309467873224
0,124;4,11548637620263;1926;218,531735553466
0,1242;4,11548637620263;1924;218,531735553466
0,1244;4,09977841293468;1922;218,976270913949
0,1246;4,09192443130071;1920;219,19853859419
0,1248;4,08407044966673;1918;219,420806274432
0,125;4,07621646803276;1916;219,643073954673
0,1252;4,06836248639878;1913;219,865341634914
0,1254;4,06050850476481;1911;220,087609315156
0,1256;4,05265452313083;1909;220,309876995397
0,1258;4,05265452313083;1907;220,309876995397
0,126;4,03694655986288;1905;220,75441235588
0,1262;4,02123859659494;1903;221,198947716363
0,1264;4,02123859659494;1900;221,198947716363
0,1266;4,01338461496096;1899;221,421215396605
0,1268;3,99767665169301;1896;221,865750757088
0,127;3,99767665169301;1894;221,865750757088
0,1272;3,98982267005904;1892;222,088018437329
0,1274;3,96626072515711;1889;222,754821478054
0,1276;3,96626072515711;1887;222,754821478054
0,1278;3,96626072515711;1885;222,754821478054
0,128;3,94269878025519;1882;223,421624518778
0,1282;3,93484479862122;1879;223,64389219902
0,1284;3,92699081698724;1876;223,866159879261
0,1286;3,91128285371929;1874;224,310695239744
0,1288;3,90342887208532;1871;224,532962919985
0,129;3,89557489045134;1869;224,755230600227
0,1292;3,88772090881737;1866;224,977498280468
0,1294;3,87201294554942;1863;225,422033640951
0,1296;3,86415896391545;1861;225,644301321193
0,1298;3,8484510006475;1858;226,088836681676
0,13;3,84059701901352;1855;226,311104361917
0,1302;3,83274303737955;1852;226,533372042159
0,1304;3,82488905574557;1849;226,7556397224
0,1306;3,80918109247762;1846;227,200175082883
0,1308;3,80132711084365;1843;227,422442763125
0,131;3,7856191475757;1841;227,866978123608
0,1312;3,77776516594173;1837;228,089245803849
0,1314;3,76991118430775;1834;228,311513484091
0,1316;3,7542032210398;1831;228,756048844574
0,1318;3,73849525777185;1828;229,200584205057
0,132;3,73064127613788;1824;229,422851885298
0,1322;3,71493331286993;1820;229,867387245781
0,1324;3,70707933123596;1817;230,089654926022
0,1326;3,69922534960198;1814;230,311922606264
0,1328;3,68351738633403;1811;230,756457966747
0,133;3,67566340470006;1807;230,978725646988
0,1332;3,65995544143211;1804;231,423261007471
0,1334;3,65210145979813;1800;231,645528687713
0,1336;3,63639349653019;1797;232,090064048196
0,1338;3,62068553326224;1793;232,534599408679
0,134;3,62068553326224;1790;232,534599408679
0,1342;3,59712358836031;1787;233,201402449403
0,1344;3,58926960672634;1783;233,423670129645
0,1346;3,57356164345839;1780;233,868205490128
0,1348;3,55785368019044;1776;234,312740850611
0,135;3,55785368019044;1773;234,312740850611
0,1352;3,54214571692249;1770;234,757276211093
0,1354;3,53429173528852;1767;234,979543891335
0,1356;3,52643775365454;1763;235,201811571576
0,1358;3,50287580875262;1760;235,868614612301
0,136;3,50287580875262;1756;235,868614612301
0,1362;3,48716784548467;1753;236,313149972784
0,1364;3,46360590058275;1750;236,979953013508
0,1366;3,46360590058275;1746;236,979953013508
0,1368;3,44004395568082;1743;237,646756054233
0,137;3,44004395568082;1740;237,646756054233
0,1372;3,42433599241287;1737;238,091291414716
0,1374;3,40862802914493;1733;238,535826775199
0,1376;3,39292006587698;1730;238,980362135682
0,1378;3,385066084243;1727;239,202629815923
0,138;3,36935812097505;1723;239,647165176406
0,1382;3,3536501577071;1720;240,091700536889
0,1384;3,34579617607313;1716;240,31396821713
0,1386;3,32223423117121;1713;240,980771257855
0,1388;3,31438024953723;1709;241,203038938096
0,139;3,30652626790326;1706;241,425306618338
0,1392;3,28296432300133;1702;242,092109659062
0,1394;3,27511034136736;1699;242,314377339304
0,1396;3,25154839646544;1695;242,981180380028
0,1398;3,24369441483146;1691;243,20344806027
0,14;3,22798645156351;1688;243,647983420753
0,1402;3,22013246992954;1684;243,870251100994
0,1404;3,19657052502761;1681;244,537054141719
0,1406;3,18871654339364;1677;244,75932182196
0,1408;3,17300858012569;1673;245,203857182443
0,141;3,15730061685774;1669;245,648392542926
0,1412;3,14944663522377;1665;245,870660223167
0,1414;3,12588469032184;1661;246,537463263892
0,1416;3,11803070868787;1657;246,759730944133
0,1418;3,10232274541992;1654;247,204266304616
0,142;3,08661478215197;1650;247,648801665099
0,1422;3,07090681888402;1646;248,093337025582
0,1424;3,06305283725005;1642;248,315604705824
0,1426;3,03949089234813;1638;248,982407746548
0,1428;3,03949089234813;1634;248,982407746548
0,143;3,00807496581223;1630;249,871478467514
0,1432;3,00807496581223;1626;249,871478467514
0,1434;2,9845130209103;1622;250,538281508238
0,1436;2,96880505764235;1619;250,982816868721
0,1438;2,95309709437441;1614;251,427352229204
0,144;2,94524311274043;1611;251,649619909446
0,1442;2,91382718620453;1606;252,538690630412
0,1444;2,91382718620453;1602;252,538690630412
0,1446;2,89026524130261;1599;253,205493671136
0,1448;2,88241125966864;1595;253,427761351378
0,145;2,85884931476671;1591;254,094564392102
0,1452;2,84314135149876;1587;254,539099752585
0,1454;2,82743338823081;1583;254,983635113068
0,1456;2,81957940659684;1579;255,205902793309
0,1458;2,78816348006094;1575;256,094973514275
0,146;2,78030949842697;1571;256,317241194517
0,1462;2,76460153515902;1567;256,761776555
0,1464;2,74889357189107;1563;257,206311915483
0,1466;2,73318560862312;1560;257,650847275966
0,1468;2,71747764535517;1556;258,095382636449
0,147;2,69391570045325;1552;258,762185677173
0,1472;2,69391570045325;1549;258,762185677173
0,1474;2,66249977391735;1544;259,651256398139
0,1476;2,6467918106494;1540;260,095791758622
0,1478;2,63108384738145;1537;260,540327119105
0,148;2,6153758841135;1533;260,984862479588
0,1482;2,59966792084555;1529;261,429397840071
0,1484;2,59181393921158;1526;261,651665520312
0,1486;2,56825199430966;1522;262,318468561037
0,1488;2,55254403104171;1519;262,76300392152
0,149;2,53683606777376;1515;263,207539282003
0,1492;2,52112810450581;1511;263,652074642486
0,1494;2,51327412287183;1508;263,874342322727
0,1496;2,48185819633594;1504;264,763413043693
0,1498;2,47400421470196;1501;264,985680723934
0,15;2,45829625143401;1497;265,430216084417
0,1502;2,43473430653209;1493;266,097019125142
0,1504;2,42688032489812;1490;266,319286805383
0,1506;2,41117236163017;1487;266,763822165866
0,1508;2,38761041672824;1483;267,430625206591
0,151;2,37975643509427;1479;267,652892886832
0,1512;2,35619449019234;1476;268,319695927557
0,1514;2,3404865269244;1472;268,76423128804
0,1516;2,31692458202247;1468;269,431034328764
0,1518;2,3090706003885;1465;269,653302009006
0,152;2,28550865548657;1461;270,32010504973
0,1522;2,2776546738526;1458;270,542372729971
0,1524;2,2462387473167;1453;271,431443450937
0,1526;2,2462387473167;1450;271,431443450937
0,1528;2,23053078404875;1446;271,87597881142
0,153;2,19911485751285;1442;272,765049532386
0,1532;2,19126087587888;1438;272,987317212628
0,1534;2,16769893097696;1434;273,654120253352
0,1536;2,15199096770901;1430;274,098655613835
0,1538;2,13628300444106;1426;274,543190974318
0,154;2,12057504117311;1422;274,987726334801
0,1542;2,09701309627119;1418;275,654529375525
0,1544;2,08915911463721;1414;275,876797055767
0,1546;2,06559716973529;1409;276,543600096491
0,1548;2,04988920646734;1405;276,988135456974
0,155;2,03418124319939;1401;277,432670817457
0,1552;2,01847327993144;1397;277,87720617794
0,1554;1,99491133502952;1393;278,544009218665
0,1556;1,98705735339554;1389;278,766276898906
0,1558;1,96349540849362;1385;279,433079939631
0,156;1,94778744522567;1381;279,877615300113
0,1562;1,9399334635917;1377;280,099882980355
0,1564;1,9085175370558;1373;280,988953701321
0,1566;1,90066355542182;1369;281,211221381562
0,1568;1,8771016105199;1366;281,878024422287
0,157;1,86924762888593;1362;282,100292102528
0,1572;1,845685683984;1358;282,767095143253
0,1574;1,82997772071605;1354;283,211630503736
0,1576;1,80641577581413;1350;283,87843354446
0,1578;1,79856179418016;1347;284,100701224702
0,158;1,77499984927823;1343;284,767504265426
0,1582;1,75929188601028;1340;285,212039625909
0,1584;1,74358392274234;1335;285,656574986392
0,1586;1,72002197784041;1332;286,323378027116
0,1588;1,71216799620644;1329;286,545645707358
0,159;1,69646003293849;1325;286,990181067841
0,1592;1,67289808803656;1321;287,656984108565
0,1594;1,65719012476862;1317;288,101519469048
0,1596;1,64148216150067;1314;288,546054829531
0,1598;1,61792021659874;1310;289,212857870256
0,16;1,61792021659874;1306;289,212857870256
0,1602;1,57865030842887;1303;290,324196271463
0,1604;1,57865030842887;1299;290,324196271463
0,1606;1,55508836352695;1296;290,990999312187
0,1608;1,539380400259;1292;291,43553467267
0,161;1,52367243699105;1288;291,880070033153
0,1612;1,51581845535708;1285;292,102337713395
0,1614;1,48440252882118;1281;292,991408434361
0,1616;1,4765485471872;1277;293,213676114602
0,1618;1,45298660228528;1273;293,880479155327
0,162;1,4451326206513;1270;294,102746835568
0,1622;1,42942465738336;1267;294,547282196051
0,1624;1,41371669411541;1263;294,991817556534
0,1626;1,39015474921348;1260;295,658620597258
0,1628;1,38230076757951;1256;295,8808882775
0,163;1,35873882267759;1253;296,547691318224
0,1632;1,35873882267759;1249;296,547691318224
0,1634;1,33517687777566;1246;297,214494358949
0,1636;1,31946891450771;1242;297,659029719432
0,1638;1,30376095123976;1239;298,103565079915
0,164;1,28805298797182;1235;298,548100440398
0,1642;1,26449104306989;1232;299,214903481122
0,1644;1,26449104306989;1229;299,214903481122
0,1646;1,23307511653399;1226;300,103974202088
0,1648;1,22522113490002;1222;300,326241882329
0,165;1,20951317163207;1219;300,770777242812
0,1652;1,19380520836412;1215;301,215312603295
0,1654;1,1702432634622;1212;301,88211564402
0,1656;1,16238928182822;1209;302,104383324261
0,1658;1,1388273369263;1206;302,771186364986
0,166;1,1388273369263;1203;302,771186364986
0,1662;1,1074114103904;1200;303,660257085952
0,1664;1,09955742875643;1197;303,882524766193
0,1666;1,0759954838545;1194;304,549327806918
0,1668;1,06814150222053;1191;304,771595487159
0,167;1,04457955731861;1188;305,438398527883
0,1672;1,04457955731861;1185;305,438398527883
0,1674;1,02101761241668;1182;306,105201568608
0,1676;1,00530964914873;1179;306,549736929091
0,1678;0,989601685880785;1176;306,994272289574
0,168;0,973893722612836;1174;307,438807650057
0,1682;0,966039740978861;1171;307,661075330298
0,1684;0,950331777710912;1168;308,105610690781
0,1686;0,926769832808989;1166;308,772413731506
0,1688;0,918915851175014;1163;308,994681411747
0,169;0,895353906273091;1160;309,661484452472
0,1692;0,879645943005142;1157;310,106019812954
0,1694;0,863937979737193;1155;310,550555173437
0,1696;0,848230016469244;1152;310,99509053392
0,1698;0,832522053201295;1149;311,439625894403
0,17;0,816814089933346;1147;311,884161254886
0,1702;0,801106126665397;1144;312,328696615369
0,1704;0,785398163397448;1141;312,773231975852
0,1706;0,777544181763474;1139;312,995499656094
0,1708;0,746128255227576;1136;313,88457037706
0,171;0,746128255227576;1133;313,88457037706
0,1712;0,730420291959627;1131;314,329105737543
0,1714;0,706858347057703;1128;314,995908778267
0,1716;0,699004365423729;1125;315,218176458508
0,1718;0,68329640215578;1122;315,662711818991
0,172;0,667588438887831;1120;316,107247179474
0,1722;0,651880475619882;1117;316,551782539957
0,1724;0,636172512351933;1115;316,99631790044
0,1726;0,620464549083984;1112;317,440853260923
0,1728;0,61261056745001;1109;317,663120941165
0,173;0,589048622548086;1107;318,329923981889
0,1732;0,581194640914112;1104;318,552191662131
0,1734;0,565486677646163;1102;318,996727022614
0,1736;0,549778714378214;1099;319,441262383097
0,1738;0,541924732744239;1097;319,663530063338
0,174;0,52621676947629;1094;320,108065423821
0,1742;0,510508806208341;1092;320,552600784304
0,1744;0,494800842940392;1089;320,997136144787
0,1746;0,486946861306418;1087;321,219403825028
0,1748;0,471238898038469;1085;321,663939185511
0,175;0,463384916404495;1082;321,886206865753
0,1752;0,447676953136546;1080;322,330742226236
0,1754;0,431968989868597;1077;322,775277586719
0,1756;0,424115008234622;1075;322,99754526696
0,1758;0,408407044966673;1073;323,442080627443
0,176;0,400553063332699;1071;323,664348307685
0,1762;0,392699081698724;1069;323,886615987926
0,1764;0,361283155162826;1066;324,775686708892
0,1766;0,361283155162826;1064;324,775686708892
0,1768;0,345575191894877;1063;325,220222069375
0,177;0,329867228626928;1060;325,664757429858
0,1772;0,329867228626928;1058;325,664757429858
0,1774;0,306305283725005;1056;326,331560470582
0,1776;0,29845130209103;1054;326,553828150824
0,1778;0,290597320457056;1052;326,776095831065
0,178;0,267035375555132;1050;327,44289887179
0,1782;0,267035375555132;1048;327,44289887179
0,1784;0,251327412287183;1046;327,887434232273
0,1786;0,235619449019234;1044;328,331969592756
0,1788;0,235619449019234;1043;328,331969592756
0,179;0,212057504117311;1040;328,99877263348
0,1792;0,204203522483337;1038;329,221040313722
0,1794;0,196349540849362;1037;329,443307993963
0,1796;0,172787595947439;1035;330,110111034687
0,1798;0,164933614313464;1033;330,332378714929
0,18;0,15707963267949;1031;330,55464639517
0,1802;0,141371669411541;1029;330,999181755653
0,1804;0,133517687777566;1027;331,221449435895
0,1806;0,125663706143592;1026;331,443717116136
0,1808;0,109955742875643;1024;331,888252476619
0,181;0,109955742875643;1022;331,888252476619
0,1812;0,0863937979737193;1020;332,555055517344
0,1814;0,0785398163397448;1019;332,777323197585
0,1816;0,0785398163397448;1017;332,777323197585
0,1818;0,0549778714378214;1014;333,44412623831
0,182;0,0392699081698724;1013;333,888661598793
0,1822;0,0471238898038469;1012;333,666393918551
0,1824;0,0314159265358979;1010;334,110929279034
0,1826;0,015707963267949;1009;334,555464639517
0,1828;0,00785398163397448;1007;334,777732319759
0,183;0;1005;335
0,1832;-0,015707963267949;1004;335,444535360483
0,1834;-0,015707963267949;1002;335,444535360483
0,1836;-0,0314159265358979;1001;335,889070720966
0,1838;-0,0392699081698724;999;336,111338401207
0,184;-0,0392699081698724;997;336,111338401207
0,1842;-0,0549778714378214;996;336,55587376169
0,1844;-0,0628318530717959;994;336,778141441932
0,1846;-0,0785398163397448;992;337,222676802415
0,1848;-0,0863937979737193;991;337,444944482656
0,185;-0,0942477796076938;989;337,667212162898
0,1852;-0,102101761241668;988;337,889479843139
0,1854;-0,109955742875643;986;338,111747523381
0,1856;-0,109955742875643;985;338,111747523381
0,1858;-0,125663706143592;984;338,556282883864
0,186;-0,141371669411541;982;339,000818244347
0,1862;-0,141371669411541;980;339,000818244347
0,1864;-0,149225651045515;979;339,223085924588
0,1866;-0,164933614313464;978;339,667621285071
0,1868;-0,164933614313464;976;339,667621285071
0,187;-0,172787595947439;975;339,889888965313
0,1872;-0,180641577581413;973;340,112156645554
0,1874;-0,188495559215388;972;340,334424325795
0,1876;-0,204203522483337;971;340,778959686278
0,1878;-0,196349540849362;969;340,556692006037
0,188;-0,204203522483337;968;340,778959686278
0,1882;-0,219911485751286;966;341,223495046761
0,1884;-0,22776546738526;965;341,445762727003
0,1886;-0,22776546738526;964;341,445762727003
0,1888;-0,243473430653209;962;341,890298087486
0,189;-0,243473430653209;961;341,890298087486
0,1892;-0,251327412287183;960;342,112565767727
0,1894;-0,259181393921158;958;342,334833447969
0,1896;-0,267035375555132;957;342,55710112821
0,1898;-0,267035375555132;956;342,55710112821
0,19;-0,274889357189107;955;342,779368808452
0,1902;-0,282743338823081;953;343,001636488693
0,1904;-0,290597320457056;952;343,223904168935
0,1906;-0,29845130209103;951;343,446171849176
0,1908;-0,29845130209103;950;343,446171849176
0,191;-0,306305283725005;949;343,668439529418
0,1912;-0,306305283725005;948;343,668439529418
0,1914;-0,314159265358979;947;343,890707209659
0,1916;-0,322013246992954;946;344,112974889901
0,1918;-0,322013246992954;945;344,112974889901
0,192;-0,329867228626928;944;344,335242570142
0,1922;-0,337721210260903;943;344,557510250384
0,1924;-0,337721210260903;942;344,557510250384
0,1926;-0,337721210260903;941;344,557510250384
0,1928;-0,353429173528852;940;345,002045610867
0,193;-0,353429173528852;940;345,002045610867
0,1932;-0,353429173528852;939;345,002045610867
0,1934;-0,369137136796801;938;345,446580971349
0,1936;-0,361283155162826;937;345,224313291108
0,1938;-0,369137136796801;936;345,446580971349
0,194;-0,369137136796801;935;345,446580971349
0,1942;-0,369137136796801;935;345,446580971349
0,1944;-0,38484510006475;934;345,891116331832
0,1946;-0,38484510006475;933;345,891116331832
0,1948;-0,392699081698724;932;346,113384012074
0,195;-0,392699081698724;932;346,113384012074
0,1952;-0,392699081698724;931;346,113384012074
0,1954;-0,392699081698724;930;346,113384012074
0,1956;-0,400553063332699;930;346,335651692315
0,1958;-0,400553063332699;929;346,335651692315
0,196;-0,400553063332699;928;346,335651692315
0,1962;-0,408407044966673;928;346,557919372557
0,1964;-0,416261026600648;927;346,780187052798
0,1966;-0,416261026600648;927;346,780187052798
0,1968;-0,424115008234622;926;347,00245473304
0,197;-0,424115008234622;925;347,00245473304
0,1972;-0,424115008234622;925;347,00245473304
0,1974;-0,424115008234622;924;347,00245473304
0,1976;-0,424115008234622;923;347,00245473304
0,1978;-0,431968989868597;922;347,224722413281
0,198;-0,431968989868597;922;347,224722413281
0,1982;-0,431968989868597;921;347,224722413281
0,1984;-0,431968989868597;921;347,224722413281
0,1986;-0,439822971502571;920;347,446990093523
0,1988;-0,439822971502571;920;347,446990093523
0,199;-0,439822971502571;919;347,446990093523
0,1992;-0,439822971502571;918;347,446990093523
0,1994;-0,447676953136546;917;347,669257773764
0,1996;-0,447676953136546;917;347,669257773764
0,1998;-0,447676953136546;917;347,669257773764
0,2;-0,439822971502571;916;347,446990093523
