time (ms),channelA(V),channelB(V)
0,0.1,0
10,0.4,0
20,0.7,0
30,1,0
40,1.3,0
50,1.6,0
60,1.9,0
70,2.2,0
80,2.6,0
90,2.9,0
100,3.2,0
110,3.5,0
120,3.7,0
130,4,0.1
140,4.3,0.2
150,4.6,0.4
160,4.9,0.6
170,5.1,0.9
180,5.4,1.1
190,5.7,1.4
200,5.9,1.6
210,6.2,1.8
220,6.4,2.1
230,6.7,2.3
240,6.9,2.5
250,7.1,2.7
260,7.3,2.9
270,7.5,3.1
280,7.7,3.3
290,7.9,3.5
300,8.1,3.7
310,8.3,3.9
320,8.5,4
330,8.6,4.2
340,8.8,4.4
350,8.9,4.5
360,9.1,4.6
370,9.2,4.8
380,9.3,4.9
390,9.4,5
400,9.5,5.1
410,9.6,5.2
420,9.7,5.2
430,9.8,5.3
440,9.8,5.4
450,9.9,5.4
460,9.9,5.5
470,10,5.5
480,10,5.5
490,10,5.5
500,10,5.5
510,10,5.5
520,10,5.5
530,9.9,5.5
540,9.9,5.4
550,9.9,5.4
560,9.8,5.3
570,9.7,5.3
580,9.7,5.2
590,9.6,5.1
600,9.5,5
610,9.4,4.9
620,9.3,4.8
630,9.1,4.7
640,9,4.6
650,8.9,4.4
660,8.7,4.3
670,8.6,4.1
680,8.4,4
690,8.2,3.8
700,8,3.6
710,7.8,3.4
720,7.6,3.2
730,7.4,3
740,7.2,2.8
750,7,2.6
760,6.8,2.4
770,6.5,2.2
780,6.3,2
790,6.1,1.7
800,5.8,1.5
810,5.6,1.3
820,5.3,1
830,5,0.8
840,4.7,0.5
850,4.5,0.3
860,4.2,0.1
870,3.9,0
880,3.6,0
890,3.3,0
900,3,0
910,2.7,0
920,2.4,0
930,2.1,0
940,1.8,0
950,1.5,0
960,1.2,0
970,0.9,0
980,0.5,0
990,0.2,0
1000,-0.1,0
1010,-0.4,0
1020,-0.7,0
1030,-1,0
1040,-1.3,0
1050,-1.6,0
1060,-2,0
1070,-2.3,0
1080,-2.6,0
1090,-2.9,0
1100,-3.2,0
1110,-3.5,0
1120,-3.8,0.1
1130,-4,0.3
1140,-4.3,0.5
1150,-4.6,0.8
1160,-4.9,1
1170,-5.2,1.2
1180,-5.4,1.5
1190,-5.7,1.7
1200,-5.9,2
1210,-6.2,2.2
1220,-6.4,2.4
1230,-6.7,2.6
1240,-6.9,2.9
1250,-7.1,3.1
1260,-7.3,3.3
1270,-7.6,3.5
1280,-7.8,3.7
1290,-7.9,3.9
1300,-8.1,4
1310,-8.3,4.2
1320,-8.5,4.4
1330,-8.6,4.5
1340,-8.8,4.7
1350,-8.9,4.8
1360,-9.1,4.9
1370,-9.2,5.1
1380,-9.3,5.2
1390,-9.4,5.3
1400,-9.5,5.4
1410,-9.6,5.5
1420,-9.7,5.6
1430,-9.8,5.6
1440,-9.8,5.7
1450,-9.9,5.7
1460,-9.9,5.8
1470,-10,5.8
1480,-10,5.8
1490,-10,5.8
1500,-10,5.8
1510,-10,5.8
1520,-10,5.8
1530,-10,5.8
1540,-9.9,5.8
1550,-9.9,5.7
1560,-9.8,5.7
1570,-9.7,5.6
1580,-9.7,5.5
1590,-9.6,5.4
1600,-9.5,5.3
1610,-9.4,5.2
1620,-9.3,5.1
1630,-9.1,5
1640,-9,4.9
1650,-8.9,4.8
1660,-8.7,4.6
1670,-8.6,4.5
1680,-8.4,4.3
1690,-8.2,4.1
1700,-8.1,4
1710,-7.9,3.8
1720,-7.7,3.6
1730,-7.5,3.4
1740,-7.2,3.2
1750,-7,3
1760,-6.8,2.8
1770,-6.6,2.5
1780,-6.3,2.3
1790,-6.1,2.1
1800,-5.8,1.8
1810,-5.6,1.6
1820,-5.3,1.4
1830,-5,1.1
1840,-4.8,0.9
1850,-4.5,0.6
1860,-4.2,0.4
1870,-3.9,0.2
1880,-3.6,0.1
1890,-3.3,0
1900,-3,0
1910,-2.7,0
1920,-2.4,0
1930,-2.1,0
1940,-1.8,0
1950,-1.5,0
1960,-1.2,0
1970,-0.9,0
1980,-0.6,0
1990,-0.2,0
2000,0.1,0
2010,0.4,0
2020,0.7,0
2030,1,0
2040,1.3,0
2050,1.6,0
2060,1.9,0
2070,2.3,0
2080,2.6,0
2090,2.9,0
2100,3.2,0
2110,3.5,0
2120,3.8,0
2130,4,0.1
2140,4.3,0.2
2150,4.6,0.4
2160,4.9,0.6
2170,5.1,0.9
2180,5.4,1.1
2190,5.7,1.4
2200,5.9,1.6
2210,6.2,1.8
2220,6.4,2.1
2230,6.7,2.3
2240,6.9,2.5
2250,7.1,2.7
2260,7.3,2.9
2270,7.5,3.1
2280,7.7,3.3
2290,7.9,3.5
2300,8.1,3.7
2310,8.3,3.9
2320,8.5,4
2330,8.6,4.2
2340,8.8,4.4
2350,8.9,4.5
2360,9.1,4.6
2370,9.2,4.8
2380,9.3,4.9
2390,9.4,5
2400,9.5,5.1
2410,9.6,5.2
2420,9.7,5.2
2430,9.8,5.3
2440,9.8,5.4
2450,9.9,5.4
2460,9.9,5.5
2470,10,5.5
2480,10,5.5
2490,10,5.5
2500,10,5.5
2510,10,5.5
2520,10,5.5
2530,9.9,5.5
2540,9.9,5.4
2550,9.9,5.4
2560,9.8,5.3
2570,9.7,5.3
2580,9.7,5.2
2590,9.6,5.1
2600,9.5,5
2610,9.4,4.9
2620,9.3,4.8
2630,9.1,4.7
2640,9,4.6
2650,8.9,4.4
2660,8.7,4.3
2670,8.6,4.1
2680,8.4,4
2690,8.2,3.8
2700,8,3.6
2710,7.8,3.4
2720,7.6,3.2
2730,7.4,3
2740,7.2,2.8
2750,7,2.6
2760,6.8,2.4
2770,6.5,2.2
2780,6.3,2
2790,6.1,1.7
2800,5.8,1.5
2810,5.6,1.2
2820,5.3,1
2830,5,0.8
2840,4.7,0.5
2850,4.5,0.3
2860,4.2,0.1
2870,3.9,0
2880,3.6,0
2890,3.3,0
2900,3,0
2910,2.7,0
2920,2.4,0
2930,2.1,0
2940,1.8,0
2950,1.5,0
2960,1.2,0
2970,0.9,0
2980,0.5,0
2990,0.2,0
3000,-0.1,0
3010,-0.4,0
3020,-0.7,0
3030,-1,0
3040,-1.3,0
3050,-1.6,0
3060,-2,0
3070,-2.3,0
3080,-2.6,0
3090,-2.9,0
3100,-3.2,0
3110,-3.5,0
3120,-3.8,0.1
3130,-4,0.3
3140,-4.3,0.5
3150,-4.6,0.8
3160,-4.9,1
3170,-5.2,1.2
3180,-5.4,1.5
3190,-5.7,1.7
3200,-5.9,2
3210,-6.2,2.2
3220,-6.4,2.4
3230,-6.7,2.6
3240,-6.9,2.9
3250,-7.1,3.1
3260,-7.3,3.3
3270,-7.6,3.5
3280,-7.8,3.7
3290,-8,3.9
3300,-8.1,4
3310,-8.3,4.2
3320,-8.5,4.4
3330,-8.6,4.5
3340,-8.8,4.7
3350,-8.9,4.8
3360,-9.1,5
3370,-9.2,5.1
3380,-9.3,5.2
3390,-9.4,5.3
3400,-9.5,5.4
3410,-9.6,5.5
3420,-9.7,5.6
3430,-9.8,5.6
3440,-9.8,5.7
3450,-9.9,5.7
3460,-9.9,5.8
3470,-10,5.8
3480,-10,5.8
3490,-10,5.8
3500,-10,5.8
3510,-10,5.8
3520,-10,5.8
3530,-10,5.8
3540,-9.9,5.8
3550,-9.9,5.7
3560,-9.8,5.7
3570,-9.7,5.6
3580,-9.7,5.5
3590,-9.6,5.4
3600,-9.5,5.3
3610,-9.4,5.2
3620,-9.3,5.1
3630,-9.2,5
3640,-9,4.9
3650,-8.9,4.7
3660,-8.7,4.6
3670,-8.6,4.5
3680,-8.4,4.3
3690,-8.2,4.1
3700,-8,4
3710,-7.9,3.8
3720,-7.7,3.6
3730,-7.5,3.4
3740,-7.2,3.2
3750,-7,3
3760,-6.8,2.8
3770,-6.6,2.5
3780,-6.3,2.3
3790,-6.1,2.1
3800,-5.8,1.8
3810,-5.6,1.6
3820,-5.3,1.4
3830,-5,1.1
3840,-4.7,0.9
3850,-4.5,0.6
3860,-4.2,0.4
3870,-3.9,0.2
3880,-3.6,0.1
3890,-3.3,0
3900,-3,0
3910,-2.7,0
3920,-2.4,0
3930,-2.1,0
3940,-1.8,0
3950,-1.5,0
3960,-1.2,0
3970,-0.9,0
3980,-0.6,0
3990,-0.2,0
4000,0.1,0
4010,0.4,0
4020,0.7,0
4030,1,0
4040,1.3,0
4050,1.6,0
4060,1.9,0
4070,2.3,0
4080,2.6,0
4090,2.9,0
4100,3.2,0
4110,3.5,0
4120,3.7,0
4130,4,0.1
4140,4.3,0.2
4150,4.6,0.4
4160,4.9,0.6
4170,5.2,0.9
4180,5.4,1.1
4190,5.7,1.4
4200,5.9,1.6
4210,6.2,1.8
4220,6.4,2.1
4230,6.7,2.3
4240,6.9,2.5
4250,7.1,2.7
4260,7.3,2.9
4270,7.5,3.1
4280,7.7,3.3
4290,7.9,3.5
4300,8.1,3.7
4310,8.3,3.9
4320,8.5,4
4330,8.6,4.2
4340,8.8,4.4
4350,8.9,4.5
4360,9.1,4.6
4370,9.2,4.7
4380,9.3,4.9
4390,9.4,5
4400,9.5,5.1
4410,9.6,5.2
4420,9.7,5.2
4430,9.8,5.3
4440,9.8,5.4
4450,9.9,5.4
4460,9.9,5.5
4470,10,5.5
4480,10,5.5
4490,10,5.5
4500,10,5.5
4510,10,5.5
4520,10,5.5
4530,9.9,5.5
4540,9.9,5.4
4550,9.9,5.4
4560,9.8,5.3
4570,9.7,5.3
4580,9.7,5.2
4590,9.6,5.1
4600,9.5,5
4610,9.4,4.9
4620,9.3,4.8
4630,9.1,4.7
4640,9,4.6
4650,8.9,4.4
4660,8.7,4.3
4670,8.6,4.1
4680,8.4,4
4690,8.2,3.8
4700,8,3.6
4710,7.8,3.4
4720,7.6,3.2
4730,7.4,3
4740,7.2,2.8
4750,7,2.6
4760,6.8,2.4
4770,6.5,2.2
4780,6.3,2
4790,6.1,1.7
4800,5.8,1.5
4810,5.5,1.2
4820,5.3,1
4830,5,0.8
4840,4.7,0.5
4850,4.5,0.3
4860,4.2,0.1
4870,3.9,0
4880,3.6,0
4890,3.3,0
4900,3,0
4910,2.7,0
4920,2.4,0
4930,2.1,0
4940,1.8,0
4950,1.5,0
4960,1.2,0
4970,0.9,0
4980,0.5,0
4990,0.2,0
5000,-0.1,0