spek,w,,,,g,,b,,r,
350,-0.30005,350,-3.10006,350,2.96076,350,0.16498,350,-3.69727
351,0.19297,351,-1.45044,351,-2.75928,351,1.07481,351,-1.8063
352,1.30489,352,1.31348,352,1.01837,352,-1.29702,352,0.3006
353,-0.14658,353,3.40091,353,0.83075,353,1.04037,353,3.62322
354,-1.05122,354,-0.1639,354,-2.0506,354,-0.98313,354,1.57975
355,1.79842,355,-1.8283,355,-1.14906,355,3.1266,355,0.59183
356,3.81145,356,0.96271,356,3.85946,356,0.30278,356,1.16096
357,0.42242,357,-1.56391,357,-1.34973,357,1.37456,357,-1.6206
358,0.52833,358,0.22767,358,1.86185,358,0.00765,358,-0.87134
359,1.04927,359,0.08249,359,3.13903,359,1.22019,359,-4.18273
360,1.20169,360,-1.09839,360,0.86119,360,0.79298,360,-2.57519
361,2.83757,361,-0.97022,361,4.33615,361,1.22963,361,4.2973
362,-1.5039,362,-0.19195,362,-0.42924,362,-1.04693,362,1.47524
363,1.6945,363,-1.34124,363,3.76034,363,1.98182,363,1.42089
364,-0.76464,364,2.99521,364,1.18856,364,-0.93018,364,3.54195
365,4.15311,365,0.22521,365,3.91047,365,2.00222,365,1.76955
366,4.5871,366,-0.88718,366,2.87423,366,-2.80996,366,-1.82945
367,-1.12785,367,-1.00071,367,-3.30458,367,0.48814,367,0.93225
368,4.8614,368,0.51594,368,1.97754,368,0.07004,368,2.67849
369,4.54934,369,2.1624,369,6.52102,369,2.25535,369,0.98129
370,1.14214,370,-4.25655,370,4.17527,370,1.3209,370,-1.08797
371,8.70027,371,3.07138,371,0.01541,371,1.46531,371,0.046
372,2.4685,372,3.66671,372,0.23388,372,1.74349,372,0.11568
373,0.90734,373,3.10496,373,-1.98978,373,-0.65356,373,3.51847
374,5.7175,374,1.91848,374,0.77846,374,5.07534,374,-0.70968
375,0.02728,375,-1.39742,375,-2.37443,375,0.04738,375,5.25708
376,2.41077,376,2.69892,376,3.67323,376,2.78329,376,3.7843
377,5.57051,377,1.04007,377,6.08024,377,-0.96334,377,-0.40896
378,0.00987,378,2.59455,378,6.38479,378,-0.46327,378,0.87116
379,4.91305,379,-1.34765,379,3.86326,379,5.48665,379,3.96975
380,1.82994,380,0.554,380,2.02727,380,-0.08242,380,4.90513
381,5.26626,381,2.2247,381,5.42659,381,5.87497,381,3.80208
382,0.88991,382,2.20854,382,0.89799,382,0.11791,382,1.53539
383,6.56881,383,1.73286,383,4.5159,383,1.78764,383,2.64131
384,6.39451,384,9.45901,384,2.85842,384,2.48907,384,2.57943
385,4.69116,385,2.87926,385,2.80673,385,7.05124,385,0.29663
386,6.62678,386,2.88409,386,0.03914,386,5.47829,386,7.93977
387,7.38379,387,2.21073,387,5.47347,387,0.68104,387,3.27171
388,4.70337,388,1.05844,388,3.65326,388,5.11193,388,1.41859
389,4.24818,389,1.83649,389,2.4306,389,3.5729,389,6.33184
390,7.84037,390,1.40949,390,1.50244,390,6.98556,390,3.61823
391,1.86354,391,1.11578,391,4.70603,391,10.86777,391,1.30164
392,8.16459,392,1.87013,392,5.7845,392,8.657,392,5.33512
393,4.10646,393,4.84573,393,5.57464,393,9.95805,393,1.96062
394,3.77771,394,3.38395,394,8.11905,394,-1.86479,394,4.11034
395,7.48528,395,3.57772,395,7.46245,395,5.39428,395,7.21702
396,3.6466,396,7.55319,396,-0.36521,396,2.96023,396,4.86961
397,9.08922,397,6.06634,397,2.55264,397,7.06523,397,0.14715
398,5.1815,398,1.84017,398,3.16644,398,4.82066,398,2.88448
399,7.89812,399,3.12654,399,1.93985,399,1.68504,399,5.55141
400,11.47132,400,7.29327,400,5.96503,400,3.62703,400,1.92766
401,9.14687,401,3.25111,401,3.63199,401,4.74181,401,2.85885
402,6.70833,402,7.77459,402,1.95524,402,4.21687,402,1.04167
403,8.91252,403,3.38588,403,4.82475,403,8.49072,403,1.05123
404,10.44172,404,0.84788,404,3.48236,404,5.45748,404,4.75081
405,10.60386,405,0.93087,405,2.84131,405,5.15127,405,6.2783
406,9.37515,406,5.47487,406,6.21987,406,4.25037,406,3.43865
407,7.8516,407,1.45453,407,4.88662,407,4.51534,407,0.54759
408,15.70544,408,2.91322,408,4.77675,408,4.08613,408,3.28591
409,20.32118,409,7.72902,409,6.88342,409,9.37273,409,6.23532
410,10.22725,410,7.7171,410,3.04812,410,7.38155,410,6.76609
411,41.65674,411,35.81925,411,36.62141,411,43.00488,411,36.16463
412,12.22304,412,4.5948,412,3.97292,412,6.58646,412,7.17545
413,16.72654,413,5.31049,413,5.07,413,8.27588,413,5.50642
414,20.75263,414,3.96938,414,2.8339,414,3.12124,414,5.24874
415,19.00515,415,2.48615,415,6.03306,415,2.21104,415,5.86405
416,29.55815,416,8.03358,416,10.27125,416,9.14423,416,7.63257
417,26.55672,417,5.95124,417,2.72503,417,7.1598,417,2.27167
418,35.06534,418,1.65717,418,1.87226,418,9.12579,418,3.7025
419,38.91912,419,1.57625,419,5.11973,419,5.04753,419,3.29368
420,37.6229,420,2.94079,420,1.62777,420,0.02477,420,2.42904
421,44.53343,421,4.65818,421,4.66529,421,5.35083,421,4.19531
422,63.16973,422,7.65759,422,9.48656,422,7.2713,422,11.69036
423,66.67802,423,4.9547,423,5.72478,423,9.10313,423,5.27099
424,70.86938,424,5.89856,424,2.90791,424,10.08709,424,3.00143
425,88.9632,425,5.2799,425,2.34003,425,8.52915,425,2.6205
426,95.69332,426,3.90893,426,4.77832,426,9.09819,426,4.28563
427,114.3727,427,2.37291,427,6.52603,427,8.37945,427,7.04861
428,140.32434,428,3.74714,428,6.81635,428,7.22293,428,4.12109
429,155.89578,429,6.93237,429,0.84275,429,9.03556,429,2.2376
430,179.95694,430,5.19802,430,4.28781,430,11.24084,430,3.60527
431,223.11084,431,3.22464,431,4.3343,431,11.75442,431,1.85009
432,265.35975,432,5.81563,432,4.81634,432,11.29764,432,9.15238
433,327.85511,433,3.49687,433,2.73635,433,12.72544,433,7.05141
434,390.65391,434,6.30896,434,3.56043,434,17.58875,434,4.08499
435,473.76398,435,9.93099,435,4.05934,435,23.09215,435,7.06532
436,568.30415,436,3.15548,436,7.50293,436,24.19543,436,4.70607
437,722.24157,437,5.67303,437,3.29108,437,20.57222,437,3.24276
438,849.9523,438,7.72283,438,4.62254,438,28.88985,438,5.3112
439,1072.89321,439,8.30475,439,6.29747,439,43.73242,439,5.09991
440,1310.99585,440,2.61687,440,4.46259,440,38.9618,440,4.31068
441,1576.77398,441,2.75996,441,3.35733,441,41.72216,441,4.22586
442,1855.2061,442,5.32997,442,4.51455,442,49.88158,442,2.34475
443,2186.0941,443,5.72703,443,6.95793,443,62.26274,443,8.07543
444,2507.33433,444,7.31566,444,4.53443,444,74.22267,444,4.91776
445,2833.33356,445,1.0412,445,1.71657,445,78.05776,445,2.20198
446,3153.11321,446,5.51079,446,5.45811,446,93.70104,446,4.04534
447,3408.71886,447,5.99486,447,3.34277,447,100.7398,447,3.77041
448,3704.76171,448,7.93159,448,3.84535,448,117.20766,448,3.2384
449,3914.44442,449,6.94049,449,2.37083,449,133.49143,449,8.38861
450,3946.15511,450,8.69923,450,2.03472,450,148.99999,450,2.90478
451,3946.70679,451,7.54644,451,7.13947,451,176.00659,451,3.37696
452,3946.70679,452,8.50911,452,5.34291,452,186.61926,452,6.9404
453,3946.70679,453,6.74013,453,6.22885,453,218.55411,453,5.09259
454,3946.65226,454,3.01891,454,4.59244,454,253.616,454,4.85213
455,3923.90769,455,4.65617,455,1.39607,455,279.94132,455,1.74579
456,3719.68161,456,2.11746,456,0.08709,456,317.95444,456,1.06475
457,3446.7727,457,10.10973,457,2.79435,457,371.27167,457,5.58542
458,3316.47533,458,3.80569,458,5.71443,458,433.53994,458,1.24843
459,3110.82349,459,3.68905,459,5.80143,459,516.62255,459,8.59478
460,2935.29777,460,3.51329,460,1.3073,460,627.94392,460,3.75721
461,2751.95442,461,9.81189,461,5.99366,461,751.66269,461,6.33304
462,2637.40284,462,4.52164,462,3.0389,462,933.7835,462,5.38403
463,2453.50341,463,1.85961,463,2.72219,463,1060.22539,463,4.71672
464,2382.36453,464,2.46154,464,8.78256,464,1309.23869,464,6.31108
465,2319.23423,465,2.7848,465,7.7303,465,1580.55176,465,4.57758
466,2316.20697,466,7.9219,466,4.09436,466,1882.10306,466,7.92984
467,2249.68568,467,5.54941,467,6.59162,467,2205.21223,467,1.86635
468,2201.44207,468,4.90594,468,4.76028,468,2458.59119,468,5.31607
469,2180.91047,469,6.69834,469,4.09748,469,2825.09406,469,1.75722
470,2119.61153,470,11.43837,470,5.71222,470,3072.62658,470,4.4591
471,2098.39085,471,6.48654,471,5.96177,471,3347.72197,471,2.63088
472,2006.40783,472,4.75906,472,4.35416,472,3518.0401,472,4.10572
473,1913.54746,473,1.67828,473,5.0098,473,3645.63744,473,6.24846
474,1764.95106,474,6.17704,474,6.68474,474,3547.54308,474,1.93576
475,1647.929,475,4.96041,475,5.79641,475,3428.02636,475,5.32112
476,1510.61148,476,5.32672,476,4.45018,476,3283.44323,476,5.15422
477,1377.67225,477,6.36307,477,5.72784,477,3024.79744,477,2.65544
478,1291.41725,478,2.73995,478,3.8824,478,2772.67102,478,7.95922
479,1152.99921,479,1.36818,479,1.64003,479,2501.67695,479,2.9878
480,1066.7025,480,6.11277,480,6.51945,480,2290.56852,480,6.08466
481,1004.92268,481,6.67481,481,8.2132,481,2073.49639,481,6.21872
482,957.46893,482,3.91304,482,4.71516,482,1909.56661,482,6.2406
483,903.81112,483,1.06266,483,3.88229,483,1756.26927,483,2.68899
484,892.06359,484,10.89366,484,5.56607,484,1635.50692,484,6.69734
485,816.32336,485,6.31947,485,4.27188,485,1476.86797,485,5.66717
486,809.26646,486,3.10144,486,6.8589,486,1393.1696,486,4.52412
487,761.34217,487,6.02359,487,6.61156,487,1247.11804,487,4.0723
488,749.35025,488,4.57814,488,6.83423,488,1176.68074,488,4.56346
489,761.88419,489,1.97505,489,3.49843,489,1116.45371,489,9.09484
490,753.12953,490,8.89543,490,3.75072,490,1045.73694,490,4.2899
491,733.42275,491,2.64989,491,6.93494,491,962.23375,491,2.16392
492,711.49011,492,3.09951,492,3.57191,492,869.90848,492,8.8127
493,706.30226,493,7.92217,493,12.74784,493,750.00952,493,5.21062
494,861.3052,494,2.64269,494,6.98408,494,767.35466,494,7.09686
495,895.46296,495,8.22353,495,6.63681,495,791.8315,495,4.00124
496,853.54853,496,5.49447,496,2.368,496,644.07054,496,3.38375
497,896.77859,497,1.00397,497,9.94028,497,599.62088,497,1.27083
498,951.80945,498,8.50164,498,1.22385,498,551.15893,498,3.65534
499,976.958,499,2.41408,499,1.17704,499,499.19084,499,3.25334
500,1074.55213,500,5.95894,500,9.59152,500,468.70002,500,4.2147
501,1144.64283,501,7.09799,501,9.73255,501,449.07641,501,-1.19707
502,1249.29929,502,4.94432,502,2.29017,502,412.42926,502,9.08714
503,1316.80223,503,2.4527,503,5.68268,503,399.60696,503,4.04681
504,1442.18952,504,4.95788,504,9.86648,504,377.18993,504,7.24717
505,1526.97211,505,7.1072,505,8.87189,505,349.50581,505,6.1668
506,1628.32094,506,6.34632,506,8.84177,506,338.98279,506,3.17697
507,1731.70452,507,5.39596,507,6.59808,507,326.36434,507,-0.10639
508,1847.02639,508,5.99928,508,4.92546,508,320.93075,508,4.36381
509,1931.66223,509,5.16442,509,7.81887,509,288.16744,509,6.43305
510,2027.45692,510,6.23381,510,5.44051,510,253.55133,510,0.91802
511,2120.5165,511,8.17888,511,4.89987,511,241.45794,511,3.0984
512,2158.76344,512,0.92967,512,5.7662,512,227.06415,512,6.28671
513,2210.12626,513,7.08686,513,10.54923,513,202.25541,513,4.09391
514,2254.22763,514,9.75915,514,6.20301,514,185.89519,514,0.61516
515,2262.3277,515,5.42306,515,5.95022,515,160.12166,515,4.60524
516,2288.69853,516,3.91101,516,6.76899,516,138.08787,516,4.30241
517,2226.1697,517,5.30535,517,12.76974,517,117.41481,517,5.09453
518,2237.36624,518,6.67807,518,12.22253,518,112.55404,518,4.75202
519,2208.7073,519,9.4285,519,7.54559,519,101.22784,519,3.55883
520,2178.58991,520,4.89822,520,10.79654,520,91.06718,520,5.29034
521,2130.02395,521,5.87491,521,14.69329,521,81.24722,521,4.53602
522,2059.6805,522,2.89183,522,9.04191,522,65.1335,522,3.90628
523,2039.87507,523,5.05255,523,8.66686,523,58.15673,523,5.87809
524,1995.66483,524,2.96033,524,15.71724,524,51.18471,524,-1.70987
525,1975.1747,525,3.41035,525,13.06968,525,50.81673,525,1.46926
526,1935.12383,526,2.2843,526,12.86033,526,43.59874,526,3.51577
527,1889.67629,527,4.72504,527,14.17372,527,40.56928,527,2.08223
528,1893.15121,528,1.35959,528,19.92685,528,39.9193,528,4.12676
529,1866.63501,529,3.76365,529,18.7229,529,33.88501,529,2.82029
530,1879.53668,530,3.52337,530,23.54805,530,32.61222,530,1.198
531,1895.15673,531,12.77454,531,29.30912,531,31.38503,531,6.96023
532,1858.95511,532,7.12528,532,28.93655,532,25.29115,532,6.50456
533,1835.43912,533,6.0792,533,24.44358,533,28.5996,533,5.31386
534,1822.7218,534,5.89084,534,35.7306,534,18.60874,534,2.02698
535,1879.56829,535,3.44422,535,42.39271,535,22.8527,535,3.76183
536,1909.17161,536,4.19103,536,48.65725,536,19.68741,536,6.2733
537,1856.91144,537,7.02342,537,42.5585,537,15.26027,537,2.39219
538,1929.326,538,2.57963,538,56.96324,538,19.50009,538,5.6919
539,1935.18859,539,3.88407,539,69.18778,539,17.66016,539,3.33959
540,1964.44484,540,6.1975,540,75.806,540,19.99577,540,2.30485
541,1983.24798,541,-0.07255,541,88.88855,541,13.02047,541,2.24834
542,2041.53356,542,2.60525,542,110.32197,542,18.25241,542,7.13015
543,2089.35832,543,2.67326,543,132.77313,543,13.75969,543,-0.66711
544,2138.59863,544,7.68917,544,162.60415,544,16.05073,544,5.39988
545,2209.8552,545,1.8185,545,182.45843,545,15.87654,545,3.20165
546,2240.16714,546,2.83766,546,217.38171,546,7.94449,546,3.86753
547,2302.90932,547,5.39962,547,274.76322,547,19.04394,547,8.01854
548,2349.02232,548,1.93855,548,319.06935,548,9.69377,548,1.70467
549,2429.94038,549,8.0558,549,398.94604,549,10.73404,549,3.16662
550,2487.09751,550,6.79738,550,465.88135,550,15.16903,550,4.28148
551,2545.90691,551,4.10725,551,585.74577,551,10.01931,551,2.1965
552,2615.2596,552,6.2274,552,734.55277,552,10.82125,552,5.18064
553,2655.40101,553,5.30667,553,906.03775,553,5.6403,553,1.60492
554,2721.02059,554,2.39064,554,1064.02806,554,10.59178,554,1.57599
555,2752.99359,555,5.05111,555,1204.97592,555,9.19937,555,4.332
556,2767.26968,556,1.86057,556,1330.8442,556,8.90419,556,-1.97492
557,2817.7866,557,2.95705,557,1476.0751,557,9.40169,557,0.07304
558,2781.79904,558,5.08891,558,1553.50618,558,6.32081,558,3.25852
559,2762.30458,559,5.11336,559,1624.31349,559,3.19618,559,3.53508
560,2723.16661,560,5.69503,560,1687.52479,560,6.31576,560,5.02271
561,2731.65929,561,3.094,561,1741.55986,561,4.0882,561,5.71538
562,2679.49316,562,3.34022,562,1740.66283,562,9.19792,562,1.08742
563,2624.89227,563,1.48178,563,1726.18274,563,5.58883,563,2.7191
564,2559.2591,564,2.51214,564,1724.22619,564,12.05858,564,6.94712
565,2532.92423,565,-0.11621,565,1721.62667,565,7.90361,565,-0.91515
566,2429.0632,566,1.47304,566,1738.76777,566,6.0747,566,2.81892
567,2353.29624,567,3.7799,567,1700.46424,567,6.27076,567,4.84547
568,2320.58977,568,6.14047,568,1605.96506,568,4.18257,568,4.64745
569,2251.93897,569,4.90951,569,1522.2315,569,7.90308,569,1.50701
570,2149.39622,570,2.939,570,1408.80952,570,6.03524,570,5.45304
571,2105.56819,571,9.49822,571,1303.01654,571,12.7503,571,7.48349
572,2051.11216,572,1.63906,572,1203.90458,572,2.79665,572,2.1708
573,1967.14749,573,3.68305,573,1078.88402,573,3.26977,573,5.58105
574,1941.95107,574,2.44047,574,990.2905,574,0.16441,574,2.60452
575,1865.44689,575,2.07511,575,910.56659,575,1.24774,575,5.9268
576,1816.33193,576,6.26652,576,817.58885,576,4.58089,576,2.96027
577,1797.64582,577,2.46117,577,772.99545,577,6.45133,577,8.61868
578,1770.56697,578,1.90309,578,737.50074,578,9.26521,578,8.66434
579,1745.98045,579,1.1139,579,659.5141,579,5.81068,579,6.23214
580,1680.64772,580,5.7444,580,624.54722,580,4.92333,580,11.03593
581,1657.62248,581,7.02738,581,581.95045,581,4.53622,581,3.99893
582,1632.66515,582,6.50586,582,544.13084,582,4.21885,582,1.84813
583,1625.78955,583,4.0411,583,518.54011,583,2.86145,583,5.39996
584,1603.30083,584,2.84551,584,480.2171,584,3.36888,584,7.04305
585,1600.69712,585,0.9349,585,441.72546,585,2.03562,585,5.25402
586,1596.7301,586,4.23103,586,417.92791,586,0.42383,586,11.84666
587,1576.83021,587,3.72434,587,393.6017,587,6.17833,587,10.54315
588,1569.68843,588,4.845,588,361.66544,588,2.42142,588,4.57639
589,1559.57063,589,2.92461,589,341.94984,589,5.07101,589,5.32205
590,1574.9313,590,2.98661,590,315.90822,590,6.20287,590,7.21487
591,1571.78192,591,3.68925,591,293.72187,591,3.92381,591,9.92695
592,1581.36333,592,32.46921,592,315.85732,592,32.12262,592,34.88963
593,1577.17124,593,6.52178,593,265.06748,593,7.34609,593,11.74835
594,1575.49038,594,1.23076,594,236.51002,594,3.75393,594,16.86637
595,1596.85882,595,3.76496,595,222.53836,595,1.69921,595,13.83492
596,1614.34679,596,2.63618,596,211.15382,596,6.75083,596,14.40473
597,1620.60509,597,5.27177,597,209.48024,597,6.87612,597,16.3417
598,1616.79511,598,3.79844,598,190.57172,598,6.14604,598,26.06558
599,1613.30808,599,2.2254,599,180.91297,599,4.20181,599,22.07822
600,1618.05818,600,5.32662,600,174.22291,600,5.78206,600,30.92133
601,1638.87542,601,5.3887,601,153.56249,601,5.34493,601,36.5584
602,1649.12913,602,4.89626,602,152.5805,602,4.32356,602,47.41911
603,1649.41758,603,4.67964,603,138.8543,603,3.60432,603,49.36009
604,1677.06231,604,2.04679,604,133.24986,604,3.68086,604,56.91334
605,1654.12786,605,1.67796,605,124.62102,605,4.52061,605,74.42377
606,1654.17493,606,4.50951,606,109.84101,606,4.98943,606,82.47963
607,1644.09694,607,5.04959,607,104.88141,607,5.2919,607,98.02997
608,1625.2581,608,4.0363,608,109.54968,608,4.00851,608,114.65842
609,1616.13599,609,4.80736,609,98.98998,609,8.77294,609,124.68497
610,1604.63797,610,3.07705,610,85.77617,610,6.05735,610,152.05339
611,1555.00295,611,0.83839,611,83.87377,611,3.80115,611,170.2541
612,1497.77303,612,1.53483,612,76.63358,612,3.36302,612,191.81842
613,1439.71266,613,4.99558,613,62.78627,613,7.2133,613,196.92953
614,1404.39862,614,2.94781,614,64.27127,614,5.39445,614,229.1495
615,1302.55629,615,5.87907,615,58.82757,615,2.15328,615,253.10994
616,1207.34487,616,0.70207,616,51.05352,616,11.10653,616,276.30575
617,1176.40257,617,1.84664,617,50.23068,617,7.39765,617,320.45174
618,1214.34512,618,1.97255,618,47.84287,618,3.29873,618,368.99576
619,1269.43836,619,1.12421,619,44.79464,619,6.94912,619,412.10588
620,1247.78947,620,-0.31816,620,43.13187,620,2.3915,620,458.22134
621,1197.95303,621,3.73484,621,40.01527,621,4.22206,621,490.16471
622,1170.81183,622,0.95028,622,37.43371,622,2.99961,622,524.42552
623,1111.37958,623,2.97874,623,32.56776,623,9.29565,623,565.83325
624,1089.89681,624,4.01446,624,28.08456,624,2.76579,624,592.6991
625,1029.93199,625,2.14085,625,33.27283,625,7.59198,625,629.27034
626,996.10527,626,0.54515,626,28.35324,626,6.24989,626,674.24313
627,968.99979,627,0.21791,627,27.72337,627,4.79533,627,707.46224
628,920.99265,628,1.09461,628,22.20717,628,6.06406,628,718.44219
629,902.94128,629,2.95093,629,21.66587,629,2.88241,629,784.47642
630,848.29435,630,3.76157,630,28.27921,630,5.74632,630,795.97805
631,825.85397,631,5.36832,631,19.41381,631,7.49442,631,817.1086
632,800.24273,632,1.3923,632,21.98555,632,7.88519,632,835.65244
633,772.11477,633,0.00417,633,15.92105,633,6.3049,633,873.58946
634,732.65298,634,1.36423,634,16.44674,634,6.27897,634,883.33843
635,712.6036,635,3.55428,635,14.09762,635,5.12252,635,895.53059
636,695.42603,636,3.80782,636,12.85394,636,7.1394,636,923.82746
637,677.84498,637,3.25271,637,16.59863,637,4.97173,637,917.55526
638,686.6956,638,3.99159,638,13.19627,638,3.0651,638,915.46198
639,642.31031,639,3.51773,639,12.3609,639,3.91921,639,912.37466
640,622.87559,640,4.60988,640,11.48416,640,8.45611,640,934.34847
641,612.60985,641,3.70719,641,14.18384,641,6.63123,641,937.26361
642,601.50324,642,5.22121,642,10.30922,642,6.62718,642,913.80712
643,582.05263,643,4.62817,643,13.52244,643,4.41101,643,920.83822
644,567.0783,644,0.82827,644,11.9212,644,5.07278,644,909.3694
645,571.89379,645,6.79518,645,16.58073,645,8.23644,645,903.51941
646,546.00598,646,3.39031,646,8.97862,646,2.87028,646,886.32882
647,522.94777,647,0.85555,647,10.60602,647,6.66897,647,879.72901
648,522.74899,648,3.60969,648,9.97707,648,5.92585,648,864.00138
649,496.50244,649,1.56188,649,7.18775,649,4.09317,649,858.08933
650,487.60145,650,1.73877,650,10.83863,650,4.6434,650,817.07124
651,481.47138,651,1.30629,651,8.25391,651,8.25375,651,797.27403
652,467.58822,652,2.74019,652,8.59245,652,5.06391,652,784.29103
653,483.7111,653,0.91653,653,7.78072,653,0.09073,653,760.30033
654,464.54478,654,1.85759,654,8.24469,654,5.74897,654,723.09117
655,464.74776,655,0.00267,655,8.15125,655,1.64307,655,707.32172
656,455.04095,656,4.05732,656,8.77025,656,4.97252,656,706.90186
657,434.76916,657,3.03221,657,3.7652,657,6.70359,657,671.32861
658,432.28848,658,5.60571,658,7.2616,658,3.46269,658,634.2868
659,431.22568,659,4.29216,659,9.87411,659,2.4001,659,616.06325
660,407.14563,660,1.95905,660,8.2601,660,3.14636,660,600.95734
661,402.1167,661,4.21292,661,11.15762,661,7.33234,661,606.84431
662,399.27266,662,-1.07059,662,7.46757,662,2.0928,662,577.1512
663,398.91537,663,1.94988,663,10.90233,663,2.08674,663,546.98136
664,377.27599,664,1.70046,664,4.99896,664,7.11027,664,516.21336
665,384.63131,665,1.34768,665,6.64512,665,10.17739,665,496.30957
666,361.52009,666,-0.59365,666,7.59861,666,6.86448,666,465.02522
667,354.89716,667,3.23769,667,9.18341,667,7.2945,667,440.3159
668,353.05577,668,5.18019,668,9.84912,668,11.09706,668,421.5999
669,339.68929,669,4.53611,669,5.07162,669,9.18502,669,403.20338
670,323.14242,670,0.71282,670,6.7872,670,4.05267,670,378.03236
671,312.93779,671,5.93063,671,13.02971,671,4.85509,671,361.14683
672,300.96913,672,3.65236,672,10.78301,672,2.86263,672,331.7433
673,290.56038,673,0.95069,673,4.87642,673,8.25234,673,306.72483
674,275.95367,674,0.91038,674,7.86462,674,7.08093,674,292.59836
675,265.99317,675,1.73369,675,5.30674,675,7.58962,675,279.63294
676,258.86389,676,3.58184,676,5.47361,676,0.35426,676,250.6149
677,245.05527,677,-0.86838,677,5.63967,677,1.23973,677,232.96342
678,240.76955,678,5.71347,678,9.3262,678,1.72837,678,219.54663
679,228.58059,679,2.05422,679,5.45426,679,5.65409,679,200.63125
680,218.39816,680,3.12243,680,3.47619,680,5.49161,680,184.90208
681,204.84584,681,3.64631,681,5.52663,681,3.82022,681,176.24263
682,195.93577,682,0.95832,682,6.94646,682,0.56666,682,165.18182
683,183.35966,683,-1.00258,683,3.64597,683,6.56628,683,156.56118
684,166.4131,684,1.1352,684,9.03308,684,1.98618,684,139.71225
685,173.79223,685,1.92545,685,2.79866,685,1.95875,685,125.6714
686,165.69936,686,-1.09656,686,2.77194,686,1.04478,686,123.33973
687,154.75481,687,5.94572,687,3.89303,687,4.14807,687,112.83868
688,143.45869,688,5.10503,688,3.09762,688,6.93912,688,100.9935
689,138.92372,689,0.88681,689,6.6923,689,4.13622,689,91.3398
690,133.03411,690,-2.11751,690,2.3435,690,5.20578,690,81.89966
691,120.34709,691,-1.83182,691,4.74828,691,3.82775,691,77.4152
692,118.56462,692,0.80587,692,2.25958,692,4.59777,692,73.74217
693,113.53792,693,-0.32101,693,5.09895,693,2.27677,693,71.41365
694,119.48098,694,4.43612,694,1.92194,694,2.7906,694,61.52445
695,113.93779,695,1.88855,695,6.11726,695,5.66885,695,61.4724
696,101.71722,696,2.89655,696,5.55741,696,4.54917,696,53.15132
697,99.50522,697,3.5631,697,5.16611,697,3.1924,697,45.93798
698,92.40371,698,-0.73511,698,4.92931,698,3.5711,698,41.20038
699,93.85879,699,4.56986,699,-7.84473,699,1.70473,699,43.90032
700,95.84262,700,2.55027,700,4.3875,700,4.50818,700,36.98558
701,86.88482,701,2.94572,701,4.16515,701,1.52026,701,43.02416
702,78.70998,702,5.83063,702,5.8073,702,7.27814,702,36.24382
703,82.71314,703,1.91608,703,5.78026,703,3.09513,703,34.29366
704,73.87015,704,4.75145,704,5.67291,704,3.1914,704,30.43552
705,68.05192,705,-0.24916,705,3.02648,705,2.2418,705,30.80896
706,71.96381,706,5.06131,706,7.19016,706,2.50008,706,28.86034
707,68.02525,707,3.76,707,0.45718,707,3.95584,707,26.34569
708,73.13271,708,10.19209,708,5.36024,708,8.4408,708,28.25361
709,59.36994,709,-2.22063,709,3.9165,709,5.09667,709,24.50529
710,65.08845,710,-0.02391,710,2.11297,710,3.65411,710,19.8259
711,58.23971,711,-1.71216,711,1.71244,711,0.80532,711,18.91232
712,65.9982,712,2.84449,712,4.01275,712,3.59101,712,21.50257
713,58.56212,713,1.53787,713,0.80995,713,3.59156,713,16.38309
714,50.0963,714,3.03048,714,1.65771,714,2.25594,714,16.35749
715,66.16402,715,6.67072,715,10.24029,715,6.42412,715,24.00796
716,54.14087,716,2.33945,716,4.90979,716,3.43358,716,16.83198
717,49.95126,717,1.92704,717,8.45348,717,2.78431,717,17.86043
718,43.12088,718,-0.28757,718,0.18281,718,2.42784,718,18.88653
719,43.29385,719,3.87024,719,4.65599,719,5.08583,719,9.96333
720,44.30646,720,5.21066,720,3.40432,720,4.66657,720,13.03063
721,49.58968,721,2.1805,721,4.82668,721,7.65533,721,16.23502
722,44.64962,722,1.86151,722,1.88943,722,2.90041,722,12.7255
723,42.10452,723,2.53368,723,5.49656,723,2.82328,723,11.56533
724,44.0771,724,0.82524,724,4.32498,724,6.78586,724,11.70931
725,38.47298,725,2.86668,725,2.58719,725,2.15622,725,10.75349
726,36.13338,726,3.84376,726,1.67399,726,3.04826,726,8.51439
727,39.29517,727,-0.06368,727,5.95461,727,4.29701,727,16.21585
728,44.95227,728,4.30266,728,6.52594,728,2.03583,728,9.83147
729,33.13284,729,5.49908,729,1.42977,729,6.45572,729,7.77714
730,37.67656,730,6.71137,730,0.49947,730,0.07862,730,10.28152
731,31.32994,731,1.86134,731,3.52131,731,5.07612,731,8.5445
732,30.70326,732,3.29097,732,1.68823,732,1.66025,732,5.94441
733,37.94564,733,-1.213,733,4.85542,733,2.03396,733,8.96959
734,35.29776,734,5.60886,734,9.33007,734,5.89468,734,10.95837
735,25.93694,735,3.41811,735,1.76733,735,3.09748,735,8.41663
736,31.19177,736,1.14372,736,0.80874,736,3.01294,736,4.29805
737,35.88498,737,4.04072,737,1.76575,737,6.98768,737,12.35252
738,37.35843,738,2.84835,738,2.95442,738,3.43953,738,9.40369
739,33.71791,739,-10.14204,739,6.65731,739,7.07022,739,9.25133
740,26.56742,740,4.62143,740,4.79556,740,3.64185,740,9.37443
741,25.438,741,1.08245,741,1.89611,741,1.08925,741,6.37484
742,27.72527,742,4.83502,742,1.69668,742,4.07988,742,7.23376
743,25.94324,743,4.88058,743,4.55272,743,5.98359,743,8.24212
744,25.99137,744,4.92565,744,2.6875,744,2.12675,744,4.34259
745,27.87612,745,1.09129,745,6.96397,745,4.02266,745,5.12166
746,23.01525,746,5.01519,746,4.95346,746,0.85411,746,6.1622
747,22.89587,747,3.91169,747,9.72937,747,2.83663,747,3.4336
748,24.67934,748,2.78367,748,5.3246,748,3.04905,748,3.62504
749,17.86749,749,1.56335,749,3.14266,749,0.79336,749,4.60555
750,20.89644,750,-0.10926,750,1.65362,750,2.98071,750,3.28802
751,17.74264,751,3.13432,751,1.84561,751,1.25,751,4.36851
752,19.30922,752,1.44066,752,6.79996,752,1.95679,752,5.4998
753,23.227,753,5.1562,753,0.69874,753,4.45499,753,2.99695
754,15.47187,754,0.67373,754,-1.00449,754,7.37799,754,3.58757
755,15.51211,755,2.49571,755,2.22559,755,2.68637,755,3.92238
756,14.41084,756,5.49892,756,1.79281,756,6.05002,756,8.69021
757,17.83336,757,-0.44753,757,4.67197,757,2.30699,757,4.82485
758,16.23679,758,0.99565,758,4.03215,758,2.23496,758,3.30381
759,20.13219,759,8.10618,759,5.43354,759,7.68629,759,7.58256
760,9.38107,760,2.52384,760,1.54994,760,6.33752,760,4.89711
761,7.27585,761,2.10961,761,1.72056,761,1.29338,761,-1.98925
762,14.59905,762,1.27298,762,1.55742,762,0.69822,762,3.18311
763,16.65239,763,2.29658,763,4.61364,763,5.45795,763,2.47468
764,13.04201,764,0.15628,764,0.8762,764,-0.57473,764,2.48881
765,8.51409,765,1.42842,765,4.02235,765,3.07165,765,-1.25152
766,12.11592,766,3.06052,766,3.1376,766,3.79583,766,1.5729
767,9.45768,767,1.79022,767,0.12718,767,3.76485,767,3.76133
768,9.55913,768,-1.53235,768,0.9536,768,0.90831,768,2.53374
769,8.11629,769,5.1557,769,3.56635,769,3.13136,769,3.37594
770,9.71595,770,-0.23823,770,1.50982,770,6.21436,770,2.43103
771,13.23501,771,7.41932,771,6.59326,771,6.47655,771,3.77835
772,11.69422,772,4.18647,772,9.03513,772,4.5318,772,5.96464
773,7.87139,773,5.21848,773,1.76017,773,4.53053,773,3.92433
774,7.72928,774,4.19109,774,1.38511,774,3.39021,774,6.59823
775,13.57295,775,4.34128,775,8.5621,775,3.78756,775,3.20351
776,5.52326,776,4.87214,776,1.71355,776,2.32975,776,-1.57845
777,7.69768,777,0.00862,777,1.82701,777,6.06355,777,-1.67004
778,9.73363,778,2.8749,778,2.7907,778,2.10563,778,4.35005
779,8.88529,779,0.81292,779,0.80266,779,2.04603,779,0.27677
780,6.30603,780,1.06876,780,1.61669,780,-0.16383,780,0.37539
781,7.38118,781,2.30812,781,5.46948,781,0.5097,781,0.03954
782,6.29256,782,3.78464,782,1.9798,782,0.95077,782,1.1179
783,3.24758,783,3.76259,783,-3.93036,783,0.89024,783,-0.00237
784,1.20315,784,4.43218,784,0.41992,784,4.40993,784,4.0234
785,8.05993,785,5.33685,785,2.86041,785,5.13818,785,0.27017
786,6.55446,786,3.66639,786,1.18213,786,4.17086,786,9.50853
787,10.59845,787,2.79474,787,6.0164,787,7.64471,787,7.74328
788,6.10841,788,4.2845,788,5.43254,788,2.17234,788,-0.60154
789,6.58191,789,1.31812,789,2.51566,789,3.75405,789,-2.8712
790,7.03073,790,1.91032,790,3.38861,790,4.58327,790,1.8581
791,3.45225,791,3.30245,791,0.29319,791,3.55234,791,2.15413
792,10.26521,792,1.37558,792,2.39675,792,0.11646,792,2.86087
793,5.87758,793,2.8543,793,0.78316,793,6.1427,793,-0.67358
794,4.6579,794,-3.11128,794,3.62356,794,2.1117,794,0.16405
795,2.99448,795,-1.13427,795,1.8766,795,7.03062,795,-0.86104
796,4.35518,796,2.74909,796,1.74231,796,2.73694,796,4.29628
797,6.99797,797,2.65452,797,-0.60705,797,3.31423,797,2.78426
798,4.47886,798,5.81717,798,-0.62258,798,5.10407,798,-1.93807
799,5.58883,799,-0.15711,799,-0.26961,799,0.85228,799,-0.67635
800,6.18546,800,5.2056,800,5.59639,800,4.81483,800,2.25863
801,4.15656,801,-0.0826,801,6.87138,801,2.18549,801,3.92627
802,7.24883,802,6.63029,802,5.11361,802,6.12824,802,9.63533
803,5.59879,803,0.02016,803,2.83219,803,4.51868,803,2.20755
804,2.10489,804,0.10165,804,3.77928,804,5.472,804,4.3161
805,2.71703,805,1.97465,805,4.87556,805,4.07206,805,-0.74955
806,5.79035,806,-1.16359,806,-0.3118,806,1.0857,806,1.67991
807,1.82751,807,4.021,807,-1.21246,807,1.1861,807,-1.99078
808,2.09223,808,1.018,808,-2.12019,808,2.02085,808,0.37082
809,8.91408,809,6.24308,809,2.2505,809,4.57712,809,2.8064
810,2.6377,810,1.22595,810,1.33357,810,5.97737,810,0.80354
811,5.26417,811,5.38547,811,-0.4034,811,4.44792,811,1.76222
812,4.2023,812,-0.17751,812,2.70191,812,-0.04125,812,1.65561
813,6.65943,813,3.99165,813,2.16846,813,1.40553,813,2.17638
814,2.85911,814,3.21165,814,4.15084,814,-0.50317,814,0.072
815,3.62793,815,0.00697,815,-2.2643,815,0.11514,815,1.36317
816,0.57139,816,4.1128,816,2.89282,816,3.11121,816,0.4471
817,7.34143,817,1.51945,817,2.94691,817,2.33426,817,-1.57109
818,0.98647,818,3.62696,818,1.1604,818,4.48477,818,-1.15478
819,-1.00299,819,2.69707,819,3.20414,819,0.2321,819,-2.34504
820,2.18641,820,1.45438,820,4.55187,820,1.59181,820,2.30845
821,1.98599,821,-0.72717,821,0.31376,821,0.96064,821,0.11103
822,3.48305,822,-1.87635,822,0.44757,822,3.62051,822,1.1434
823,3.60215,823,1.19347,823,5.87572,823,3.99667,823,1.29135
824,-0.29261,824,0.91019,824,-0.19329,824,3.12629,824,9.27093
825,4.9913,825,2.52325,825,1.47241,825,4.1798,825,0.97655
826,2.67472,826,1.56436,826,2.15744,826,2.8139,826,-7.20447
827,0.15513,827,0.66227,827,0.92681,827,0.64415,827,1.56092
828,1.98774,828,0.08539,828,3.13069,828,-1.82289,828,0.37747
829,7.18033,829,8.57174,829,2.40929,829,9.21274,829,3.93838
830,0.86571,830,3.56716,830,-0.94696,830,3.93963,830,2.5094
831,0.77611,831,2.00434,831,0.61803,831,2.23672,831,0.31064
832,6.67494,832,4.00112,832,4.77232,832,8.17429,832,-1.65966
833,0.27211,833,3.19584,833,3.85335,833,-2.09888,833,10.74532
834,6.95536,834,2.08029,834,0.59315,834,1.70112,834,1.34636
835,0.671,835,1.58615,835,1.41654,835,4.41361,835,2.50128
836,2.98396,836,-0.71404,836,0.53154,836,-1.60166,836,1.80303
837,-0.22731,837,-0.16169,837,0.17746,837,-0.2992,837,-1.06406
838,3.14899,838,3.34149,838,1.03347,838,5.17982,838,-1.1491
839,3.76377,839,-0.13579,839,2.74619,839,5.00862,839,1.26721
840,5.88035,840,4.00865,840,-0.04093,840,3.91003,840,1.72512
841,-0.40101,841,0.18947,841,1.52726,841,5.12535,841,-0.78125
842,-1.3468,842,-1.12947,842,1.47515,842,1.20971,842,1.88597
843,5.47521,843,3.04762,843,4.6269,843,0.1455,843,1.71096
844,6.38709,844,-2.88707,844,0.03493,844,3.17009,844,-0.28143
845,0.56878,845,-2.09938,845,0.74224,845,3.11268,845,-1.77196
846,2.64692,846,3.13547,846,-1.01698,846,3.12932,846,2.48825
847,4.10049,847,3.05292,847,1.80191,847,3.91469,847,1.3513
848,3.69545,848,1.59582,848,0.20293,848,1.38712,848,0.47939
849,4.70492,849,2.87018,849,-1.77244,849,4.30194,849,5.4761
850,5.07201,850,-0.67463,850,1.14797,850,6.87565,850,-2.56358
851,5.68304,851,2.77875,851,2.94888,851,2.27893,851,-1.05027
852,4.73073,852,0.75523,852,5.65528,852,3.78118,852,2.3273
853,1.89722,853,1.05416,853,7.24569,853,0.15794,853,-0.6723
854,1.06229,854,0.45022,854,0.23269,854,3.60079,854,-3.12653
855,4.9104,855,1.08759,855,0.02942,855,2.67279,855,2.96564
856,3.02879,856,1.94253,856,1.94144,856,-1.8069,856,4.95904
857,5.60551,857,1.02553,857,1.59658,857,6.12518,857,2.38908
858,3.325,858,3.27609,858,-1.33116,858,3.48635,858,-3.82093
859,8.65742,859,0.46001,859,4.08663,859,2.18237,859,6.08641
860,7.26125,860,4.11322,860,3.27991,860,2.64559,860,-0.7898
861,5.52207,861,-0.24668,861,4.6933,861,-3.07354,861,-0.4256
862,7.85827,862,-0.22575,862,-1.92371,862,-1.17267,862,0.58199
863,3.90413,863,0.90012,863,1.93522,863,0.24898,863,-1.74762
864,3.36234,864,-1.04891,864,-1.33432,864,1.42339,864,0.46143
865,6.5266,865,0.77359,865,4.73576,865,0.09811,865,1.2804
866,5.18353,866,0.42969,866,1.05109,866,3.62137,866,0.8987
867,5.95953,867,2.98483,867,2.43821,867,0.97821,867,1.40925
868,2.7659,868,1.95513,868,1.75903,868,1.10335,868,1.36763
869,8.40987,869,3.74738,869,4.26538,869,6.30124,869,2.82941
870,6.13574,870,-0.13965,870,5.6057,870,2.523,870,3.26073
871,6.97186,871,1.34875,871,1.35516,871,3.87979,871,-0.96353
872,6.93782,872,-0.05923,872,0.54533,872,5.61444,872,1.74951
873,8.71649,873,2.9736,873,3.75322,873,5.06619,873,3.30011
874,5.46347,874,-1.25608,874,-1.71976,874,1.76468,874,0.44059
875,8.7224,875,8.59037,875,0.6253,875,4.71299,875,0.70953
876,7.15982,876,1.15024,876,1.909,876,4.39039,876,-1.71955
877,5.09695,877,3.6112,877,-0.39785,877,0.6245,877,2.17228
878,13.62963,878,2.75636,878,-0.11247,878,2.29214,878,1.49125
879,11.03822,879,-0.93741,879,2.50878,879,1.56687,879,0.74417
880,8.05254,880,-1.41822,880,1.67227,880,4.27318,880,-1.34485
881,8.33806,881,1.51073,881,-1.66361,881,1.52226,881,-3.37211
882,9.56439,882,-1.98226,882,-0.19366,882,3.18734,882,-1.51302
883,8.53545,883,-0.74112,883,0.90364,883,-2.17575,883,-1.45637
884,11.35685,884,0.4449,884,-0.64228,884,-1.61858,884,1.36324
885,9.60246,885,-3.34666,885,4.5435,885,6.25826,885,0.74704
886,8.31505,886,0.56831,886,0.66272,886,3.70183,886,1.46831
887,10.43641,887,1.8463,887,0.87245,887,4.07336,887,-1.571
888,11.64429,888,5.11307,888,1.37195,888,1.40659,888,-0.32302
889,12.40772,889,-1.58362,889,1.60623,889,1.83954,889,-1.40827
890,10.68363,890,1.10384,890,1.94811,890,3.61501,890,3.37081
891,8.73819,891,4.88034,891,-2.20008,891,3.11102,891,1.3397
892,14.91905,892,-0.08756,892,4.66235,892,3.07714,892,-0.51049
893,16.73591,893,0.72338,893,1.76141,893,-2.16503,893,0.8484
894,19.9505,894,-0.33214,894,2.05064,894,2.91723,894,1.75168
895,16.73811,895,0.96375,895,-1.26118,895,-0.92328,895,0.302
896,16.97077,896,-2.8224,896,0.87731,896,0.83671,896,3.26363
897,19.85062,897,-0.25484,897,0.26623,897,1.632,897,-0.57111
898,23.76112,898,3.07291,898,-4.23303,898,4.09312,898,-0.60915
899,21.64693,899,2.92933,899,5.7818,899,-0.91384,899,0.28236
900,16.57029,900,-0.30541,900,-1.03416,900,1.66145,900,-0.0176
901,22.32218,901,4.15323,901,0.43601,901,0.16061,901,1.19231
902,22.81231,902,2.32216,902,0.72844,902,8.1035,902,3.67145
903,24.72487,903,-1.12145,903,2.78652,903,0.09108,903,1.35325
904,24.77505,904,2.36283,904,1.70202,904,1.57478,904,2.35697
905,21.54057,905,0.47235,905,0.03701,905,3.55545,905,0.46377
906,23.46911,906,0.10201,906,1.58114,906,3.98165,906,-1.93817
907,32.47138,907,3.51929,907,4.49539,907,6.12509,907,6.56809
908,18.93341,908,1.05169,908,0.83611,908,2.95574,908,0.08953
909,22.27532,909,2.36917,909,0.72791,909,2.13771,909,3.10898
910,18.48312,910,-0.75628,910,2.99381,910,3.51967,910,1.81824
911,16.08334,911,0.6891,911,-2.68132,911,1.9326,911,-0.91575
912,20.25358,912,2.66623,912,1.055,912,3.17241,912,1.57314
913,14.81981,913,4.64666,913,0.68631,913,0.59271,913,2.49751
914,19.70561,914,-2.07446,914,2.75878,914,3.08884,914,2.30341
915,15.02605,915,-2.79003,915,-3.02879,915,-0.6504,915,-0.24095
916,16.50733,916,2.26276,916,4.50059,916,-0.23817,916,1.17071
917,13.61285,917,3.63066,917,-0.81327,917,0.78848,917,-0.11379
918,15.60516,918,1.43249,918,-0.88927,918,4.68381,918,-1.7466
919,8.31908,919,1.31165,919,-2.94675,919,5.95297,919,-3.04907
920,11.20532,920,-0.82563,920,1.46687,920,2.52293,920,-3.08584
921,10.64891,921,3.85566,921,2.8063,921,5.09797,921,1.20616
922,7.89164,922,-1.44023,922,2.7327,922,0.0228,922,2.71984
923,6.4249,923,0.24364,923,0.98464,923,1.47939,923,3.16702
924,13.17583,924,-1.2631,924,-1.00134,924,5.10282,924,0.23379
925,11.96188,925,0.31917,925,-0.96957,925,6.64196,925,1.85381
926,3.31437,926,0.74626,926,2.76881,926,4.45105,926,-1.04543
927,11.17584,927,2.78115,927,4.68949,927,3.18684,927,-0.24073
928,4.1588,928,-0.91376,928,1.41993,928,4.38202,928,-0.15651
929,3.72063,929,-0.97325,929,2.06102,929,5.25479,929,-1.15314
930,1.71533,930,3.78315,930,2.19278,930,1.85607,930,3.135
931,9.69234,931,1.29852,931,2.58387,931,2.52708,931,0.63097
932,6.03143,932,1.31205,932,-2.47309,932,8.28086,932,1.03348
933,5.59861,933,1.80127,933,2.15303,933,2.21338,933,0.40643
934,5.7305,934,-1.29702,934,2.87563,934,8.96763,934,4.095
935,6.72897,935,1.04082,935,0.49374,935,7.61107,935,1.78422
936,3.3297,936,1.69705,936,-7.08338,936,-0.12661,936,2.15993
937,0.64577,937,0.93651,937,3.88656,937,2.20491,937,3.156
938,34.27006,938,28.9413,938,16.39788,938,27.05189,938,31.46445
939,1.01381,939,0.03343,939,4.16929,939,6.72944,939,0.61584
940,3.75498,940,-1.20287,940,0.76131,940,4.10768,940,1.256
941,2.35159,941,-1.76895,941,2.11521,941,6.2784,941,-1.12031
942,5.40553,942,1.36988,942,0.55589,942,6.96339,942,0.32298
943,0.71179,943,0.84413,943,-0.23924,943,4.01528,943,1.25107
944,3.96306,944,2.72203,944,0.99126,944,12.32057,944,4.77686
945,5.51518,945,0.01764,945,-1.84542,945,4.29055,945,4.03139
946,3.82692,946,1.95048,946,2.32809,946,1.2509,946,-2.48456
947,4.47494,947,-2.34928,947,3.37258,947,5.87023,947,-0.52908
948,3.99217,948,-1.16711,948,2.23707,948,5.32745,948,-4.32602
949,1.97385,949,2.03613,949,3.70219,949,6.45625,949,3.31821
950,3.60802,950,1.84664,950,-0.09118,950,6.81338,950,2.5014
951,2.40099,951,1.18525,951,-0.57383,951,8.24882,951,-1.60502
952,1.57476,952,-0.91058,952,-1.01832,952,2.3813,952,3.69391
953,1.80279,953,1.74911,953,5.16499,953,10.41477,953,2.67331
954,-1.31983,954,1.13801,954,-0.38399,954,10.36728,954,-2.43731
955,1.96059,955,3.8193,955,1.64256,955,7.23171,955,3.4778
956,-0.48973,956,-1.43912,956,1.24399,956,2.90981,956,1.45771
957,6.77107,957,3.92735,957,-1.17465,957,1.12347,957,2.23405
958,2.88349,958,3.63122,958,0.0516,958,5.38132,958,2.02692
959,-0.29333,959,1.13714,959,-0.97326,959,6.04074,959,-0.69874
960,3.65576,960,4.29416,960,3.30149,960,6.34866,960,0.29741
961,1.18709,961,2.0152,961,3.33532,961,8.00285,961,0.07809
962,-1.13513,962,-0.10305,962,-0.42705,962,3.97776,962,2.5052
963,2.21878,963,0.72135,963,-2.61017,963,3.21011,963,-2.52773
964,1.69604,964,1.92931,964,1.04814,964,-0.49772,964,-0.05228
965,0.42063,965,-3.66613,965,2.84219,965,4.04137,965,-0.74151
966,8.2562,966,8.2715,966,8.18216,966,7.08571,966,4.78023
967,1.48589,967,-0.23062,967,3.67426,967,2.09754,967,1.1153
968,1.24943,968,2.74456,968,2.32681,968,2.04865,968,3.0153
969,0.57451,969,4.57644,969,1.90726,969,3.44718,969,6.34459
970,2.65397,970,-0.06609,970,-1.38869,970,0.02172,970,0.31879
971,6.32372,971,-0.18866,971,0.77119,971,1.28665,971,1.01825
972,-0.12793,972,0.81804,972,4.69594,972,6.04549,972,0.53413
973,0.77264,973,-1.23828,973,0.39132,973,1.86431,973,4.18612
974,3.23693,974,-3.82821,974,-0.82831,974,-5.6571,974,-0.5138
975,3.51184,975,2.99439,975,-3.17468,975,3.23224,975,0.40615
976,2.28919,976,3.96427,976,4.35737,976,2.32476,976,3.91795
977,0.32525,977,0.82818,977,-1.39547,977,0.07717,977,2.10236
978,1.3233,978,1.55601,978,0.40039,978,0.55868,978,-0.07528
979,0.54414,979,2.10038,979,-1.17999,979,2.98735,979,-0.50053
980,8.89304,980,7.68846,980,2.40721,980,2.23062,980,3.64757
981,0.95212,981,0.97542,981,0.50001,981,0.42158,981,0.63909
982,-0.15819,982,-1.09872,982,1.76542,982,-1.84916,982,2.29805
983,4.15981,983,3.15549,983,-1.15071,983,1.16519,983,1.31791
984,1.50473,984,-1.90288,984,-1.21948,984,1.29067,984,3.68641
985,1.16589,985,-1.34368,985,1.44675,985,-1.21445,985,0.03744
986,-1.30622,986,2.60435,986,-1.08923,986,2.84066,986,-0.15128
987,1.3259,987,1.40948,987,1.69015,987,2.29746,987,-5.36776
988,-0.66734,988,1.41742,988,4.03617,988,1.63751,988,-1.13115
989,0.04589,989,1.1276,989,-1.09379,989,-0.87135,989,-3.79365
990,-2.99772,990,0.27724,990,0.97919,990,1.3231,990,-4.2925
991,5.66596,991,6.96214,991,4.78434,991,7.06801,991,5.2868
992,5.24264,992,2.7748,992,2.67016,992,4.4769,992,5.24415
993,1.60746,993,1.56443,993,-0.23511,993,0.77849,993,0.06441
994,2.73146,994,1.41589,994,-0.98454,994,1.38666,994,3.68214
995,0.47304,995,0.07277,995,0.1003,995,3.21383,995,-0.30057
996,-0.78015,996,2.8679,996,-1.24592,996,5.35278,996,-1.6527
997,4.21404,997,8.03207,997,3.96905,997,6.44161,997,4.59725
998,1.78537,998,-3.96864,998,1.33996,998,-0.46126,998,-1.14192
999,0.05048,999,-0.96637,999,-5.99964,999,2.77883,999,0.95527
1000,0.94546,1000,-0.2128,1000,0.33724,1000,1.75192,1000,1.16319
