time (us),channelA(1),channelB(1),channelA(2),channelB(2)
0,0.004,-0.6,0.006,-1.05
1,0.012,-0.5,0.01,-0.95
2,0.018,-0.4,0.018,-0.85
3,0.024,-0.3,0.024,-0.75
4,0.03,-0.2,0.028,-0.65
5,0.036,-0.1,0.036,-0.55
6,0.04,0,0.042,-0.4
7,0.048,0.15,0.046,-0.3
8,0.052,0.25,0.052,-0.2
9,0.058,0.35,0.058,-0.05
10,0.062,0.5,0.062,0.05
11,0.066,0.6,0.068,0.15
12,0.072,0.7,0.072,0.3
13,0.076,0.85,0.076,0.4
14,0.08,0.95,0.08,0.5
15,0.084,1.1,0.084,0.65
16,0.086,1.2,0.088,0.75
17,0.09,1.3,0.09,0.85
18,0.092,1.4,0.092,0.95
19,0.094,1.5,0.094,1.05
20,0.096,1.6,0.096,1.15
21,0.098,1.65,0.098,1.25
22,0.1,1.75,0.098,1.35
23,0.1,1.75,0.1,1.4
24,0.1,1.8,0.1,1.5
25,0.1,1.8,0.1,1.55
26,0.1,1.8,0.098,1.65
27,0.098,1.8,0.098,1.7
28,0.098,1.8,0.098,1.75
29,0.096,1.8,0.096,1.8
30,0.094,1.8,0.094,1.85
31,0.09,1.8,0.092,1.9
32,0.09,1.8,0.088,1.9
33,0.086,1.8,0.086,1.95
34,0.082,1.8,0.082,1.95
35,0.078,1.8,0.078,1.95
36,0.074,1.8,0.074,1.95
37,0.07,1.8,0.07,1.95
38,0.066,1.8,0.066,1.95
39,0.062,1.8,0.062,1.9
40,0.056,1.8,0.056,1.85
41,0.05,1.8,0.05,1.85
42,0.044,1.8,0.046,1.8
43,0.04,1.8,0.04,1.75
44,0.034,1.75,0.034,1.65
45,0.026,1.75,0.028,1.6
46,0.022,1.75,0.022,1.55
47,0.014,1.7,0.014,1.45
48,0.008,1.7,0.008,1.4
49,0.002,1.65,0.002,1.25
50,-0.004,1.55,-0.004,1.1
51,-0.01,1.45,-0.01,1
52,-0.018,1.4,-0.016,0.9
53,-0.022,1.3,-0.022,0.8
54,-0.028,1.25,-0.03,0.7
55,-0.034,1.15,-0.034,0.6
56,-0.04,1.05,-0.04,0.5
57,-0.046,0.95,-0.046,0.35
58,-0.052,0.85,-0.05,0.25
59,-0.058,0.75,-0.056,0.15
60,-0.062,0.65,-0.06,0
61,-0.066,0.55,-0.066,-0.1
62,-0.07,0.4,-0.07,-0.2
63,-0.076,0.3,-0.076,-0.35
64,-0.078,0.2,-0.08,-0.45
65,-0.082,0.05,-0.084,-0.6
66,-0.086,-0.05,-0.086,-0.7
67,-0.09,-0.15,-0.088,-0.85
68,-0.092,-0.25,-0.092,-0.95
69,-0.094,-0.4,-0.094,-1.05
70,-0.096,-0.5,-0.096,-1.15
71,-0.098,-0.6,-0.096,-1.25
72,-0.098,-0.7,-0.098,-1.35
73,-0.098,-0.8,-0.098,-1.4
74,-0.1,-0.9,-0.098,-1.5
75,-0.098,-1,-0.1,-1.55
76,-0.098,-1.05,-0.098,-1.65
77,-0.098,-1.1,-0.098,-1.7
78,-0.096,-1.2,-0.096,-1.75
79,-0.094,-1.25,-0.096,-1.8
80,-0.092,-1.3,-0.092,-1.85
81,-0.09,-1.35,-0.09,-1.9
82,-0.088,-1.4,-0.088,-1.9
83,-0.086,-1.45,-0.084,-1.9
84,-0.082,-1.45,-0.082,-1.95
85,-0.078,-1.45,-0.078,-1.95
86,-0.074,-1.45,-0.074,-1.9
87,-0.068,-1.45,-0.07,-1.9
88,-0.064,-1.4,-0.064,-1.9
89,-0.06,-1.4,-0.06,-1.9
90,-0.056,-1.4,-0.056,-1.85
91,-0.05,-1.35,-0.05,-1.8
92,-0.044,-1.3,-0.044,-1.75
93,-0.038,-1.25,-0.04,-1.7
94,-0.032,-1.2,-0.032,-1.65
95,-0.026,-1.15,-0.026,-1.55
96,-0.02,-1.05,-0.02,-1.5
97,-0.014,-1,-0.014,-1.4
98,-0.008,-0.9,-0.008,-1.3
99,-0.002,-0.8,-0.002,-1.2
100,0.006,-0.6,0.004,-1.05
101,0.012,-0.55,0.01,-0.95
102,0.016,-0.4,0.018,-0.85
103,0.024,-0.3,0.024,-0.75
104,0.03,-0.2,0.028,-0.65
105,0.036,-0.1,0.036,-0.5
106,0.042,0,0.04,-0.4
107,0.048,0.15,0.046,-0.3
108,0.054,0.25,0.052,-0.2
109,0.058,0.4,0.058,-0.05
110,0.062,0.5,0.062,0.05
111,0.068,0.6,0.066,0.2
112,0.072,0.75,0.072,0.3
113,0.076,0.85,0.076,0.4
114,0.08,1,0.08,0.5
115,0.084,1.1,0.084,0.65
116,0.086,1.2,0.088,0.75
117,0.09,1.3,0.09,0.85
118,0.092,1.4,0.092,0.95
119,0.094,1.5,0.096,1.05
120,0.096,1.6,0.096,1.15
121,0.098,1.65,0.098,1.25
122,0.1,1.7,0.098,1.35
123,0.1,1.75,0.1,1.45
124,0.1,1.75,0.1,1.5
125,0.1,1.8,0.1,1.6
126,0.1,1.8,0.1,1.65
127,0.098,1.8,0.1,1.7
128,0.098,1.8,0.098,1.75
129,0.096,1.8,0.096,1.8
130,0.094,1.8,0.094,1.85
131,0.092,1.8,0.092,1.85
132,0.088,1.8,0.088,1.9
133,0.086,1.8,0.086,1.95
134,0.082,1.8,0.082,1.95
135,0.078,1.8,0.078,1.95
136,0.074,1.8,0.074,1.95
137,0.07,1.8,0.07,1.95
138,0.064,1.8,0.066,1.9
139,0.06,1.8,0.06,1.9
140,0.056,1.8,0.056,1.85
141,0.05,1.8,0.05,1.85
142,0.046,1.8,0.044,1.75
143,0.038,1.75,0.038,1.75
144,0.034,1.75,0.034,1.7
145,0.026,1.75,0.028,1.6
146,0.02,1.75,0.022,1.55
147,0.014,1.7,0.014,1.45
148,0.008,1.7,0.008,1.4
149,0.002,1.6,0.002,1.25
150,-0.004,1.55,-0.004,1.1
151,-0.01,1.45,-0.01,1
152,-0.016,1.4,-0.016,0.9
153,-0.022,1.35,-0.022,0.8
154,-0.028,1.25,-0.028,0.7
155,-0.034,1.15,-0.034,0.6
156,-0.04,1.05,-0.04,0.45
157,-0.046,0.95,-0.046,0.35
158,-0.05,0.85,-0.05,0.25
159,-0.056,0.75,-0.056,0.1
160,-0.062,0.65,-0.062,0
161,-0.066,0.5,-0.066,-0.1
162,-0.072,0.4,-0.07,-0.25
163,-0.076,0.3,-0.076,-0.35
164,-0.078,0.2,-0.08,-0.45
165,-0.082,0.05,-0.082,-0.6
166,-0.086,-0.05,-0.086,-0.7
167,-0.088,-0.15,-0.09,-0.85
168,-0.092,-0.3,-0.092,-0.9
169,-0.094,-0.4,-0.092,-1.05
170,-0.096,-0.5,-0.096,-1.15
171,-0.098,-0.6,-0.096,-1.25
172,-0.098,-0.7,-0.098,-1.3
173,-0.1,-0.8,-0.098,-1.4
174,-0.098,-0.9,-0.1,-1.5
175,-0.1,-0.95,-0.1,-1.55
176,-0.1,-1.05,-0.098,-1.65
177,-0.098,-1.15,-0.098,-1.7
178,-0.096,-1.2,-0.096,-1.75
179,-0.094,-1.25,-0.096,-1.8
180,-0.094,-1.3,-0.092,-1.85
181,-0.09,-1.35,-0.092,-1.9
182,-0.088,-1.4,-0.088,-1.9
183,-0.084,-1.4,-0.084,-1.9
184,-0.082,-1.45,-0.082,-1.95
185,-0.078,-1.45,-0.078,-1.95
186,-0.074,-1.45,-0.074,-1.9
187,-0.07,-1.45,-0.068,-1.95
188,-0.064,-1.45,-0.064,-1.9
189,-0.06,-1.4,-0.06,-1.85
190,-0.054,-1.4,-0.054,-1.85
191,-0.05,-1.35,-0.05,-1.8
192,-0.044,-1.3,-0.044,-1.75
193,-0.038,-1.25,-0.038,-1.7
194,-0.032,-1.2,-0.032,-1.65
195,-0.026,-1.15,-0.026,-1.55
196,-0.02,-1.05,-0.02,-1.5
197,-0.014,-1,-0.014,-1.4
198,-0.008,-0.9,-0.008,-1.3
199,-0.002,-0.8,-0.002,-1.2
200,0.004,-0.6,0.004,-1.05
201,0.01,-0.5,0.01,-0.95
202,0.018,-0.4,0.016,-0.85
203,0.024,-0.3,0.022,-0.75
204,0.03,-0.2,0.028,-0.65
205,0.034,-0.1,0.036,-0.55
206,0.042,0,0.04,-0.45
207,0.046,0.15,0.046,-0.3
208,0.052,0.25,0.052,-0.2
209,0.058,0.4,0.056,-0.1
210,0.062,0.5,0.062,0.05
211,0.068,0.6,0.066,0.15
212,0.072,0.75,0.072,0.3
213,0.076,0.85,0.076,0.4
214,0.08,0.95,0.08,0.55
215,0.084,1.1,0.084,0.65
216,0.086,1.2,0.088,0.75
217,0.09,1.3,0.09,0.85
218,0.092,1.4,0.094,0.95
219,0.094,1.5,0.094,1.05
220,0.096,1.6,0.096,1.15
221,0.098,1.65,0.098,1.25
222,0.1,1.7,0.1,1.35
223,0.1,1.75,0.1,1.4
224,0.1,1.8,0.1,1.5
225,0.1,1.8,0.1,1.55
226,0.1,1.8,0.1,1.65
227,0.098,1.8,0.1,1.7
228,0.098,1.8,0.096,1.75
229,0.096,1.8,0.096,1.8
230,0.094,1.8,0.094,1.85
231,0.092,1.8,0.092,1.85
232,0.088,1.8,0.088,1.9
233,0.086,1.8,0.086,1.95
234,0.082,1.8,0.082,1.95
235,0.078,1.8,0.078,1.95
236,0.074,1.8,0.074,1.95
237,0.07,1.8,0.07,1.95
238,0.066,1.8,0.066,1.9
239,0.06,1.8,0.06,1.9
240,0.056,1.8,0.056,1.85
241,0.05,1.8,0.05,1.85
242,0.046,1.8,0.044,1.8
243,0.038,1.75,0.04,1.75
244,0.034,1.75,0.034,1.7
245,0.028,1.75,0.028,1.6
246,0.02,1.75,0.022,1.55
247,0.014,1.7,0.016,1.45
248,0.008,1.7,0.008,1.4
249,0.004,1.65,0.002,1.25
250,-0.004,1.55,-0.004,1.1
251,-0.01,1.45,-0.01,1
252,-0.016,1.4,-0.016,0.9
253,-0.022,1.3,-0.022,0.8
254,-0.03,1.25,-0.028,0.7
255,-0.034,1.15,-0.034,0.6
256,-0.04,1.05,-0.04,0.45
257,-0.046,0.95,-0.046,0.35
258,-0.052,0.85,-0.05,0.25
259,-0.056,0.75,-0.056,0.1
260,-0.062,0.6,-0.062,0
261,-0.066,0.5,-0.066,-0.1
262,-0.072,0.45,-0.07,-0.25
263,-0.076,0.3,-0.076,-0.35
264,-0.08,0.15,-0.08,-0.45
265,-0.084,0.05,-0.082,-0.6
266,-0.086,-0.05,-0.086,-0.7
267,-0.088,-0.15,-0.088,-0.8
268,-0.092,-0.3,-0.092,-0.9
269,-0.094,-0.4,-0.094,-1.05
270,-0.096,-0.5,-0.096,-1.15
271,-0.096,-0.65,-0.098,-1.2
272,-0.098,-0.7,-0.098,-1.3
273,-0.098,-0.8,-0.1,-1.4
274,-0.098,-0.9,-0.098,-1.5
275,-0.098,-1,-0.1,-1.55
276,-0.1,-1.05,-0.098,-1.65
277,-0.098,-1.1,-0.098,-1.7
278,-0.096,-1.2,-0.098,-1.75
279,-0.096,-1.25,-0.094,-1.8
280,-0.092,-1.3,-0.094,-1.85
281,-0.09,-1.35,-0.09,-1.9
282,-0.088,-1.4,-0.088,-1.9
283,-0.086,-1.4,-0.084,-1.95
284,-0.082,-1.45,-0.082,-1.95
285,-0.078,-1.45,-0.078,-1.9
286,-0.074,-1.45,-0.074,-1.95
287,-0.07,-1.45,-0.07,-1.95
288,-0.064,-1.45,-0.064,-1.9
289,-0.06,-1.45,-0.06,-1.85
290,-0.054,-1.4,-0.054,-1.85
291,-0.048,-1.35,-0.05,-1.8
292,-0.044,-1.3,-0.044,-1.75
293,-0.038,-1.3,-0.038,-1.7
294,-0.032,-1.2,-0.032,-1.65
295,-0.026,-1.15,-0.026,-1.6
296,-0.02,-1.05,-0.02,-1.5
297,-0.014,-1,-0.014,-1.4
298,-0.008,-0.9,-0.008,-1.35
299,-0.002,-0.75,-0.002,-1.2
300,0.004,-0.65,0.004,-1.05
301,0.01,-0.5,0.01,-0.95
302,0.018,-0.4,0.016,-0.85
303,0.024,-0.3,0.024,-0.75
304,0.03,-0.2,0.03,-0.65
305,0.036,-0.1,0.034,-0.55
306,0.042,0,0.042,-0.4
307,0.046,0.1,0.046,-0.3
308,0.052,0.25,0.052,-0.2
309,0.058,0.35,0.058,-0.05
310,0.062,0.5,0.062,0.05
311,0.068,0.65,0.068,0.15
312,0.072,0.75,0.072,0.3
313,0.076,0.85,0.076,0.4
314,0.08,0.95,0.08,0.5
315,0.084,1.1,0.084,0.6
316,0.088,1.2,0.086,0.75
317,0.09,1.3,0.09,0.85
318,0.092,1.4,0.092,0.95
319,0.094,1.5,0.094,1.05
320,0.098,1.6,0.096,1.15
321,0.098,1.65,0.098,1.25
322,0.1,1.75,0.1,1.35
323,0.1,1.75,0.1,1.4
324,0.1,1.8,0.1,1.5
325,0.1,1.8,0.1,1.6
326,0.1,1.8,0.1,1.65
327,0.1,1.8,0.098,1.7
328,0.098,1.8,0.098,1.75
329,0.096,1.8,0.096,1.8
330,0.094,1.8,0.094,1.85
331,0.092,1.8,0.092,1.9
332,0.088,1.8,0.088,1.9
333,0.086,1.8,0.086,1.9
334,0.082,1.8,0.082,1.95
335,0.078,1.8,0.078,1.95
336,0.074,1.8,0.074,1.95
337,0.07,1.8,0.07,1.95
338,0.066,1.8,0.066,1.9
339,0.06,1.8,0.06,1.9
340,0.056,1.8,0.056,1.85
341,0.05,1.8,0.05,1.85
342,0.044,1.8,0.046,1.8
343,0.038,1.75,0.04,1.75
344,0.032,1.75,0.034,1.7
345,0.028,1.75,0.028,1.6
346,0.02,1.75,0.022,1.55
347,0.014,1.7,0.016,1.45
348,0.008,1.7,0.008,1.4
349,0.002,1.6,0.002,1.25
350,-0.004,1.55,-0.004,1.1
351,-0.01,1.45,-0.01,1
352,-0.016,1.4,-0.016,0.9
353,-0.024,1.35,-0.022,0.8
354,-0.028,1.25,-0.028,0.7
355,-0.034,1.15,-0.034,0.6
356,-0.04,1.05,-0.04,0.5
357,-0.046,0.95,-0.046,0.35
358,-0.052,0.85,-0.052,0.25
359,-0.056,0.75,-0.056,0.15
360,-0.062,0.65,-0.062,0
361,-0.066,0.55,-0.066,-0.15
362,-0.072,0.4,-0.07,-0.25
363,-0.074,0.3,-0.076,-0.35
364,-0.08,0.2,-0.08,-0.45
365,-0.082,0.05,-0.082,-0.6
366,-0.086,-0.05,-0.086,-0.7
367,-0.09,-0.15,-0.088,-0.8
368,-0.092,-0.3,-0.092,-0.95
369,-0.094,-0.4,-0.094,-1.05
370,-0.096,-0.5,-0.096,-1.15
371,-0.098,-0.6,-0.098,-1.2
372,-0.098,-0.7,-0.098,-1.35
373,-0.1,-0.8,-0.1,-1.4
374,-0.1,-0.9,-0.1,-1.5
375,-0.098,-1,-0.098,-1.6
376,-0.098,-1.05,-0.1,-1.65
377,-0.098,-1.15,-0.098,-1.7
378,-0.096,-1.2,-0.096,-1.75
379,-0.094,-1.25,-0.094,-1.8
380,-0.094,-1.3,-0.094,-1.85
381,-0.09,-1.35,-0.09,-1.9
382,-0.088,-1.4,-0.088,-1.9
383,-0.084,-1.45,-0.084,-1.95
384,-0.082,-1.45,-0.082,-1.9
385,-0.078,-1.45,-0.078,-1.95
386,-0.072,-1.45,-0.074,-1.95
387,-0.07,-1.45,-0.07,-1.95
388,-0.064,-1.45,-0.064,-1.9
389,-0.06,-1.4,-0.06,-1.9
390,-0.054,-1.4,-0.056,-1.85
391,-0.05,-1.35,-0.05,-1.8
392,-0.044,-1.3,-0.044,-1.75
393,-0.038,-1.25,-0.038,-1.7
394,-0.032,-1.2,-0.032,-1.65
395,-0.026,-1.15,-0.026,-1.55
396,-0.02,-1.05,-0.02,-1.5
397,-0.014,-1,-0.014,-1.4
398,-0.008,-0.9,-0.008,-1.35
399,-0.002,-0.75,-0.002,-1.2
400,0.006,-0.6,0.006,-1.05
401,0.01,-0.5,0.01,-0.95
402,0.018,-0.4,0.018,-0.85
403,0.024,-0.3,0.022,-0.75
404,0.03,-0.2,0.03,-0.65
405,0.034,-0.1,0.034,-0.55
406,0.042,0,0.04,-0.4
407,0.048,0.15,0.046,-0.3
408,0.052,0.25,0.052,-0.2
409,0.058,0.35,0.058,-0.05
410,0.062,0.5,0.062,0.05
411,0.068,0.6,0.068,0.15
412,0.072,0.75,0.072,0.3
413,0.076,0.85,0.076,0.4
414,0.08,0.95,0.08,0.5
415,0.084,1.1,0.084,0.65
416,0.088,1.2,0.086,0.75
417,0.09,1.3,0.09,0.85
418,0.092,1.4,0.094,0.95
419,0.094,1.5,0.094,1.05
420,0.096,1.6,0.098,1.15
421,0.098,1.65,0.098,1.25
422,0.1,1.7,0.1,1.35
423,0.1,1.75,0.1,1.45
424,0.1,1.8,0.1,1.5
425,0.1,1.8,0.1,1.55
426,0.1,1.8,0.1,1.65
427,0.098,1.8,0.098,1.7
428,0.098,1.8,0.098,1.75
429,0.096,1.8,0.096,1.8
430,0.094,1.8,0.092,1.85
431,0.092,1.8,0.092,1.9
432,0.09,1.8,0.088,1.9
433,0.086,1.8,0.086,1.95
434,0.082,1.8,0.082,1.95
435,0.078,1.8,0.078,1.95
436,0.074,1.8,0.074,1.95
437,0.07,1.8,0.07,1.95
438,0.064,1.8,0.066,1.9
439,0.06,1.8,0.06,1.9
440,0.054,1.8,0.056,1.85
441,0.05,1.8,0.05,1.8
442,0.044,1.8,0.046,1.8
443,0.038,1.75,0.04,1.7
444,0.032,1.75,0.032,1.65
445,0.028,1.75,0.028,1.6
446,0.022,1.75,0.02,1.55
447,0.014,1.7,0.014,1.45
448,0.01,1.7,0.01,1.4
449,0.002,1.65,0.002,1.25
450,-0.004,1.5,-0.004,1.1
451,-0.01,1.5,-0.01,1
452,-0.016,1.4,-0.016,0.9
453,-0.022,1.3,-0.022,0.8
454,-0.028,1.25,-0.028,0.7
455,-0.034,1.15,-0.034,0.6
456,-0.04,1.05,-0.04,0.45
457,-0.046,0.95,-0.046,0.35
458,-0.052,0.85,-0.052,0.25
459,-0.056,0.75,-0.056,0.15
460,-0.062,0.65,-0.062,0
461,-0.066,0.5,-0.066,-0.1
462,-0.07,0.4,-0.072,-0.25
463,-0.076,0.3,-0.076,-0.35
464,-0.078,0.15,-0.078,-0.5
465,-0.084,0.05,-0.082,-0.6
466,-0.086,-0.05,-0.086,-0.7
467,-0.09,-0.2,-0.088,-0.8
468,-0.092,-0.3,-0.092,-0.95
469,-0.094,-0.4,-0.094,-1.05
470,-0.096,-0.5,-0.094,-1.1
471,-0.098,-0.65,-0.098,-1.25
472,-0.098,-0.7,-0.098,-1.35
473,-0.098,-0.8,-0.098,-1.4
474,-0.1,-0.9,-0.1,-1.5
475,-0.098,-1,-0.098,-1.6
476,-0.1,-1.05,-0.1,-1.65
477,-0.098,-1.1,-0.098,-1.7
478,-0.096,-1.2,-0.096,-1.75
479,-0.096,-1.25,-0.094,-1.8
480,-0.092,-1.3,-0.094,-1.85
481,-0.09,-1.35,-0.09,-1.9
482,-0.088,-1.4,-0.088,-1.9
483,-0.086,-1.4,-0.086,-1.9
484,-0.08,-1.45,-0.082,-1.95
485,-0.078,-1.45,-0.078,-1.95
486,-0.074,-1.45,-0.072,-1.95
487,-0.068,-1.45,-0.07,-1.9
488,-0.064,-1.45,-0.064,-1.9
489,-0.06,-1.45,-0.06,-1.9
490,-0.054,-1.4,-0.056,-1.85
491,-0.048,-1.35,-0.05,-1.8
492,-0.044,-1.3,-0.044,-1.75
493,-0.038,-1.25,-0.038,-1.7
494,-0.032,-1.2,-0.032,-1.65
495,-0.026,-1.15,-0.026,-1.55
496,-0.02,-1.1,-0.02,-1.5
497,-0.014,-0.95,-0.014,-1.4
498,-0.008,-0.9,-0.008,-1.3
499,-0.002,-0.75,-0.002,-1.2
500,0.006,-0.6,0.006,-1.05