Lam,int,
350,-8.66396,
351,0.42533,
352,-6.55317,
353,5.29274,
354,9.49906,
355,-11.17137,
356,-4.80927,
357,-2.57895,
358,1.37858,
359,-1.8492,
360,1.00512,
361,-2.73688,
362,-3.86058,
363,-7.42531,
364,-6.87981,
365,-8.28845,
366,-4.55708,
367,-4.1367,
368,-7.00913,
369,-4.61588,
370,-0.88416,
371,-7.22078,
372,-8.52726,
373,-3.14558,
374,-9.41728,
375,-12.17158,
376,3.11567,
377,-8.1289,
378,-4.8869,
379,-11.99624,
380,0.51006,
381,-3.21295,
382,-4.73628,
383,-0.88343,
384,0.95786,
385,-4.35545,
386,-3.03659,
387,-13.30769,
388,-5.50236,
389,-7.63176,
390,-8.86233,
391,-6.85833,
392,-6.02208,
393,-7.64441,
394,-7.41895,
395,-12.54295,
396,0.05123,
397,-3.58226,
398,-5.64566,
399,-10.04859,
400,-12.36595,
401,-9.607,
402,-3.93278,
403,-4.41271,
404,-10.88087,
405,-8.8207,
406,-2.8272,
407,-0.53345,
408,-3.93326,
409,-6.80607,
410,-12.32384,
411,-6.8158,
412,-9.37338,
413,-9.73625,
414,-4.94083,
415,-7.00988,
416,-8.44138,
417,-10.7041,
418,-3.32859,
419,-9.06395,
420,-3.69743,
421,-1.96387,
422,-8.26282,
423,-2.47631,
424,6.45424,
425,-5.10835,
426,-1.89244,
427,-10.98061,
428,-4.77942,
429,-1.69795,
430,-0.96943,
431,-11.00364,
432,-2.61364,
433,-12.96083,
434,-12.25089,
435,-3.29512,
436,-8.03047,
437,-9.25751,
438,-2.5065,
439,-10.78524,
440,-5.81423,
441,-4.41031,
442,-4.50549,
443,-7.7501,
444,-19.55623,
445,-272.83098,
446,-9.12644,
447,-0.22654,
448,-1.58594,
449,-9.24239,
450,-0.60125,
451,-7.62986,
452,-5.16463,
453,-3.4016,
454,-3.96653,
455,-2.64499,
456,-8.57866,
457,10.15974,
458,-7.14923,
459,-10.59788,
460,-4.15662,
461,-10.89892,
462,-5.80073,
463,-6.72271,
464,-0.39253,
465,-3.48862,
466,-10.66025,
467,-9.95379,
468,4.00427,
469,-3.30571,
470,2.01737,
471,-1.49524,
472,-4.08264,
473,1.73467,
474,-4.39538,
475,-4.66838,
476,-2.84175,
477,-13.8017,
478,-2.54635,
479,2.93038,
480,4.38553,
481,-11.75459,
482,-3.9695,
483,-4.10622,
484,-5.34025,
485,-13.51348,
486,-11.06892,
487,-8.22908,
488,1.34711,
489,-2.54867,
490,-11.61686,
491,-6.51936,
492,-7.59547,
493,-7.64321,
494,-5.83845,
495,-6.33881,
496,-3.5653,
497,-4.1749,
498,-7.10133,
499,3.9895,
500,-14.01293,
501,5.16804,
502,-11.93561,
503,-16.12999,
504,0.19761,
505,-13.06206,
506,-4.71525,
507,2.00503,
508,-6.84777,
509,-4.24753,
510,-6.61417,
511,-5.26276,
512,-5.84823,
513,-4.91999,
514,-6.29392,
515,3.37777,
516,-7.60279,
517,-9.6569,
518,-5.26905,
519,-6.82577,
520,3.33726,
521,-9.28644,
522,-8.05039,
523,-3.63615,
524,-8.83624,
525,-2.11091,
526,4.74081,
527,-8.59772,
528,-9.56193,
529,-6.7765,
530,-6.71057,
531,-10.56789,
532,-10.0853,
533,-8.69242,
534,6.02319,
535,-12.78638,
536,-8.44747,
537,-1.09342,
538,-13.54817,
539,-4.23491,
540,2.82982,
541,-3.999,
542,-6.32788,
543,-9.53546,
544,-9.64147,
545,-0.15989,
546,-17.33007,
547,-7.65204,
548,-1.37513,
549,-1.1716,
550,-6.00726,
551,-7.49048,
552,-12.31839,
553,-3.74324,
554,-6.44715,
555,-8.34384,
556,2.78503,
557,-5.45611,
558,4.62463,
559,-2.13478,
560,-6.46253,
561,-5.82679,
562,-4.00245,
563,-10.74798,
564,-14.13885,
565,-1.63592,
566,-5.70976,
567,-6.208,
568,-4.0892,
569,-6.31469,
570,-8.77644,
571,-2.23411,
572,-10.59441,
573,-1.88753,
574,-5.87481,
575,-0.98617,
576,12.08318,
577,-6.84644,
578,-2.77844,
579,-10.12969,
580,1.18368,
581,-8.16211,
582,8.4211,
583,-3.54297,
584,156.29743,
585,193.47892,
586,37.11472,
587,12.587,
588,5.81105,
589,-4.36004,
590,5.98695,
591,1.0432,
592,-0.96659,
593,5.47905,
594,30.01465,
595,6.02943,
596,-1.00238,
597,3.85127,
598,-7.49493,
599,-7.77903,
600,-7.16335,
601,13.67593,
602,-6.98881,
603,10.46859,
604,3.28478,
605,-7.93866,
606,11.57733,
607,21.10717,
608,15.86532,
609,52.21971,
610,9.29344,
611,-1.4464,
612,-1.78353,
613,47.32071,
614,56.42001,
615,18.14521,
616,12.41831,
617,-5.8959,
618,-10.53292,
619,-4.77896,
620,-4.81967,
621,5.35722,
622,-5.6969,
623,-4.25189,
624,5.44539,
625,1.99284,
626,35.82817,
627,6.39602,
628,-10.57331,
629,-2.5867,
630,4.21402,
631,-5.04895,
632,7.62807,
633,25.45618,
634,8.41666,
635,-0.628,
636,-2.42,
637,23.61532,
638,19.10205,
639,72.47105,
640,60.84501,
641,13.18801,
642,-0.66421,
643,-4.29809,
644,-1.40284,
645,-16.6368,
646,0.46693,
647,-7.76349,
648,9.57602,
649,14.19108,
650,45.35337,
651,9.26105,
652,2.06015,
653,6.38662,
654,-4.73682,
655,-2.72065,
656,-0.25021,
657,-2.2616,
658,1.61724,
659,14.53822,
660,6.15679,
661,-0.70796,
662,-2.49885,
663,-7.51466,
664,-9.26485,
665,-6.53423,
666,-0.25716,
667,38.94242,
668,13.16941,
669,-1.20392,
670,0.6258,
671,27.05633,
672,1.96579,
673,1.9959,
674,-11.10878,
675,-9.12091,
676,-7.04575,
677,-6.60139,
678,1.32089,
679,-0.18976,
680,-2.90124,
681,-2.34411,
682,-6.14407,
683,-5.05645,
684,-15.23039,
685,-10.70399,
686,-4.0836,
687,4.8905,
688,-4.85558,
689,-7.77433,
690,-6.18055,
691,-1.6224,
692,28.39865,
693,3.78813,
694,-4.69809,
695,1.10308,
696,3.56394,
697,-4.92816,
698,-5.39192,
699,-5.74261,
700,-7.49551,
701,-12.93766,
702,22.11109,
703,13.01517,
704,-5.20284,
705,-5.48174,
706,-4.2536,
707,-6.74099,
708,-5.50921,
709,-5.5603,
710,-12.53514,
711,-8.63444,
712,-5.18711,
713,-3.66307,
714,-5.71741,
715,-8.53917,
716,-5.92347,
717,1.12209,
718,4.60606,
719,-9.1729,
720,-8.34298,
721,-4.94987,
722,1.48737,
723,0.25075,
724,-4.87677,
725,-7.45105,
726,15.52896,
727,-2.06229,
728,52.65138,
729,-5.76866,
730,-3.14905,
731,-7.32938,
732,2.61802,
733,-10.1639,
734,-5.04359,
735,-8.94664,
736,1.59515,
737,-2.8253,
738,-9.45831,
739,-7.80446,
740,-5.07373,
741,5.17943,
742,-7.38611,
743,-6.83863,
744,-3.35562,
745,-1.40862,
746,-0.25016,
747,-10.64182,
748,0.00181,
749,-6.98445,
750,-9.18603,
751,-7.68198,
752,-3.45204,
753,-5.37525,
754,-9.01202,
755,-9.02337,
756,-6.95234,
757,-8.78732,
758,17.44552,
759,-9.70043,
760,-2.33555,
761,-8.34862,
762,-11.59324,
763,-4.45283,
764,-10.90803,
765,2.64089,
766,-9.15352,
767,-1.98255,
768,-4.11119,
769,-3.81078,
770,-1.80285,
771,0.93969,
772,-7.25938,
773,-3.89961,
774,9.72194,
775,-0.89758,
776,-3.30456,
777,-2.60409,
778,4.08712,
779,-5.10971,
780,-10.50772,
781,-6.30167,
782,1.88037,
783,0.364,
784,-7.59724,
785,-1.68165,
786,-2.31183,
787,-7.58431,
788,-7.58841,
789,-1.2319,
790,-1.91827,
791,-4.02443,
792,-6.40531,
793,-7.85915,
794,-23.5046,
795,-2.67091,
796,-1.76702,
797,-3.43396,
798,-7.61419,
799,-7.01905,
800,-10.26226,
801,-9.15858,
802,-4.29846,
803,-3.80574,
804,-2.70406,
805,-11.13986,
806,5.45514,
807,3.60494,
808,-3.40239,
809,-8.6561,
810,-0.06397,
811,-6.57834,
812,-6.36077,
813,-1.53323,
814,-3.70836,
815,-4.45888,
816,-2.06998,
817,0.03852,
818,-7.60261,
819,-10.4507,
820,-1.57966,
821,-5.57216,
822,-8.59087,
823,-3.6456,
824,-7.1688,
825,-6.41028,
826,-2.75383,
827,8.62912,
828,-9.59974,
829,-1.48618,
830,-2.0568,
831,-5.36354,
832,-3.75644,
833,-7.42957,
834,-7.75347,
835,-10.3857,
836,-6.50408,
837,-2.31346,
838,-1.77169,
839,-2.90801,
840,-8.94446,
841,-1.60921,
842,16.96326,
843,-6.01233,
844,-4.56503,
845,-1.25919,
846,-0.89487,
847,-2.76914,
848,-3.7588,
849,-6.17695,
850,-0.10566,
851,-2.89639,
852,-8.53044,
853,3.63282,
854,-8.92153,
855,-0.77477,
856,-3.85038,
857,-2.63889,
858,-2.66361,
859,-5.52069,
860,-6.63265,
861,-2.23543,
862,-5.49383,
863,-0.37541,
864,-0.56602,
865,-8.23028,
866,-11.67305,
867,-2.64131,
868,-3.76674,
869,-8.16599,
870,-7.84294,
871,-5.99537,
872,-5.60346,
873,-7.7894,
874,-5.50218,
875,-1.77712,
876,-4.03464,
877,-4.67524,
878,1.83827,
879,-1.69503,
880,-3.60367,
881,-0.0566,
882,-3.65113,
883,8.73145,
884,22.52897,
885,0.82575,
886,-7.38942,
887,-5.19356,
888,-8.97777,
889,-11.3816,
890,-23.92125,
891,-20.39957,
892,7.33651,
893,-5.47708,
894,0.0905,
895,-2.42941,
896,-5.88545,
897,12.46691,
898,-7.88723,
899,-9.36471,
900,0.10494,
901,-7.63762,
902,-4.40252,
903,-6.27234,
904,-3.83544,
905,-5.99295,
906,-9.21831,
907,-10.38856,
908,-8.95833,
909,-0.74237,
910,-8.09745,
911,-2.39503,
912,-6.76799,
913,-6.23222,
914,-8.58477,
915,-7.20291,
916,-1.59914,
917,-15.11582,
918,1.34893,
919,-2.36268,
920,-11.46799,
921,-6.35524,
922,-6.18914,
923,-5.68962,
924,-9.56601,
925,15.11952,
926,-5.59579,
927,-10.1119,
928,-8.60196,
929,1.89104,
930,-2.31794,
931,3.07517,
932,-3.77904,
933,-3.83156,
934,-6.03129,
935,-10.13722,
936,-7.41563,
937,-10.25262,
938,-2.20001,
939,-4.03644,
940,-11.11654,
941,-3.74392,
942,-7.55502,
943,-7.77274,
944,-3.5632,
945,-5.19997,
946,-11.86799,
947,-2.06664,
948,0.44,
949,-6.14101,
950,-4.30737,
951,-2.54233,
952,-11.21743,
953,-4.06833,
954,-4.06485,
955,-4.92715,
956,-5.57285,
957,-2.8627,
958,-2.9404,
959,2.27896,
960,-1.19389,
961,-7.48264,
962,-5.6596,
963,-7.44992,
964,-8.37587,
965,-11.71678,
966,-4.54244,
967,1.6227,
968,1.63021,
969,-9.62102,
970,1.73841,
971,-3.83923,
972,-4.31704,
973,-0.52811,
974,-9.03789,
975,3.24323,
976,-14.02783,
977,5.11291,
978,-3.42301,
979,-5.75924,
980,-6.04171,
981,2.16848,
982,-5.67303,
983,-9.15139,
984,2.29342,
985,2.7447,
986,-5.65151,
987,-5.45219,
988,-8.91616,
989,-9.19155,
990,-7.40929,
991,-6.38126,
992,-3.85499,
993,-7.72606,
994,-4.21974,
995,-3.85312,
996,-1.64528,
997,-7.34442,
998,-11.75189,
999,-8.37188,
1000,-4.76539,

