Date,Time,Time since 1970-01-01T00:00:00Z,,T,,x,
2026-03-05,14:47:32.057195,1772718452.057195,s,4e-06,s,-16,
2026-03-05,14:47:32.307838,1772718452.307838,s,0.250647,s,-6,
2026-03-05,14:47:32.558029,1772718452.558029,s,0.500838,s,-20,
2026-03-05,14:47:32.808080,1772718452.80808,s,0.750889,s,-22,
2026-03-05,14:47:33.058538,1772718453.058538,s,1.001347,s,-21,
2026-03-05,14:47:33.308320,1772718453.30832,s,1.251129,s,-15,
2026-03-05,14:47:33.559068,1772718453.559068,s,1.501877,s,-35,
2026-03-05,14:47:33.808637,1772718453.808637,s,1.751446,s,-23,
2026-03-05,14:47:34.059589,1772718454.059589,s,2.002398,s,21,
2026-03-05,14:47:34.308981,1772718454.308981,s,2.25179,s,-17,
2026-03-05,14:47:34.560036,1772718454.560036,s,2.502845,s,-25,
2026-03-05,14:47:34.809479,1772718454.809479,s,2.752288,s,2,
2026-03-05,14:47:35.060497,1772718455.060497,s,3.003306,s,-28,
2026-03-05,14:47:35.310001,1772718455.310001,s,3.25281,s,-29,
2026-03-05,14:47:35.560947,1772718455.560947,s,3.503756,s,-15,
2026-03-05,14:47:35.810566,1772718455.810566,s,3.753375,s,-19,
2026-03-05,14:47:36.061394,1772718456.061394,s,4.004203,s,-17,
2026-03-05,14:47:36.311039,1772718456.311039,s,4.253848,s,-16,
2026-03-05,14:47:36.561841,1772718456.561841,s,4.50465,s,-2,
2026-03-05,14:47:36.811535,1772718456.811535,s,4.754344,s,-10,
2026-03-05,14:47:37.062287,1772718457.062287,s,5.005096,s,-32,
2026-03-05,14:47:37.311887,1772718457.311887,s,5.254696,s,-23,
2026-03-05,14:47:37.562769,1772718457.562769,s,5.505578,s,-26,
2026-03-05,14:47:37.812351,1772718457.812351,s,5.75516,s,-26,
2026-03-05,14:47:38.063232,1772718458.063232,s,6.006041,s,-13,
2026-03-05,14:47:38.312857,1772718458.312857,s,6.255666,s,3,
2026-03-05,14:47:38.563691,1772718458.563691,s,6.5065,s,-29,
2026-03-05,14:47:38.813370,1772718458.81337,s,6.756179,s,-17,
2026-03-05,14:47:39.064009,1772718459.064009,s,7.006818,s,-17,
2026-03-05,14:47:39.313841,1772718459.313841,s,7.25665,s,-15,
2026-03-05,14:47:39.564213,1772718459.564213,s,7.507022,s,-14,
2026-03-05,14:47:39.814388,1772718459.814388,s,7.757197,s,-28,
2026-03-05,14:47:40.064531,1772718460.064531,s,8.00734,s,-9,
2026-03-05,14:47:40.314865,1772718460.314865,s,8.257674,s,-17,
2026-03-05,14:47:40.564819,1772718460.564819,s,8.507628,s,-18,
2026-03-05,14:47:40.815373,1772718460.815373,s,8.758182,s,-5,
2026-03-05,14:47:41.065108,1772718461.065108,s,9.007917,s,-32,
2026-03-05,14:47:41.315909,1772718461.315909,s,9.258718,s,-27,
2026-03-05,14:47:41.565612,1772718461.565612,s,9.508421,s,4,
2026-03-05,14:47:41.816386,1772718461.816386,s,9.759195,s,-6,
2026-03-05,14:47:42.066123,1772718462.066123,s,10.008932,s,-12,
2026-03-05,14:47:42.316744,1772718462.316744,s,10.259553,s,-3,
2026-03-05,14:47:42.566594,1772718462.566594,s,10.509403,s,-14,
2026-03-05,14:47:42.817237,1772718462.817237,s,10.760046,s,-18,
2026-03-05,14:47:43.066974,1772718463.066974,s,11.009783,s,-14,
2026-03-05,14:47:43.317704,1772718463.317704,s,11.260513,s,-14,
2026-03-05,14:47:43.567507,1772718463.567507,s,11.510316,s,-10,
2026-03-05,14:47:43.818171,1772718463.818171,s,11.76098,s,-12,
2026-03-05,14:47:44.067850,1772718464.06785,s,12.010659,s,6,
2026-03-05,14:47:44.318638,1772718464.318638,s,12.261447,s,5,
2026-03-05,14:47:44.568397,1772718464.568397,s,12.511206,s,-12,
2026-03-05,14:47:44.819111,1772718464.819111,s,12.76192,s,-11,
2026-03-05,14:47:45.068941,1772718465.068941,s,13.01175,s,-11,
2026-03-05,14:47:45.319597,1772718465.319597,s,13.262406,s,-25,
2026-03-05,14:47:45.569413,1772718465.569413,s,13.512222,s,-6,
2026-03-05,14:47:45.819915,1772718465.819915,s,13.762724,s,0,
2026-03-05,14:47:46.069903,1772718466.069903,s,14.012712,s,-9,
2026-03-05,14:47:46.320239,1772718466.320239,s,14.263048,s,-2,
2026-03-05,14:47:46.570376,1772718466.570376,s,14.513185,s,-2,
2026-03-05,14:47:46.820537,1772718466.820537,s,14.763346,s,3,
2026-03-05,14:47:47.070909,1772718467.070909,s,15.013718,s,-30,
2026-03-05,14:47:47.320848,1772718467.320848,s,15.263657,s,-21,
2026-03-05,14:47:47.571390,1772718467.57139,s,15.514199,s,-4,
2026-03-05,14:47:47.821201,1772718467.821201,s,15.76401,s,-14,
2026-03-05,14:47:48.071783,1772718468.071783,s,16.014592,s,0,
2026-03-05,14:47:48.321459,1772718468.321459,s,16.264268,s,13,
2026-03-05,14:47:48.572269,1772718468.572269,s,16.515078,s,-7,
2026-03-05,14:47:48.821973,1772718468.821973,s,16.764782,s,-6,
2026-03-05,14:47:49.072692,1772718469.072692,s,17.015501,s,-15,
2026-03-05,14:47:49.322530,1772718469.32253,s,17.265339,s,-5,
2026-03-05,14:47:49.573173,1772718469.573173,s,17.515982,s,-4,
2026-03-05,14:47:49.822997,1772718469.822997,s,17.765806,s,-14,
2026-03-05,14:47:50.073641,1772718470.073641,s,18.01645,s,1,
2026-03-05,14:47:50.323578,1772718470.323578,s,18.266387,s,10,
2026-03-05,14:47:50.574126,1772718470.574126,s,18.516935,s,-14,
2026-03-05,14:47:50.824082,1772718470.824082,s,18.766891,s,-5,
2026-03-05,14:47:51.074401,1772718471.074401,s,19.01721,s,-17,
2026-03-05,14:47:51.324596,1772718471.324596,s,19.267405,s,-20,
2026-03-05,14:47:51.574860,1772718471.57486,s,19.517669,s,11,
2026-03-05,14:47:51.825096,1772718471.825096,s,19.767905,s,5,
2026-03-05,14:47:52.075304,1772718472.075304,s,20.018113,s,-7,
2026-03-05,14:47:52.325628,1772718472.325628,s,20.268437,s,-5,
2026-03-05,14:47:52.575634,1772718472.575634,s,20.518443,s,-83,
2026-03-05,14:47:52.826139,1772718472.826139,s,20.768948,s,-18,
2026-03-05,14:47:53.075970,1772718473.07597,s,21.018779,s,-13,
2026-03-05,14:47:53.326729,1772718473.326729,s,21.269538,s,-8,
2026-03-05,14:47:53.576215,1772718473.576215,s,21.519024,s,1,
2026-03-05,14:47:53.827239,1772718473.827239,s,21.770048,s,-3,
2026-03-05,14:47:54.076507,1772718474.076507,s,22.019316,s,3,
2026-03-05,14:47:54.327751,1772718474.327751,s,22.27056,s,5,
2026-03-05,14:47:54.576797,1772718474.576797,s,22.519606,s,-18,
2026-03-05,14:47:54.828260,1772718474.82826,s,22.771069,s,-26,
2026-03-05,14:47:55.077095,1772718475.077095,s,23.019904,s,-6,
2026-03-05,14:47:55.328662,1772718475.328662,s,23.271471,s,-13,
2026-03-05,14:47:55.577312,1772718475.577312,s,23.520121,s,-2,
2026-03-05,14:47:55.829135,1772718475.829135,s,23.771944,s,0,
2026-03-05,14:47:56.077669,1772718476.077669,s,24.020478,s,0,
2026-03-05,14:47:56.329626,1772718476.329626,s,24.272435,s,-4,
2026-03-05,14:47:56.578118,1772718476.578118,s,24.520927,s,-17,
2026-03-05,14:47:56.830155,1772718476.830155,s,24.772964,s,-7,
2026-03-05,14:47:57.078436,1772718477.078436,s,25.021245,s,-22,
2026-03-05,14:47:57.330632,1772718477.330632,s,25.273441,s,-23,
2026-03-05,14:47:57.578946,1772718477.578946,s,25.521755,s,13,
2026-03-05,14:47:57.831118,1772718477.831118,s,25.773927,s,5,
2026-03-05,14:47:58.079565,1772718478.079565,s,26.022374,s,-8,
2026-03-05,14:47:58.331705,1772718478.331705,s,26.274514,s,-4,
2026-03-05,14:47:58.580151,1772718478.580151,s,26.52296,s,0,
2026-03-05,14:47:58.832189,1772718478.832189,s,26.774998,s,-17,
2026-03-05,14:47:59.080684,1772718479.080684,s,27.023493,s,-25,
2026-03-05,14:47:59.332659,1772718479.332659,s,27.275468,s,-9,
2026-03-05,14:47:59.581219,1772718479.581219,s,27.524028,s,-6,
2026-03-05,14:47:59.833133,1772718479.833133,s,27.775942,s,-6,
2026-03-05,14:48:00.081717,1772718480.081717,s,28.024526,s,-1,
2026-03-05,14:48:00.333386,1772718480.333386,s,28.276195,s,16,
2026-03-05,14:48:00.582224,1772718480.582224,s,28.525033,s,-15,
2026-03-05,14:48:00.833872,1772718480.833872,s,28.776681,s,-21,
2026-03-05,14:48:01.082709,1772718481.082709,s,29.025518,s,4,
2026-03-05,14:48:01.334193,1772718481.334193,s,29.277002,s,-15,
2026-03-05,14:48:01.583111,1772718481.583111,s,29.52592,s,1,
2026-03-05,14:48:01.834405,1772718481.834405,s,29.777214,s,2,
2026-03-05,14:48:02.083457,1772718482.083457,s,30.026266,s,-14,
2026-03-05,14:48:02.334737,1772718482.334737,s,30.277546,s,-14,
2026-03-05,14:48:02.583944,1772718482.583944,s,30.526753,s,-9,
2026-03-05,14:48:02.835074,1772718482.835074,s,30.777883,s,5,
2026-03-05,14:48:03.084427,1772718483.084427,s,31.027236,s,-14,
2026-03-05,14:48:03.335293,1772718483.335293,s,31.278102,s,0,
2026-03-05,14:48:03.584931,1772718483.584931,s,31.52774,s,2,
2026-03-05,14:48:03.835821,1772718483.835821,s,31.77863,s,-13,
2026-03-05,14:48:04.085493,1772718484.085493,s,32.028302,s,-9,
2026-03-05,14:48:04.336275,1772718484.336275,s,32.279084,s,-8,
2026-03-05,14:48:04.585959,1772718484.585959,s,32.528768,s,-30,
2026-03-05,14:48:04.836847,1772718484.836847,s,32.779656,s,-26,
2026-03-05,14:48:05.086419,1772718485.086419,s,33.029228,s,-1,
2026-03-05,14:48:05.337356,1772718485.337356,s,33.280165,s,-2,
2026-03-05,14:48:05.586877,1772718485.586877,s,33.529686,s,-6,
2026-03-05,14:48:05.837910,1772718485.83791,s,33.780719,s,-2,
2026-03-05,14:48:06.087332,1772718486.087332,s,34.030141,s,0,
2026-03-05,14:48:06.338391,1772718486.338391,s,34.2812,s,-11,
2026-03-05,14:48:06.587666,1772718486.587666,s,34.530475,s,-16,
2026-03-05,14:48:06.838892,1772718486.838892,s,34.781701,s,-10,
2026-03-05,14:48:07.088135,1772718487.088135,s,35.030944,s,-9,
2026-03-05,14:48:07.339417,1772718487.339417,s,35.282226,s,-20,
2026-03-05,14:48:07.588598,1772718487.588598,s,35.531407,s,7,
2026-03-05,14:48:07.839902,1772718487.839902,s,35.782711,s,11,
2026-03-05,14:48:08.089125,1772718488.089125,s,36.031934,s,-14,
2026-03-05,14:48:08.340392,1772718488.340392,s,36.283201,s,-17,
2026-03-05,14:48:08.589382,1772718488.589382,s,36.532191,s,-4,
2026-03-05,14:48:08.840896,1772718488.840896,s,36.783705,s,-18,
2026-03-05,14:48:09.089688,1772718489.089688,s,37.032497,s,-6,
2026-03-05,14:48:09.341381,1772718489.341381,s,37.28419,s,-8,
2026-03-05,14:48:09.589996,1772718489.589996,s,37.532805,s,1,
2026-03-05,14:48:09.841861,1772718489.841861,s,37.78467,s,-10,
2026-03-05,14:48:10.090211,1772718490.090211,s,38.03302,s,-1,
2026-03-05,14:48:10.342380,1772718490.34238,s,38.285189,s,21,
2026-03-05,14:48:10.590432,1772718490.590432,s,38.533241,s,-27,
2026-03-05,14:48:10.842917,1772718490.842917,s,38.785726,s,-17,
2026-03-05,14:48:11.090722,1772718491.090722,s,39.033531,s,-4,
2026-03-05,14:48:11.343321,1772718491.343321,s,39.28613,s,0,
2026-03-05,14:48:11.591287,1772718491.591287,s,39.534096,s,-8,
2026-03-05,14:48:11.843793,1772718491.843793,s,39.786602,s,-9,
2026-03-05,14:48:12.091809,1772718492.091809,s,40.034618,s,0,
2026-03-05,14:48:12.344357,1772718492.344357,s,40.287166,s,-10,
2026-03-05,14:48:12.592363,1772718492.592363,s,40.535172,s,-5,
2026-03-05,14:48:12.844844,1772718492.844844,s,40.787653,s,-4,
2026-03-05,14:48:13.092909,1772718493.092909,s,41.035718,s,-1,
2026-03-05,14:48:13.345360,1772718493.34536,s,41.288169,s,-18,
2026-03-05,14:48:13.593415,1772718493.593415,s,41.536224,s,12,
2026-03-05,14:48:13.845878,1772718493.845878,s,41.788687,s,6,
2026-03-05,14:48:14.093856,1772718494.093856,s,42.036665,s,-16,
2026-03-05,14:48:14.346377,1772718494.346377,s,42.289186,s,-7,
2026-03-05,14:48:14.594364,1772718494.594364,s,42.537173,s,-15,
2026-03-05,14:48:14.846855,1772718494.846855,s,42.789664,s,-15,
2026-03-05,14:48:15.094886,1772718495.094886,s,43.037695,s,4,
2026-03-05,14:48:15.347336,1772718495.347336,s,43.290145,s,103,
2026-03-05,14:48:15.595390,1772718495.59539,s,43.538199,s,232,
2026-03-05,14:48:15.847815,1772718495.847815,s,43.790624,s,450,
2026-03-05,14:48:16.095921,1772718496.095921,s,44.03873,s,625,
2026-03-05,14:48:16.348303,1772718496.348303,s,44.291112,s,853,
2026-03-05,14:48:16.596423,1772718496.596423,s,44.539232,s,1017,
2026-03-05,14:48:16.848658,1772718496.848658,s,44.791467,s,1271,
2026-03-05,14:48:17.096932,1772718497.096932,s,45.039741,s,1496,
2026-03-05,14:48:17.349002,1772718497.349002,s,45.291811,s,1754,
2026-03-05,14:48:17.597402,1772718497.597402,s,45.540211,s,1965,
2026-03-05,14:48:17.849473,1772718497.849473,s,45.792282,s,2211,
2026-03-05,14:48:18.097883,1772718498.097883,s,46.040692,s,2285,
2026-03-05,14:48:18.349823,1772718498.349823,s,46.292632,s,2345,
2026-03-05,14:48:18.598330,1772718498.59833,s,46.541139,s,2388,
2026-03-05,14:48:18.850149,1772718498.850149,s,46.792958,s,2415,
2026-03-05,14:48:19.098853,1772718499.098853,s,47.041662,s,2419,
2026-03-05,14:48:19.350381,1772718499.350381,s,47.29319,s,2439,
2026-03-05,14:48:19.599212,1772718499.599212,s,47.542021,s,2482,
2026-03-05,14:48:19.850900,1772718499.8509,s,47.793709,s,2483,
2026-03-05,14:48:20.099694,1772718500.099694,s,48.042503,s,2481,
2026-03-05,14:48:20.351391,1772718500.351391,s,48.2942,s,2498,
2026-03-05,14:48:20.600182,1772718500.600182,s,48.542991,s,2496,
2026-03-05,14:48:20.851869,1772718500.851869,s,48.794678,s,2501,
2026-03-05,14:48:21.100646,1772718501.100646,s,49.043455,s,2514,
2026-03-05,14:48:21.352369,1772718501.352369,s,49.295178,s,2519,
2026-03-05,14:48:21.601116,1772718501.601116,s,49.543925,s,2511,
2026-03-05,14:48:21.852886,1772718501.852886,s,49.795695,s,2512,
2026-03-05,14:48:22.101596,1772718502.101596,s,50.044405,s,2524,
2026-03-05,14:48:22.353558,1772718502.353558,s,50.296367,s,2514,
2026-03-05,14:48:22.602070,1772718502.60207,s,50.544879,s,2514,
2026-03-05,14:48:22.854072,1772718502.854072,s,50.796881,s,2511,
2026-03-05,14:48:23.102555,1772718503.102555,s,51.045364,s,2524,
2026-03-05,14:48:23.354643,1772718503.354643,s,51.297452,s,2513,
2026-03-05,14:48:23.602899,1772718503.602899,s,51.545708,s,2517,
2026-03-05,14:48:23.855135,1772718503.855135,s,51.797944,s,2519,
2026-03-05,14:48:24.103204,1772718504.103204,s,52.046013,s,2522,
2026-03-05,14:48:24.355581,1772718504.355581,s,52.29839,s,2523,
2026-03-05,14:48:24.603423,1772718504.603423,s,52.546232,s,2518,
2026-03-05,14:48:24.856093,1772718504.856093,s,52.798902,s,2530,
2026-03-05,14:48:25.103715,1772718505.103715,s,53.046524,s,2517,
2026-03-05,14:48:25.356385,1772718505.356385,s,53.299194,s,2518,
2026-03-05,14:48:25.604016,1772718505.604016,s,53.546825,s,2520,
2026-03-05,14:48:25.856883,1772718505.856883,s,53.799692,s,2521,
2026-03-05,14:48:26.104221,1772718506.104221,s,54.04703,s,2517,
2026-03-05,14:48:26.357387,1772718506.357387,s,54.300196,s,2527,
2026-03-05,14:48:26.604424,1772718506.604424,s,54.547233,s,2530,
2026-03-05,14:48:26.857887,1772718506.857887,s,54.800696,s,2521,
2026-03-05,14:48:27.104765,1772718507.104765,s,55.047574,s,2520,
2026-03-05,14:48:27.358353,1772718507.358353,s,55.301162,s,2526,
2026-03-05,14:48:27.605114,1772718507.605114,s,55.547923,s,2529,
2026-03-05,14:48:27.858883,1772718507.858883,s,55.801692,s,2520,
2026-03-05,14:48:28.105368,1772718508.105368,s,56.048177,s,2528,
2026-03-05,14:48:28.359354,1772718508.359354,s,56.302163,s,2524,
2026-03-05,14:48:28.605728,1772718508.605728,s,56.548537,s,2525,
2026-03-05,14:48:28.859899,1772718508.859899,s,56.802708,s,2527,
2026-03-05,14:48:29.106080,1772718509.10608,s,57.048889,s,2533,
2026-03-05,14:48:29.360373,1772718509.360373,s,57.303182,s,2522,
2026-03-05,14:48:29.606322,1772718509.606322,s,57.549131,s,2523,
2026-03-05,14:48:29.860745,1772718509.860745,s,57.803554,s,2534,
2026-03-05,14:48:30.106717,1772718510.106717,s,58.049526,s,2527,
2026-03-05,14:48:30.361223,1772718510.361223,s,58.304032,s,2520,
2026-03-05,14:48:30.607080,1772718510.60708,s,58.549889,s,2526,
2026-03-05,14:48:30.861668,1772718510.861668,s,58.804477,s,2527,
2026-03-05,14:48:31.107304,1772718511.107304,s,59.050113,s,2527,
2026-03-05,14:48:31.362077,1772718511.362077,s,59.304886,s,2526,
2026-03-05,14:48:31.607539,1772718511.607539,s,59.550348,s,2537,
2026-03-05,14:48:31.862512,1772718511.862512,s,59.805321,s,2526,
2026-03-05,14:48:32.107913,1772718512.107913,s,60.050722,s,2534,
2026-03-05,14:48:32.363062,1772718512.363062,s,60.305871,s,2540,
2026-03-05,14:48:32.608376,1772718512.608376,s,60.551185,s,2531,
2026-03-05,14:48:32.863518,1772718512.863518,s,60.806327,s,2528,
2026-03-05,14:48:33.108758,1772718513.108758,s,61.051567,s,2536,
2026-03-05,14:48:33.363834,1772718513.363834,s,61.306643,s,2544,
2026-03-05,14:48:33.609083,1772718513.609083,s,61.551892,s,2540,
2026-03-05,14:48:33.864140,1772718513.86414,s,61.806949,s,2539,
2026-03-05,14:48:34.109305,1772718514.109305,s,62.052114,s,2545,
2026-03-05,14:48:34.364400,1772718514.3644,s,62.307209,s,2540,
2026-03-05,14:48:34.609621,1772718514.609621,s,62.55243,s,2546,
2026-03-05,14:48:34.865082,1772718514.865082,s,62.807891,s,2546,
2026-03-05,14:48:35.109971,1772718515.109971,s,63.05278,s,2555,
2026-03-05,14:48:35.365681,1772718515.365681,s,63.30849,s,2546,
2026-03-05,14:48:35.610242,1772718515.610242,s,63.553051,s,2552,
2026-03-05,14:48:35.866184,1772718515.866184,s,63.808993,s,2555,
2026-03-05,14:48:36.110583,1772718516.110583,s,64.053392,s,2558,
2026-03-05,14:48:36.366730,1772718516.36673,s,64.309539,s,2559,
2026-03-05,14:48:36.610917,1772718516.610917,s,64.553726,s,2552,
2026-03-05,14:48:36.867228,1772718516.867228,s,64.810037,s,2559,
2026-03-05,14:48:37.111243,1772718517.111243,s,65.054052,s,2564,
2026-03-05,14:48:37.367707,1772718517.367707,s,65.310516,s,2573,
2026-03-05,14:48:37.611567,1772718517.611567,s,65.554376,s,2574,
2026-03-05,14:48:37.868228,1772718517.868228,s,65.811037,s,2575,
2026-03-05,14:48:38.111925,1772718518.111925,s,66.054734,s,2578,
2026-03-05,14:48:38.368750,1772718518.36875,s,66.311559,s,2586,
2026-03-05,14:48:38.612255,1772718518.612255,s,66.555064,s,2586,
2026-03-05,14:48:38.869224,1772718518.869224,s,66.812033,s,2575,
2026-03-05,14:48:39.112525,1772718519.112525,s,67.055334,s,2576,
2026-03-05,14:48:39.369767,1772718519.369767,s,67.312576,s,2580,
2026-03-05,14:48:39.612801,1772718519.612801,s,67.55561,s,2587,
2026-03-05,14:48:39.870261,1772718519.870261,s,67.81307,s,2595,
2026-03-05,14:48:40.113098,1772718520.113098,s,68.055907,s,2597,
2026-03-05,14:48:40.370734,1772718520.370734,s,68.313543,s,2589,
2026-03-05,14:48:40.613307,1772718520.613307,s,68.556116,s,2595,
2026-03-05,14:48:40.871262,1772718520.871262,s,68.814071,s,2605,
2026-03-05,14:48:41.113676,1772718521.113676,s,69.056485,s,2613,
2026-03-05,14:48:41.371517,1772718521.371517,s,69.314326,s,2610,
2026-03-05,14:48:41.614144,1772718521.614144,s,69.556953,s,2607,
2026-03-05,14:48:41.871993,1772718521.871993,s,69.814802,s,2615,
2026-03-05,14:48:42.114668,1772718522.114668,s,70.057477,s,2596,
2026-03-05,14:48:42.372524,1772718522.372524,s,70.315333,s,2606,
2026-03-05,14:48:42.615050,1772718522.61505,s,70.557859,s,2620,
2026-03-05,14:48:42.873051,1772718522.873051,s,70.81586,s,2613,
2026-03-05,14:48:43.115590,1772718523.11559,s,71.058399,s,2612,
2026-03-05,14:48:43.373342,1772718523.373342,s,71.316151,s,2610,
2026-03-05,14:48:43.615947,1772718523.615947,s,71.558756,s,2623,
2026-03-05,14:48:43.873861,1772718523.873861,s,71.81667,s,2619,
2026-03-05,14:48:44.116504,1772718524.116504,s,72.059313,s,2622,
2026-03-05,14:48:44.374339,1772718524.374339,s,72.317148,s,2629,
2026-03-05,14:48:44.616918,1772718524.616918,s,72.559727,s,2629,
2026-03-05,14:48:44.874808,1772718524.874808,s,72.817617,s,2625,
2026-03-05,14:48:45.117398,1772718525.117398,s,73.060207,s,2620,
2026-03-05,14:48:45.375271,1772718525.375271,s,73.31808,s,2632,
2026-03-05,14:48:45.617941,1772718525.617941,s,73.56075,s,2628,
2026-03-05,14:48:45.875776,1772718525.875776,s,73.818585,s,2627,
2026-03-05,14:48:46.118431,1772718526.118431,s,74.06124,s,2633,
2026-03-05,14:48:46.376129,1772718526.376129,s,74.318938,s,2634,
2026-03-05,14:48:46.618935,1772718526.618935,s,74.561744,s,2642,
2026-03-05,14:48:46.876560,1772718526.87656,s,74.819369,s,2649,
2026-03-05,14:48:47.119395,1772718527.119395,s,75.062204,s,2658,
2026-03-05,14:48:47.377024,1772718527.377024,s,75.319833,s,2646,
2026-03-05,14:48:47.619918,1772718527.619918,s,75.562727,s,2655,
2026-03-05,14:48:47.877474,1772718527.877474,s,75.820283,s,2669,
2026-03-05,14:48:48.120323,1772718528.120323,s,76.063132,s,2671,
2026-03-05,14:48:48.377776,1772718528.377776,s,76.320585,s,2668,
2026-03-05,14:48:48.620803,1772718528.620803,s,76.563612,s,2677,
2026-03-05,14:48:48.878060,1772718528.87806,s,76.820869,s,2673,
2026-03-05,14:48:49.121274,1772718529.121274,s,77.064083,s,2685,
2026-03-05,14:48:49.378285,1772718529.378285,s,77.321094,s,2696,
2026-03-05,14:48:49.621760,1772718529.62176,s,77.564569,s,2715,
2026-03-05,14:48:49.878848,1772718529.878848,s,77.821657,s,2692,
2026-03-05,14:48:50.122197,1772718530.122197,s,78.065006,s,2711,
2026-03-05,14:48:50.379392,1772718530.379392,s,78.322201,s,2720,
2026-03-05,14:48:50.622628,1772718530.622628,s,78.565437,s,2734,
2026-03-05,14:48:50.879935,1772718530.879935,s,78.822744,s,2729,
2026-03-05,14:48:51.123096,1772718531.123096,s,79.065905,s,2758,
2026-03-05,14:48:51.380363,1772718531.380363,s,79.323172,s,2751,
2026-03-05,14:48:51.623548,1772718531.623548,s,79.566357,s,2764,
2026-03-05,14:48:51.880902,1772718531.880902,s,79.823711,s,2770,
2026-03-05,14:48:52.123989,1772718532.123989,s,80.066798,s,2784,
2026-03-05,14:48:52.381357,1772718532.381357,s,80.324166,s,2777,
2026-03-05,14:48:52.624457,1772718532.624457,s,80.567266,s,2780,
2026-03-05,14:48:52.881944,1772718532.881944,s,80.824753,s,2801,
2026-03-05,14:48:53.124916,1772718533.124916,s,81.067725,s,2792,
2026-03-05,14:48:53.382222,1772718533.382222,s,81.325031,s,2810,
2026-03-05,14:48:53.625201,1772718533.625201,s,81.56801,s,2815,
2026-03-05,14:48:53.882691,1772718533.882691,s,81.8255,s,2837,
2026-03-05,14:48:54.125477,1772718534.125477,s,82.068286,s,2855,
2026-03-05,14:48:54.383204,1772718534.383204,s,82.326013,s,2886,
2026-03-05,14:48:54.625777,1772718534.625777,s,82.568586,s,2922,
2026-03-05,14:48:54.883728,1772718534.883728,s,82.826537,s,2923,
2026-03-05,14:48:55.126072,1772718535.126072,s,83.068881,s,2946,
2026-03-05,14:48:55.384193,1772718535.384193,s,83.327002,s,2973,
2026-03-05,14:48:55.626299,1772718535.626299,s,83.569108,s,2986,
2026-03-05,14:48:55.884459,1772718535.884459,s,83.827268,s,2986,
2026-03-05,14:48:56.126780,1772718536.12678,s,84.069589,s,2992,
2026-03-05,14:48:56.384982,1772718536.384982,s,84.327791,s,3025,
2026-03-05,14:48:56.627298,1772718536.627298,s,84.570107,s,3026,
2026-03-05,14:48:56.885482,1772718536.885482,s,84.828291,s,3025,
2026-03-05,14:48:57.127797,1772718537.127797,s,85.070606,s,3059,
2026-03-05,14:48:57.386001,1772718537.386001,s,85.32881,s,3071,
2026-03-05,14:48:57.628317,1772718537.628317,s,85.571126,s,3088,
2026-03-05,14:48:57.886531,1772718537.886531,s,85.82934,s,3109,
2026-03-05,14:48:58.128793,1772718538.128793,s,86.071602,s,3146,
2026-03-05,14:48:58.387028,1772718538.387028,s,86.329837,s,3157,
2026-03-05,14:48:58.629237,1772718538.629237,s,86.572046,s,3195,
2026-03-05,14:48:58.887488,1772718538.887488,s,86.830297,s,3242,
2026-03-05,14:48:59.129708,1772718539.129708,s,87.072517,s,3360,
2026-03-05,14:48:59.387964,1772718539.387964,s,87.330773,s,3433,
2026-03-05,14:48:59.630193,1772718539.630193,s,87.573002,s,3562,
2026-03-05,14:48:59.888424,1772718539.888424,s,87.831233,s,3663,
2026-03-05,14:49:00.130722,1772718540.130722,s,88.073531,s,3852,
2026-03-05,14:49:00.388822,1772718540.388822,s,88.331631,s,3918,
2026-03-05,14:49:00.631220,1772718540.63122,s,88.574029,s,4388,
2026-03-05,14:49:00.889163,1772718540.889163,s,88.831972,s,4595,
2026-03-05,14:49:01.131741,1772718541.131741,s,89.07455,s,5082,
2026-03-05,14:49:01.389582,1772718541.389582,s,89.332391,s,5294,
2026-03-05,14:49:01.632273,1772718541.632273,s,89.575082,s,5792,
2026-03-05,14:49:01.890050,1772718541.89005,s,89.832859,s,5989,
2026-03-05,14:49:02.132644,1772718542.132644,s,90.075453,s,6354,
2026-03-05,14:49:02.390512,1772718542.390512,s,90.333321,s,6647,
2026-03-05,14:49:02.633133,1772718542.633133,s,90.575942,s,6995,
2026-03-05,14:49:02.890865,1772718542.890865,s,90.833674,s,7250,
2026-03-05,14:49:03.133653,1772718543.133653,s,91.076462,s,7596,
2026-03-05,14:49:03.391222,1772718543.391222,s,91.334031,s,7851,
2026-03-05,14:49:03.634142,1772718543.634142,s,91.576951,s,8171,
2026-03-05,14:49:03.891482,1772718543.891482,s,91.834291,s,8384,
2026-03-05,14:49:04.134591,1772718544.134591,s,92.0774,s,8682,
2026-03-05,14:49:04.391961,1772718544.391961,s,92.33477,s,8869,
2026-03-05,14:49:04.635054,1772718544.635054,s,92.577863,s,9129,
2026-03-05,14:49:04.892491,1772718544.892491,s,92.8353,s,9314,
2026-03-05,14:49:05.135526,1772718545.135526,s,93.078335,s,9528,
2026-03-05,14:49:05.392893,1772718545.392893,s,93.335702,s,9681,
2026-03-05,14:49:05.635970,1772718545.63597,s,93.578779,s,9864,
2026-03-05,14:49:05.893348,1772718545.893348,s,93.836157,s,10001,
2026-03-05,14:49:06.136235,1772718546.136235,s,94.079044,s,10166,
2026-03-05,14:49:06.393781,1772718546.393781,s,94.33659,s,10278,
2026-03-05,14:49:06.636493,1772718546.636493,s,94.579302,s,10413,
2026-03-05,14:49:06.894288,1772718546.894288,s,94.837097,s,10509,
2026-03-05,14:49:07.136788,1772718547.136788,s,95.079597,s,10634,
2026-03-05,14:49:07.394753,1772718547.394753,s,95.337562,s,10718,
2026-03-05,14:49:07.636999,1772718547.636999,s,95.579808,s,10832,
2026-03-05,14:49:07.895224,1772718547.895224,s,95.838033,s,10901,
2026-03-05,14:49:08.137508,1772718548.137508,s,96.080317,s,10995,
2026-03-05,14:49:08.395729,1772718548.395729,s,96.338538,s,11068,
2026-03-05,14:49:08.638011,1772718548.638011,s,96.58082,s,11149,
2026-03-05,14:49:08.896284,1772718548.896284,s,96.839093,s,11205,
2026-03-05,14:49:09.138550,1772718549.13855,s,97.081359,s,11275,
2026-03-05,14:49:09.396753,1772718549.396753,s,97.339562,s,11334,
2026-03-05,14:49:09.639041,1772718549.639041,s,97.58185,s,11380,
2026-03-05,14:49:09.897275,1772718549.897275,s,97.840084,s,11430,
2026-03-05,14:49:10.139571,1772718550.139571,s,98.08238,s,11483,
2026-03-05,14:49:10.397833,1772718550.397833,s,98.340642,s,11525,
2026-03-05,14:49:10.640076,1772718550.640076,s,98.582885,s,11573,
2026-03-05,14:49:10.898310,1772718550.89831,s,98.841119,s,11610,
2026-03-05,14:49:11.140604,1772718551.140604,s,99.083413,s,11668,
2026-03-05,14:49:11.398879,1772718551.398879,s,99.341688,s,11682,
2026-03-05,14:49:11.641139,1772718551.641139,s,99.583948,s,11732,
2026-03-05,14:49:11.899382,1772718551.899382,s,99.842191,s,11760,
2026-03-05,14:49:12.141402,1772718552.141402,s,100.084211,s,11816,
2026-03-05,14:49:12.400043,1772718552.400043,s,100.342852,s,11823,
2026-03-05,14:49:12.641911,1772718552.641911,s,100.58472,s,11870,
2026-03-05,14:49:12.900524,1772718552.900524,s,100.843333,s,11895,
2026-03-05,14:49:13.142425,1772718553.142425,s,101.085234,s,11944,
2026-03-05,14:49:13.400969,1772718553.400969,s,101.343778,s,11964,
2026-03-05,14:49:13.642914,1772718553.642914,s,101.585723,s,12005,
2026-03-05,14:49:13.901383,1772718553.901383,s,101.844192,s,12026,
2026-03-05,14:49:14.143438,1772718554.143438,s,102.086247,s,12058,
2026-03-05,14:49:14.401830,1772718554.40183,s,102.344639,s,12093,
2026-03-05,14:49:14.643979,1772718554.643979,s,102.586788,s,12116,
2026-03-05,14:49:14.902199,1772718554.902199,s,102.845008,s,12142,
2026-03-05,14:49:15.144474,1772718555.144474,s,103.087283,s,12176,
2026-03-05,14:49:15.402658,1772718555.402658,s,103.345467,s,12201,
2026-03-05,14:49:15.644998,1772718555.644998,s,103.587807,s,12224,
2026-03-05,14:49:15.903003,1772718555.903003,s,103.845812,s,12241,
2026-03-05,14:49:16.145483,1772718556.145483,s,104.088292,s,12294,
2026-03-05,14:49:16.403328,1772718556.403328,s,104.346137,s,12313,
2026-03-05,14:49:16.645915,1772718556.645915,s,104.588724,s,12342,
2026-03-05,14:49:16.903836,1772718556.903836,s,104.846645,s,12365,
2026-03-05,14:49:17.146367,1772718557.146367,s,105.089176,s,12395,
2026-03-05,14:49:17.404304,1772718557.404304,s,105.347113,s,12415,
2026-03-05,14:49:17.646776,1772718557.646776,s,105.589585,s,12445,
2026-03-05,14:49:17.904615,1772718557.904615,s,105.847424,s,12467,
2026-03-05,14:49:18.147226,1772718558.147226,s,106.090035,s,12489,
2026-03-05,14:49:18.405139,1772718558.405139,s,106.347948,s,12514,
2026-03-05,14:49:18.647569,1772718558.647569,s,106.590378,s,12542,
2026-03-05,14:49:18.905637,1772718558.905637,s,106.848446,s,12556,
2026-03-05,14:49:19.147917,1772718559.147917,s,107.090726,s,12589,
2026-03-05,14:49:19.406144,1772718559.406144,s,107.348953,s,12612,
2026-03-05,14:49:19.648240,1772718559.64824,s,107.591049,s,12648,
2026-03-05,14:49:19.906670,1772718559.90667,s,107.849479,s,12662,
2026-03-05,14:49:20.148616,1772718560.148616,s,108.091425,s,12683,
2026-03-05,14:49:20.407166,1772718560.407166,s,108.349975,s,12712,
2026-03-05,14:49:20.648922,1772718560.648922,s,108.591731,s,12745,
2026-03-05,14:49:20.907632,1772718560.907632,s,108.850441,s,12765,
2026-03-05,14:49:21.149216,1772718561.149216,s,109.092025,s,12784,
2026-03-05,14:49:21.408177,1772718561.408177,s,109.350986,s,12815,
2026-03-05,14:49:21.649517,1772718561.649517,s,109.592326,s,12831,
2026-03-05,14:49:21.908658,1772718561.908658,s,109.851467,s,12858,
2026-03-05,14:49:22.149820,1772718562.14982,s,110.092629,s,12889,
2026-03-05,14:49:22.409180,1772718562.40918,s,110.351989,s,12900,
2026-03-05,14:49:22.650115,1772718562.650115,s,110.592924,s,12928,
2026-03-05,14:49:22.909659,1772718562.909659,s,110.852468,s,12947,
2026-03-05,14:49:23.150588,1772718563.150588,s,111.093397,s,12984,
2026-03-05,14:49:23.410140,1772718563.41014,s,111.352949,s,12988,
2026-03-05,14:49:23.651142,1772718563.651142,s,111.593951,s,13017,
2026-03-05,14:49:23.910650,1772718563.91065,s,111.853459,s,13034,
2026-03-05,14:49:24.151650,1772718564.15165,s,112.094459,s,13065,
2026-03-05,14:49:24.411137,1772718564.411137,s,112.353946,s,13074,
2026-03-05,14:49:24.652158,1772718564.652158,s,112.594967,s,13103,
2026-03-05,14:49:24.911682,1772718564.911682,s,112.854491,s,13119,
2026-03-05,14:49:25.152644,1772718565.152644,s,113.095453,s,13145,
2026-03-05,14:49:25.412223,1772718565.412223,s,113.355032,s,13169,
2026-03-05,14:49:25.653094,1772718565.653094,s,113.595903,s,13199,
2026-03-05,14:49:25.912751,1772718565.912751,s,113.85556,s,13212,
2026-03-05,14:49:26.153544,1772718566.153544,s,114.096353,s,13233,
2026-03-05,14:49:26.413233,1772718566.413233,s,114.356042,s,13254,
2026-03-05,14:49:26.653859,1772718566.653859,s,114.596668,s,13275,
2026-03-05,14:49:26.913639,1772718566.913639,s,114.856448,s,13297,
2026-03-05,14:49:27.154426,1772718567.154426,s,115.097235,s,13320,
2026-03-05,14:49:27.413946,1772718567.413946,s,115.356755,s,13347,
2026-03-05,14:49:27.654964,1772718567.654964,s,115.597773,s,13364,
2026-03-05,14:49:27.914349,1772718567.914349,s,115.857158,s,13381,
2026-03-05,14:49:28.155331,1772718568.155331,s,116.09814,s,13413,
2026-03-05,14:49:28.414626,1772718568.414626,s,116.357435,s,13427,
2026-03-05,14:49:28.655796,1772718568.655796,s,116.598605,s,13447,
2026-03-05,14:49:28.915053,1772718568.915053,s,116.857862,s,13458,
2026-03-05,14:49:29.156272,1772718569.156272,s,117.099081,s,13485,
2026-03-05,14:49:29.415370,1772718569.41537,s,117.358179,s,13508,
2026-03-05,14:49:29.656826,1772718569.656826,s,117.599635,s,13517,
2026-03-05,14:49:29.915598,1772718569.915598,s,117.858407,s,13549,
2026-03-05,14:49:30.157301,1772718570.157301,s,118.10011,s,13564,
2026-03-05,14:49:30.415922,1772718570.415922,s,118.358731,s,13590,
2026-03-05,14:49:30.657752,1772718570.657752,s,118.600561,s,13603,
2026-03-05,14:49:30.916187,1772718570.916187,s,118.858996,s,13630,
2026-03-05,14:49:31.158093,1772718571.158093,s,119.100902,s,13642,
2026-03-05,14:49:31.416682,1772718571.416682,s,119.359491,s,13664,
2026-03-05,14:49:31.658547,1772718571.658547,s,119.601356,s,13687,
2026-03-05,14:49:31.917163,1772718571.917163,s,119.859972,s,13705,
2026-03-05,14:49:32.158988,1772718572.158988,s,120.101797,s,13724,
2026-03-05,14:49:32.417589,1772718572.417589,s,120.360398,s,13742,
2026-03-05,14:49:32.659246,1772718572.659246,s,120.602055,s,13762,
2026-03-05,14:49:32.918080,1772718572.91808,s,120.860889,s,13785,
2026-03-05,14:49:33.159633,1772718573.159633,s,121.102442,s,13797,
2026-03-05,14:49:33.418564,1772718573.418564,s,121.361373,s,13819,
2026-03-05,14:49:33.660158,1772718573.660158,s,121.602967,s,13839,
2026-03-05,14:49:33.919030,1772718573.91903,s,121.861839,s,13862,
2026-03-05,14:49:34.160449,1772718574.160449,s,122.103258,s,13874,
2026-03-05,14:49:34.419531,1772718574.419531,s,122.36234,s,13883,
2026-03-05,14:49:34.660773,1772718574.660773,s,122.603582,s,13903,
2026-03-05,14:49:34.920051,1772718574.920051,s,122.86286,s,13934,
2026-03-05,14:49:35.161087,1772718575.161087,s,123.103896,s,13951,
2026-03-05,14:49:35.420570,1772718575.42057,s,123.363379,s,13966,
2026-03-05,14:49:35.661316,1772718575.661316,s,123.604125,s,13985,
2026-03-05,14:49:35.921136,1772718575.921136,s,123.863945,s,14010,
2026-03-05,14:49:36.161531,1772718576.161531,s,124.10434,s,14021,
2026-03-05,14:49:36.421653,1772718576.421653,s,124.364462,s,14044,
2026-03-05,14:49:36.661817,1772718576.661817,s,124.604626,s,14067,
2026-03-05,14:49:36.922010,1772718576.92201,s,124.864819,s,14088,
2026-03-05,14:49:37.162052,1772718577.162052,s,125.104861,s,14094,
2026-03-05,14:49:37.422479,1772718577.422479,s,125.365288,s,14117,
2026-03-05,14:49:37.662578,1772718577.662578,s,125.605387,s,14130,
2026-03-05,14:49:37.922832,1772718577.922832,s,125.865641,s,14163,
2026-03-05,14:49:38.162858,1772718578.162858,s,126.105667,s,14165,
2026-03-05,14:49:38.423305,1772718578.423305,s,126.366114,s,14193,
2026-03-05,14:49:38.663391,1772718578.663391,s,126.6062,s,14202,
2026-03-05,14:49:38.923696,1772718578.923696,s,126.866505,s,14225,
2026-03-05,14:49:39.163925,1772718579.163925,s,127.106734,s,14236,
2026-03-05,14:49:39.424212,1772718579.424212,s,127.367021,s,14262,
2026-03-05,14:49:39.664433,1772718579.664433,s,127.607242,s,14271,
2026-03-05,14:49:39.924693,1772718579.924693,s,127.867502,s,14286,
2026-03-05,14:49:40.164920,1772718580.16492,s,128.107729,s,14319,
2026-03-05,14:49:40.425142,1772718580.425142,s,128.367951,s,14329,
2026-03-05,14:49:40.665419,1772718580.665419,s,128.608228,s,14347,
2026-03-05,14:49:40.925578,1772718580.925578,s,128.868387,s,14359,
2026-03-05,14:49:41.165882,1772718581.165882,s,129.108691,s,14381,
2026-03-05,14:49:41.426010,1772718581.42601,s,129.368819,s,14397,
2026-03-05,14:49:41.666333,1772718581.666333,s,129.609142,s,14405,
2026-03-05,14:49:41.926308,1772718581.926308,s,129.869117,s,14432,
2026-03-05,14:49:42.166661,1772718582.166661,s,130.10947,s,14436,
2026-03-05,14:49:42.426745,1772718582.426745,s,130.369554,s,14466,
2026-03-05,14:49:42.667160,1772718582.66716,s,130.609969,s,14480,
2026-03-05,14:49:42.927087,1772718582.927087,s,130.869896,s,14501,
2026-03-05,14:49:43.167639,1772718583.167639,s,131.110448,s,14512,
2026-03-05,14:49:43.427443,1772718583.427443,s,131.370252,s,14530,
2026-03-05,14:49:43.668139,1772718583.668139,s,131.610948,s,14555,
2026-03-05,14:49:43.927895,1772718583.927895,s,131.870704,s,14569,
2026-03-05,14:49:44.168632,1772718584.168632,s,132.111441,s,14585,
2026-03-05,14:49:44.428515,1772718584.428515,s,132.371324,s,14601,
2026-03-05,14:49:44.669091,1772718584.669091,s,132.6119,s,14619,
2026-03-05,14:49:44.928853,1772718584.928853,s,132.871662,s,14632,
2026-03-05,14:49:45.169434,1772718585.169434,s,133.112243,s,14643,
2026-03-05,14:49:45.429309,1772718585.429309,s,133.372118,s,14681,
2026-03-05,14:49:45.669905,1772718585.669905,s,133.612714,s,14677,
2026-03-05,14:49:45.929573,1772718585.929573,s,133.872382,s,14699,
2026-03-05,14:49:46.170266,1772718586.170266,s,134.113075,s,14717,
2026-03-05,14:49:46.429845,1772718586.429845,s,134.372654,s,14739,
2026-03-05,14:49:46.670730,1772718586.67073,s,134.613539,s,14743,
2026-03-05,14:49:46.930367,1772718586.930367,s,134.873176,s,14755,
2026-03-05,14:49:47.171183,1772718587.171183,s,135.113992,s,14780,
2026-03-05,14:49:47.430877,1772718587.430877,s,135.373686,s,14790,
2026-03-05,14:49:47.671426,1772718587.671426,s,135.614235,s,14804,
2026-03-05,14:49:47.931278,1772718587.931278,s,135.874087,s,14825,
2026-03-05,14:49:48.171753,1772718588.171753,s,136.114562,s,14840,
2026-03-05,14:49:48.431838,1772718588.431838,s,136.374647,s,14860,
2026-03-05,14:49:48.672116,1772718588.672116,s,136.614925,s,14880,
2026-03-05,14:49:48.932398,1772718588.932398,s,136.875207,s,14902,
2026-03-05,14:49:49.172362,1772718589.172362,s,137.115171,s,14903,
2026-03-05,14:49:49.432918,1772718589.432918,s,137.375727,s,14927,
2026-03-05,14:49:49.672710,1772718589.67271,s,137.615519,s,14943,
2026-03-05,14:49:49.933249,1772718589.933249,s,137.876058,s,14955,
2026-03-05,14:49:50.173049,1772718590.173049,s,138.115858,s,14964,
2026-03-05,14:49:50.433750,1772718590.43375,s,138.376559,s,14988,
2026-03-05,14:49:50.673250,1772718590.67325,s,138.616059,s,14995,
2026-03-05,14:49:50.934188,1772718590.934188,s,138.876997,s,15019,
2026-03-05,14:49:51.173550,1772718591.17355,s,139.116359,s,15031,
2026-03-05,14:49:51.434664,1772718591.434664,s,139.377473,s,15058,
2026-03-05,14:49:51.673846,1772718591.673846,s,139.616655,s,15066,
2026-03-05,14:49:51.935139,1772718591.935139,s,139.877948,s,15082,
2026-03-05,14:49:52.174162,1772718592.174162,s,140.116971,s,15102,
2026-03-05,14:49:52.435579,1772718592.435579,s,140.378388,s,15110,
2026-03-05,14:49:52.674429,1772718592.674429,s,140.617238,s,15124,
2026-03-05,14:49:52.936044,1772718592.936044,s,140.878853,s,15139,
2026-03-05,14:49:53.174980,1772718593.17498,s,141.117789,s,15158,
2026-03-05,14:49:53.436598,1772718593.436598,s,141.379407,s,15175,
2026-03-05,14:49:53.675514,1772718593.675514,s,141.618323,s,15184,
2026-03-05,14:49:53.937092,1772718593.937092,s,141.879901,s,15209,
2026-03-05,14:49:54.176030,1772718594.17603,s,142.118839,s,15214,
2026-03-05,14:49:54.437667,1772718594.437667,s,142.380476,s,15239,
2026-03-05,14:49:54.676513,1772718594.676513,s,142.619322,s,15249,
2026-03-05,14:49:54.938096,1772718594.938096,s,142.880905,s,15270,
2026-03-05,14:49:55.176969,1772718595.176969,s,143.119778,s,15282,
2026-03-05,14:49:55.438517,1772718595.438517,s,143.381326,s,15293,
2026-03-05,14:49:55.677497,1772718595.677497,s,143.620306,s,15311,
2026-03-05,14:49:55.938866,1772718595.938866,s,143.881675,s,15326,
2026-03-05,14:49:56.177871,1772718596.177871,s,144.12068,s,15340,
2026-03-05,14:49:56.439232,1772718596.439232,s,144.382041,s,15357,
2026-03-05,14:49:56.678370,1772718596.67837,s,144.621179,s,15366,
2026-03-05,14:49:56.939579,1772718596.939579,s,144.882388,s,15388,
2026-03-05,14:49:57.178856,1772718597.178856,s,145.121665,s,15396,
2026-03-05,14:49:57.439922,1772718597.439922,s,145.382731,s,15416,
2026-03-05,14:49:57.679362,1772718597.679362,s,145.622171,s,15427,
2026-03-05,14:49:57.940141,1772718597.940141,s,145.88295,s,15440,
2026-03-05,14:49:58.179883,1772718598.179883,s,146.122692,s,15468,
2026-03-05,14:49:58.440403,1772718598.440403,s,146.383212,s,15475,
2026-03-05,14:49:58.680387,1772718598.680387,s,146.623196,s,15364,
2026-03-05,14:49:58.940727,1772718598.940727,s,146.883536,s,15250,
2026-03-05,14:49:59.180870,1772718599.18087,s,147.123679,s,15224,
2026-03-05,14:49:59.441252,1772718599.441252,s,147.384061,s,15162,
2026-03-05,14:49:59.681380,1772718599.68138,s,147.624189,s,15154,
2026-03-05,14:49:59.941645,1772718599.941645,s,147.884454,s,15116,
2026-03-05,14:50:00.181863,1772718600.181863,s,148.124672,s,15098,
2026-03-05,14:50:00.441969,1772718600.441969,s,148.384778,s,15072,
2026-03-05,14:50:00.682322,1772718600.682322,s,148.625131,s,15068,
2026-03-05,14:50:00.942230,1772718600.94223,s,148.885039,s,15051,
2026-03-05,14:50:01.182776,1772718601.182776,s,149.125585,s,15037,
2026-03-05,14:50:01.442522,1772718601.442522,s,149.385331,s,15023,
2026-03-05,14:50:01.683233,1772718601.683233,s,149.626042,s,15013,
2026-03-05,14:50:01.943144,1772718601.943144,s,149.885953,s,15001,
2026-03-05,14:50:02.183683,1772718602.183683,s,150.126492,s,14996,
2026-03-05,14:50:02.443664,1772718602.443664,s,150.386473,s,14993,
2026-03-05,14:50:02.684133,1772718602.684133,s,150.626942,s,14980,
2026-03-05,14:50:02.944170,1772718602.94417,s,150.886979,s,14967,
2026-03-05,14:50:03.184594,1772718603.184594,s,151.127403,s,14966,
2026-03-05,14:50:03.444441,1772718603.444441,s,151.38725,s,14958,
2026-03-05,14:50:03.684936,1772718603.684936,s,151.627745,s,14948,
2026-03-05,14:50:03.944938,1772718603.944938,s,151.887747,s,14932,
2026-03-05,14:50:04.185239,1772718604.185239,s,152.128048,s,14932,
2026-03-05,14:50:04.445500,1772718604.4455,s,152.388309,s,14921,
2026-03-05,14:50:04.685601,1772718604.685601,s,152.62841,s,14915,
2026-03-05,14:50:04.945983,1772718604.945983,s,152.888792,s,14908,
2026-03-05,14:50:05.185923,1772718605.185923,s,153.128732,s,14909,
2026-03-05,14:50:05.446537,1772718605.446537,s,153.389346,s,14855,
2026-03-05,14:50:05.686227,1772718605.686227,s,153.629036,s,14224,
2026-03-05,14:50:05.947028,1772718605.947028,s,153.889837,s,13489,
2026-03-05,14:50:06.186509,1772718606.186509,s,154.129318,s,12936,
2026-03-05,14:50:06.447603,1772718606.447603,s,154.390412,s,12213,
2026-03-05,14:50:06.686806,1772718606.686806,s,154.629615,s,11684,
2026-03-05,14:50:06.948032,1772718606.948032,s,154.890841,s,10994,
2026-03-05,14:50:07.187100,1772718607.1871,s,155.129909,s,10484,
2026-03-05,14:50:07.448609,1772718607.448609,s,155.391418,s,9810,
2026-03-05,14:50:07.687575,1772718607.687575,s,155.630384,s,9317,
2026-03-05,14:50:07.948965,1772718607.948965,s,155.891774,s,8635,
2026-03-05,14:50:08.188217,1772718608.188217,s,156.131026,s,8148,
2026-03-05,14:50:08.449476,1772718608.449476,s,156.392285,s,7510,
2026-03-05,14:50:08.688710,1772718608.68871,s,156.631519,s,7026,
2026-03-05,14:50:08.949960,1772718608.94996,s,156.892769,s,6395,
2026-03-05,14:50:09.189010,1772718609.18901,s,157.131819,s,5930,
2026-03-05,14:50:09.450264,1772718609.450264,s,157.393073,s,5331,
2026-03-05,14:50:09.689456,1772718609.689456,s,157.632265,s,4890,
2026-03-05,14:50:09.950814,1772718609.950814,s,157.893623,s,4313,
2026-03-05,14:50:10.189700,1772718610.1897,s,158.132509,s,4027,
2026-03-05,14:50:10.451142,1772718610.451142,s,158.393951,s,4353,
2026-03-05,14:50:10.690142,1772718610.690142,s,158.632951,s,4683,
2026-03-05,14:50:10.951473,1772718610.951473,s,158.894282,s,5486,
2026-03-05,14:50:11.190528,1772718611.190528,s,159.133337,s,5815,
2026-03-05,14:50:11.451801,1772718611.451801,s,159.39461,s,6637,
2026-03-05,14:50:11.690985,1772718611.690985,s,159.633794,s,6974,
2026-03-05,14:50:11.952035,1772718611.952035,s,159.894844,s,7817,
2026-03-05,14:50:12.191253,1772718612.191253,s,160.134062,s,8141,
2026-03-05,14:50:12.452323,1772718612.452323,s,160.395132,s,8803,
2026-03-05,14:50:12.691757,1772718612.691757,s,160.634566,s,9321,
2026-03-05,14:50:12.952698,1772718612.952698,s,160.895507,s,9999,
2026-03-05,14:50:13.192209,1772718613.192209,s,161.135018,s,10504,
2026-03-05,14:50:13.453140,1772718613.45314,s,161.395949,s,11183,
2026-03-05,14:50:13.692583,1772718613.692583,s,161.635392,s,11670,
2026-03-05,14:50:13.953565,1772718613.953565,s,161.896374,s,12331,
2026-03-05,14:50:14.193101,1772718614.193101,s,162.13591,s,12840,
2026-03-05,14:50:14.453854,1772718614.453854,s,162.396663,s,13495,
2026-03-05,14:50:14.693665,1772718614.693665,s,162.636474,s,13973,
2026-03-05,14:50:14.954232,1772718614.954232,s,162.897041,s,14575,
2026-03-05,14:50:15.194149,1772718615.194149,s,163.136958,s,14963,
2026-03-05,14:50:15.454601,1772718615.454601,s,163.39741,s,15301,
2026-03-05,14:50:15.694592,1772718615.694592,s,163.637401,s,15432,
2026-03-05,14:50:15.954903,1772718615.954903,s,163.897712,s,15518,
2026-03-05,14:50:16.194939,1772718616.194939,s,164.137748,s,15552,
2026-03-05,14:50:16.455429,1772718616.455429,s,164.398238,s,15576,
2026-03-05,14:50:16.695398,1772718616.695398,s,164.638207,s,15585,
2026-03-05,14:50:16.955956,1772718616.955956,s,164.898765,s,15615,
2026-03-05,14:50:17.195750,1772718617.19575,s,165.138559,s,15612,
2026-03-05,14:50:17.456491,1772718617.456491,s,165.3993,s,15623,
2026-03-05,14:50:17.696117,1772718617.696117,s,165.638926,s,15632,
2026-03-05,14:50:17.956967,1772718617.956967,s,165.899776,s,15646,
2026-03-05,14:50:18.196571,1772718618.196571,s,166.13938,s,15659,
2026-03-05,14:50:18.457499,1772718618.457499,s,166.400308,s,15656,
2026-03-05,14:50:18.696915,1772718618.696915,s,166.639724,s,15677,
2026-03-05,14:50:18.957965,1772718618.957965,s,166.900774,s,15684,
2026-03-05,14:50:19.197238,1772718619.197238,s,167.140047,s,15694,
2026-03-05,14:50:19.458522,1772718619.458522,s,167.401331,s,15709,
2026-03-05,14:50:19.697488,1772718619.697488,s,167.640297,s,15716,
2026-03-05,14:50:19.959076,1772718619.959076,s,167.901885,s,15730,
2026-03-05,14:50:20.197839,1772718620.197839,s,168.140648,s,15737,
2026-03-05,14:50:20.459616,1772718620.459616,s,168.402425,s,15756,
2026-03-05,14:50:20.698149,1772718620.698149,s,168.640958,s,15769,
2026-03-05,14:50:20.960151,1772718620.960151,s,168.90296,s,15780,
2026-03-05,14:50:21.198368,1772718621.198368,s,169.141177,s,15791,
2026-03-05,14:50:21.460665,1772718621.460665,s,169.403474,s,15804,
2026-03-05,14:50:21.698609,1772718621.698609,s,169.641418,s,15806,
2026-03-05,14:50:21.961152,1772718621.961152,s,169.903961,s,15822,
2026-03-05,14:50:22.198872,1772718622.198872,s,170.141681,s,15834,
2026-03-05,14:50:22.461714,1772718622.461714,s,170.404523,s,15846,
2026-03-05,14:50:22.699222,1772718622.699222,s,170.642031,s,15865,
2026-03-05,14:50:22.962225,1772718622.962225,s,170.905034,s,15887,
2026-03-05,14:50:23.199727,1772718623.199727,s,171.142536,s,15893,
2026-03-05,14:50:23.462737,1772718623.462737,s,171.405546,s,15906,
2026-03-05,14:50:23.700091,1772718623.700091,s,171.6429,s,15920,
2026-03-05,14:50:23.963199,1772718623.963199,s,171.906008,s,15923,
2026-03-05,14:50:24.200384,1772718624.200384,s,172.143193,s,15940,
2026-03-05,14:50:24.463658,1772718624.463658,s,172.406467,s,15950,
2026-03-05,14:50:24.700839,1772718624.700839,s,172.643648,s,15966,
2026-03-05,14:50:24.964073,1772718624.964073,s,172.906882,s,15979,
2026-03-05,14:50:25.201324,1772718625.201324,s,173.144133,s,15988,
2026-03-05,14:50:25.464502,1772718625.464502,s,173.407311,s,16011,
2026-03-05,14:50:25.701808,1772718625.701808,s,173.644617,s,16019,
2026-03-05,14:50:25.964914,1772718625.964914,s,173.907723,s,16037,
2026-03-05,14:50:26.202365,1772718626.202365,s,174.145174,s,16053,
2026-03-05,14:50:26.465332,1772718626.465332,s,174.408141,s,16065,
2026-03-05,14:50:26.702777,1772718626.702777,s,174.645586,s,16076,
2026-03-05,14:50:26.965736,1772718626.965736,s,174.908545,s,16084,
2026-03-05,14:50:27.203270,1772718627.20327,s,175.146079,s,16101,
2026-03-05,14:50:27.466151,1772718627.466151,s,175.40896,s,16108,
2026-03-05,14:50:27.703760,1772718627.70376,s,175.646569,s,16123,
2026-03-05,14:50:27.966394,1772718627.966394,s,175.909203,s,16145,
2026-03-05,14:50:28.204269,1772718628.204269,s,176.147078,s,16152,
2026-03-05,14:50:28.466750,1772718628.46675,s,176.409559,s,16167,
2026-03-05,14:50:28.704733,1772718628.704733,s,176.647542,s,16172,
2026-03-05,14:50:28.967093,1772718628.967093,s,176.909902,s,16195,
2026-03-05,14:50:29.205245,1772718629.205245,s,177.148054,s,16205,
2026-03-05,14:50:29.467348,1772718629.467348,s,177.410157,s,16220,
2026-03-05,14:50:29.705761,1772718629.705761,s,177.64857,s,16236,
2026-03-05,14:50:29.967690,1772718629.96769,s,177.910499,s,16247,
2026-03-05,14:50:30.206234,1772718630.206234,s,178.149043,s,16253,
2026-03-05,14:50:30.468022,1772718630.468022,s,178.410831,s,16264,
2026-03-05,14:50:30.706680,1772718630.70668,s,178.649489,s,16282,
2026-03-05,14:50:30.968247,1772718630.968247,s,178.911056,s,16292,
2026-03-05,14:50:31.207133,1772718631.207133,s,179.149942,s,16303,
2026-03-05,14:50:31.468727,1772718631.468727,s,179.411536,s,16328,
2026-03-05,14:50:31.707587,1772718631.707587,s,179.650396,s,16327,
2026-03-05,14:50:31.969281,1772718631.969281,s,179.91209,s,16342,
2026-03-05,14:50:32.207842,1772718632.207842,s,180.150651,s,16350,
2026-03-05,14:50:32.469775,1772718632.469775,s,180.412584,s,16370,
2026-03-05,14:50:32.708212,1772718632.708212,s,180.651021,s,16379,
2026-03-05,14:50:32.970296,1772718632.970296,s,180.913105,s,16387,
2026-03-05,14:50:33.208453,1772718633.208453,s,181.151262,s,16398,
2026-03-05,14:50:33.470814,1772718633.470814,s,181.413623,s,16415,
2026-03-05,14:50:33.708850,1772718633.70885,s,181.651659,s,16425,
2026-03-05,14:50:33.971348,1772718633.971348,s,181.914157,s,16435,
2026-03-05,14:50:34.209196,1772718634.209196,s,182.152005,s,16450,
2026-03-05,14:50:34.471916,1772718634.471916,s,182.414725,s,16468,
2026-03-05,14:50:34.709426,1772718634.709426,s,182.652235,s,16487,
2026-03-05,14:50:34.972405,1772718634.972405,s,182.915214,s,16505,
2026-03-05,14:50:35.209732,1772718635.209732,s,183.152541,s,16505,
2026-03-05,14:50:35.472910,1772718635.47291,s,183.415719,s,16508,
2026-03-05,14:50:35.710013,1772718635.710013,s,183.652822,s,16526,
2026-03-05,14:50:35.973420,1772718635.97342,s,183.916229,s,16529,
2026-03-05,14:50:36.210214,1772718636.210214,s,184.153023,s,16544,
2026-03-05,14:50:36.473845,1772718636.473845,s,184.416654,s,16568,
2026-03-05,14:50:36.710436,1772718636.710436,s,184.653245,s,16571,
2026-03-05,14:50:36.974251,1772718636.974251,s,184.91706,s,16593,
2026-03-05,14:50:37.210940,1772718637.21094,s,185.153749,s,16606,
2026-03-05,14:50:37.474754,1772718637.474754,s,185.417563,s,16622,
2026-03-05,14:50:37.711484,1772718637.711484,s,185.654293,s,16622,
2026-03-05,14:50:37.975299,1772718637.975299,s,185.918108,s,16637,
2026-03-05,14:50:38.212001,1772718638.212001,s,186.15481,s,16659,
2026-03-05,14:50:38.475793,1772718638.475793,s,186.418602,s,16668,
2026-03-05,14:50:38.712526,1772718638.712526,s,186.655335,s,16672,
2026-03-05,14:50:38.976322,1772718638.976322,s,186.919131,s,16690,
2026-03-05,14:50:39.213045,1772718639.213045,s,187.155854,s,16695,
2026-03-05,14:50:39.476849,1772718639.476849,s,187.419658,s,16715,
2026-03-05,14:50:39.713548,1772718639.713548,s,187.656357,s,16721,
2026-03-05,14:50:39.977286,1772718639.977286,s,187.920095,s,16745,
2026-03-05,14:50:40.214047,1772718640.214047,s,188.156856,s,16748,
2026-03-05,14:50:40.477716,1772718640.477716,s,188.420525,s,16761,
2026-03-05,14:50:40.714337,1772718640.714337,s,188.657146,s,16777,
2026-03-05,14:50:40.978154,1772718640.978154,s,188.920963,s,16786,
2026-03-05,14:50:41.214853,1772718641.214853,s,189.157662,s,16792,
2026-03-05,14:50:41.478655,1772718641.478655,s,189.421464,s,16802,
2026-03-05,14:50:41.715372,1772718641.715372,s,189.658181,s,16814,
2026-03-05,14:50:41.979000,1772718641.979,s,189.921809,s,16826,
2026-03-05,14:50:42.215668,1772718642.215668,s,190.158477,s,16832,
2026-03-05,14:50:42.479327,1772718642.479327,s,190.422136,s,16858,
2026-03-05,14:50:42.716151,1772718642.716151,s,190.65896,s,16866,
2026-03-05,14:50:42.979644,1772718642.979644,s,190.922453,s,16885,
2026-03-05,14:50:43.216642,1772718643.216642,s,191.159451,s,16885,
2026-03-05,14:50:43.479980,1772718643.47998,s,191.422789,s,16905,
2026-03-05,14:50:43.717152,1772718643.717152,s,191.659961,s,16914,
2026-03-05,14:50:43.980243,1772718643.980243,s,191.923052,s,16926,
2026-03-05,14:50:44.217704,1772718644.217704,s,192.160513,s,16937,
2026-03-05,14:50:44.480630,1772718644.48063,s,192.423439,s,16944,
2026-03-05,14:50:44.718171,1772718644.718171,s,192.66098,s,16955,
2026-03-05,14:50:44.980950,1772718644.98095,s,192.923759,s,16970,
2026-03-05,14:50:45.218616,1772718645.218616,s,193.161425,s,16978,
2026-03-05,14:50:45.481172,1772718645.481172,s,193.423981,s,16989,
2026-03-05,14:50:45.719051,1772718645.719051,s,193.66186,s,17006,
2026-03-05,14:50:45.981628,1772718645.981628,s,193.924437,s,17025,
2026-03-05,14:50:46.219508,1772718646.219508,s,194.162317,s,17026,
2026-03-05,14:50:46.482186,1772718646.482186,s,194.424995,s,17024,
2026-03-05,14:50:46.719871,1772718646.719871,s,194.66268,s,17053,
2026-03-05,14:50:46.982717,1772718646.982717,s,194.925526,s,17057,
2026-03-05,14:50:47.220222,1772718647.220222,s,195.163031,s,17066,
2026-03-05,14:50:47.483214,1772718647.483214,s,195.426023,s,17077,
2026-03-05,14:50:47.720465,1772718647.720465,s,195.663274,s,17082,
2026-03-05,14:50:47.983752,1772718647.983752,s,195.926561,s,17102,
2026-03-05,14:50:48.220816,1772718648.220816,s,196.163625,s,17111,
2026-03-05,14:50:48.484268,1772718648.484268,s,196.427077,s,17131,
2026-03-05,14:50:48.721169,1772718648.721169,s,196.663978,s,17131,
2026-03-05,14:50:48.984824,1772718648.984824,s,196.927633,s,17144,
2026-03-05,14:50:49.221479,1772718649.221479,s,197.164288,s,17159,
2026-03-05,14:50:49.485315,1772718649.485315,s,197.428124,s,17164,
2026-03-05,14:50:49.721769,1772718649.721769,s,197.664578,s,17179,
2026-03-05,14:50:49.985725,1772718649.985725,s,197.928534,s,17189,
2026-03-05,14:50:50.222056,1772718650.222056,s,198.164865,s,17203,
2026-03-05,14:50:50.486215,1772718650.486215,s,198.429024,s,17216,
2026-03-05,14:50:50.722283,1772718650.722283,s,198.665092,s,17222,
2026-03-05,14:50:50.986669,1772718650.986669,s,198.929478,s,17241,
2026-03-05,14:50:51.222704,1772718651.222704,s,199.165513,s,17243,
2026-03-05,14:50:51.487253,1772718651.487253,s,199.430062,s,17258,
2026-03-05,14:50:51.723301,1772718651.723301,s,199.66611,s,17272,
2026-03-05,14:50:51.987720,1772718651.98772,s,199.930529,s,17281,
2026-03-05,14:50:52.223678,1772718652.223678,s,200.166487,s,17286,
2026-03-05,14:50:52.488382,1772718652.488382,s,200.431191,s,17293,
2026-03-05,14:50:52.724165,1772718652.724165,s,200.666974,s,17312,
2026-03-05,14:50:52.988928,1772718652.988928,s,200.931737,s,17318,
2026-03-05,14:50:53.224651,1772718653.224651,s,201.16746,s,17322,
2026-03-05,14:50:53.489449,1772718653.489449,s,201.432258,s,17339,
2026-03-05,14:50:53.725141,1772718653.725141,s,201.66795,s,17345,
2026-03-05,14:50:53.989899,1772718653.989899,s,201.932708,s,17361,
2026-03-05,14:50:54.225404,1772718654.225404,s,202.168213,s,17373,
2026-03-05,14:50:54.490331,1772718654.490331,s,202.43314,s,17393,
2026-03-05,14:50:54.725895,1772718654.725895,s,202.668704,s,17396,
2026-03-05,14:50:54.990748,1772718654.990748,s,202.933557,s,17405,
2026-03-05,14:50:55.226381,1772718655.226381,s,203.16919,s,17425,
2026-03-05,14:50:55.491164,1772718655.491164,s,203.433973,s,17427,
2026-03-05,14:50:55.726886,1772718655.726886,s,203.669695,s,17424,
2026-03-05,14:50:55.991596,1772718655.991596,s,203.934405,s,17449,
2026-03-05,14:50:56.227398,1772718656.227398,s,204.170207,s,17451,
2026-03-05,14:50:56.492014,1772718656.492014,s,204.434823,s,17466,
2026-03-05,14:50:56.727870,1772718656.72787,s,204.670679,s,17480,
2026-03-05,14:50:56.992305,1772718656.992305,s,204.935114,s,17487,
2026-03-05,14:50:57.228403,1772718657.228403,s,205.171212,s,17501,
2026-03-05,14:50:57.492652,1772718657.492652,s,205.435461,s,17511,
2026-03-05,14:50:57.728867,1772718657.728867,s,205.671676,s,17521,
2026-03-05,14:50:57.992994,1772718657.992994,s,205.935803,s,17530,
2026-03-05,14:50:58.229230,1772718658.22923,s,206.172039,s,17547,
2026-03-05,14:50:58.493235,1772718658.493235,s,206.436044,s,17554,
2026-03-05,14:50:58.729693,1772718658.729693,s,206.672502,s,17557,
2026-03-05,14:50:58.993555,1772718658.993555,s,206.936364,s,17565,
2026-03-05,14:50:59.230083,1772718659.230083,s,207.172892,s,17586,
2026-03-05,14:50:59.493883,1772718659.493883,s,207.436692,s,17591,
2026-03-05,14:50:59.730384,1772718659.730384,s,207.673193,s,17607,
2026-03-05,14:50:59.994275,1772718659.994275,s,207.937084,s,17607,
2026-03-05,14:51:00.230767,1772718660.230767,s,208.173576,s,17617,
2026-03-05,14:51:00.494552,1772718660.494552,s,208.437361,s,17634,
2026-03-05,14:51:00.731117,1772718660.731117,s,208.673926,s,17638,
2026-03-05,14:51:00.995093,1772718660.995093,s,208.937902,s,17646,
2026-03-05,14:51:01.231490,1772718661.23149,s,209.174299,s,17669,
2026-03-05,14:51:01.495587,1772718661.495587,s,209.438396,s,17664,
2026-03-05,14:51:01.731827,1772718661.731827,s,209.674636,s,17673,
2026-03-05,14:51:01.996079,1772718661.996079,s,209.938888,s,17697,
2026-03-05,14:51:02.232180,1772718662.23218,s,210.174989,s,17702,
2026-03-05,14:51:02.496625,1772718662.496625,s,210.439434,s,17713,
2026-03-05,14:51:02.732420,1772718662.73242,s,210.675229,s,17715,
2026-03-05,14:51:02.997128,1772718662.997128,s,210.939937,s,17730,
2026-03-05,14:51:03.232769,1772718663.232769,s,211.175578,s,17736,
2026-03-05,14:51:03.497677,1772718663.497677,s,211.440486,s,17748,
2026-03-05,14:51:03.733120,1772718663.73312,s,211.675929,s,17759,
2026-03-05,14:51:03.998157,1772718663.998157,s,211.940966,s,17768,
2026-03-05,14:51:04.233349,1772718664.233349,s,212.176158,s,17777,
2026-03-05,14:51:04.498683,1772718664.498683,s,212.441492,s,17784,
2026-03-05,14:51:04.733641,1772718664.733641,s,212.67645,s,17795,
2026-03-05,14:51:04.999163,1772718664.999163,s,212.941972,s,17807,
2026-03-05,14:51:05.233889,1772718665.233889,s,213.176698,s,17820,
2026-03-05,14:51:05.499684,1772718665.499684,s,213.442493,s,17838,
2026-03-05,14:51:05.734180,1772718665.73418,s,213.676989,s,17837,
2026-03-05,14:51:06.000053,1772718666.000053,s,213.942862,s,17843,
2026-03-05,14:51:06.234639,1772718666.234639,s,214.177448,s,17855,
2026-03-05,14:51:06.500540,1772718666.50054,s,214.443349,s,17871,
2026-03-05,14:51:06.735117,1772718666.735117,s,214.677926,s,17873,
2026-03-05,14:51:07.001041,1772718667.001041,s,214.94385,s,17884,
2026-03-05,14:51:07.235627,1772718667.235627,s,215.178436,s,17899,
2026-03-05,14:51:07.501570,1772718667.50157,s,215.444379,s,17906,
2026-03-05,14:51:07.736168,1772718667.736168,s,215.678977,s,17915,
2026-03-05,14:51:08.002137,1772718668.002137,s,215.944946,s,17930,
2026-03-05,14:51:08.236633,1772718668.236633,s,216.179442,s,17933,
2026-03-05,14:51:08.502570,1772718668.50257,s,216.445379,s,17939,
2026-03-05,14:51:08.737097,1772718668.737097,s,216.679906,s,17942,
2026-03-05,14:51:09.002984,1772718669.002984,s,216.945793,s,17961,
2026-03-05,14:51:09.237591,1772718669.237591,s,217.1804,s,17970,
2026-03-05,14:51:09.503422,1772718669.503422,s,217.446231,s,17979,
2026-03-05,14:51:09.738081,1772718669.738081,s,217.68089,s,17986,
2026-03-05,14:51:10.003848,1772718670.003848,s,217.946657,s,17998,
2026-03-05,14:51:10.238583,1772718670.238583,s,218.181392,s,18012,
2026-03-05,14:51:10.504155,1772718670.504155,s,218.446964,s,18013,
2026-03-05,14:51:10.739074,1772718670.739074,s,218.681883,s,18032,
2026-03-05,14:51:11.004577,1772718671.004577,s,218.947386,s,18028,
2026-03-05,14:51:11.239590,1772718671.23959,s,219.182399,s,18037,
2026-03-05,14:51:11.504921,1772718671.504921,s,219.44773,s,18048,
2026-03-05,14:51:11.740077,1772718671.740077,s,219.682886,s,18058,
2026-03-05,14:51:12.005241,1772718672.005241,s,219.94805,s,18067,
2026-03-05,14:51:12.240589,1772718672.240589,s,220.183398,s,18085,
2026-03-05,14:51:12.505474,1772718672.505474,s,220.448283,s,18087,
2026-03-05,14:51:12.741138,1772718672.741138,s,220.683947,s,18103,
2026-03-05,14:51:13.005834,1772718673.005834,s,220.948643,s,18112,
2026-03-05,14:51:13.241587,1772718673.241587,s,221.184396,s,18679,
2026-03-05,14:51:13.506158,1772718673.506158,s,221.448967,s,19151,
2026-03-05,14:51:13.742009,1772718673.742009,s,221.684818,s,19710,
2026-03-05,14:51:14.006382,1772718674.006382,s,221.949191,s,20090,
2026-03-05,14:51:14.242410,1772718674.24241,s,222.185219,s,20545,
2026-03-05,14:51:14.506635,1772718674.506635,s,222.449444,s,20862,
2026-03-05,14:51:14.742831,1772718674.742831,s,222.68564,s,21242,
2026-03-05,14:51:15.007070,1772718675.00707,s,222.949879,s,21499,
2026-03-05,14:51:15.243296,1772718675.243296,s,223.186105,s,21832,
2026-03-05,14:51:15.507575,1772718675.507575,s,223.450384,s,22058,
2026-03-05,14:51:15.743740,1772718675.74374,s,223.686549,s,22344,
2026-03-05,14:51:16.008127,1772718676.008127,s,223.950936,s,22537,
2026-03-05,14:51:16.244081,1772718676.244081,s,224.18689,s,22786,
2026-03-05,14:51:16.508595,1772718676.508595,s,224.451404,s,22958,
2026-03-05,14:51:16.744376,1772718676.744376,s,224.687185,s,23182,
2026-03-05,14:51:17.009074,1772718677.009074,s,224.951883,s,23306,
2026-03-05,14:51:17.244716,1772718677.244716,s,225.187525,s,23520,
2026-03-05,14:51:17.509552,1772718677.509552,s,225.452361,s,23659,
2026-03-05,14:51:17.745045,1772718677.745045,s,225.687854,s,23832,
2026-03-05,14:51:18.010061,1772718678.010061,s,225.95287,s,23956,
2026-03-05,14:51:18.245300,1772718678.2453,s,226.188109,s,24125,
2026-03-05,14:51:18.510556,1772718678.510556,s,226.453365,s,24235,
2026-03-05,14:51:18.745508,1772718678.745508,s,226.688317,s,24386,
2026-03-05,14:51:19.011067,1772718679.011067,s,226.953876,s,24526,
2026-03-05,14:51:19.245714,1772718679.245714,s,227.188523,s,24668,
2026-03-05,14:51:19.511563,1772718679.511563,s,227.454372,s,24763,
2026-03-05,14:51:19.745936,1772718679.745936,s,227.688745,s,24887,
2026-03-05,14:51:20.012026,1772718680.012026,s,227.954835,s,24984,
2026-03-05,14:51:20.246267,1772718680.246267,s,228.189076,s,25104,
2026-03-05,14:51:20.512507,1772718680.512507,s,228.455316,s,25193,
2026-03-05,14:51:20.746926,1772718680.746926,s,228.689735,s,25299,
2026-03-05,14:51:21.012956,1772718681.012956,s,228.955765,s,25354,
2026-03-05,14:51:21.247457,1772718681.247457,s,229.190266,s,25488,
2026-03-05,14:51:21.513480,1772718681.51348,s,229.456289,s,25539,
2026-03-05,14:51:21.747826,1772718681.747826,s,229.690635,s,25655,
2026-03-05,14:51:22.013966,1772718682.013966,s,229.956775,s,25704,
2026-03-05,14:51:22.248316,1772718682.248316,s,230.191125,s,25821,
2026-03-05,14:51:22.514493,1772718682.514493,s,230.457302,s,25865,
2026-03-05,14:51:22.748824,1772718682.748824,s,230.691633,s,25972,
2026-03-05,14:51:23.014913,1772718683.014913,s,230.957722,s,26006,
2026-03-05,14:51:23.249293,1772718683.249293,s,231.192102,s,26086,
2026-03-05,14:51:23.515357,1772718683.515357,s,231.458166,s,26143,
2026-03-05,14:51:23.749780,1772718683.74978,s,231.692589,s,26224,
2026-03-05,14:51:24.015775,1772718684.015775,s,231.958584,s,26277,
2026-03-05,14:51:24.250221,1772718684.250221,s,232.19303,s,26354,
2026-03-05,14:51:24.516202,1772718684.516202,s,232.459011,s,26404,
2026-03-05,14:51:24.750480,1772718684.75048,s,232.693289,s,26468,
2026-03-05,14:51:25.016622,1772718685.016622,s,232.959431,s,26526,
2026-03-05,14:51:25.250982,1772718685.250982,s,233.193791,s,26584,
2026-03-05,14:51:25.516975,1772718685.516975,s,233.459784,s,26633,
2026-03-05,14:51:25.751541,1772718685.751541,s,233.69435,s,26691,
2026-03-05,14:51:26.017231,1772718686.017231,s,233.96004,s,26738,
2026-03-05,14:51:26.252038,1772718686.252038,s,234.194847,s,26788,
2026-03-05,14:51:26.517573,1772718686.517573,s,234.460382,s,26835,
2026-03-05,14:51:26.752580,1772718686.75258,s,234.695389,s,26892,
2026-03-05,14:51:27.017916,1772718687.017916,s,234.960725,s,26928,
2026-03-05,14:51:27.253085,1772718687.253085,s,235.195894,s,26988,
2026-03-05,14:51:27.518298,1772718687.518298,s,235.461107,s,27023,
2026-03-05,14:51:27.753546,1772718687.753546,s,235.696355,s,27065,
2026-03-05,14:51:28.018639,1772718688.018639,s,235.961448,s,27103,
2026-03-05,14:51:28.253879,1772718688.253879,s,236.196688,s,27151,
2026-03-05,14:51:28.518983,1772718688.518983,s,236.461792,s,27193,
2026-03-05,14:51:28.754328,1772718688.754328,s,236.697137,s,27228,
2026-03-05,14:51:29.019589,1772718689.019589,s,236.962398,s,27259,
2026-03-05,14:51:29.254751,1772718689.254751,s,237.19756,s,27303,
2026-03-05,14:51:29.520131,1772718689.520131,s,237.46294,s,27332,
2026-03-05,14:51:29.755110,1772718689.75511,s,237.697919,s,27371,
2026-03-05,14:51:30.020628,1772718690.020628,s,237.963437,s,27403,
2026-03-05,14:51:30.255552,1772718690.255552,s,238.198361,s,27443,
2026-03-05,14:51:30.521150,1772718690.52115,s,238.463959,s,27462,
2026-03-05,14:51:30.755897,1772718690.755897,s,238.698706,s,27505,
2026-03-05,14:51:31.021677,1772718691.021677,s,238.964486,s,27532,
2026-03-05,14:51:31.256248,1772718691.256248,s,239.199057,s,27564,
2026-03-05,14:51:31.522237,1772718691.522237,s,239.465046,s,27587,
2026-03-05,14:51:31.756498,1772718691.756498,s,239.699307,s,27616,
2026-03-05,14:51:32.022766,1772718692.022766,s,239.965575,s,27629,
2026-03-05,14:51:32.256815,1772718692.256815,s,240.199624,s,27671,
2026-03-05,14:51:32.523318,1772718692.523318,s,240.466127,s,27688,
2026-03-05,14:51:32.757043,1772718692.757043,s,240.699852,s,27721,
2026-03-05,14:51:33.023779,1772718693.023779,s,240.966588,s,27733,
2026-03-05,14:51:33.257293,1772718693.257293,s,241.200102,s,27767,
2026-03-05,14:51:33.524270,1772718693.52427,s,241.467079,s,27786,
2026-03-05,14:51:33.757553,1772718693.757553,s,241.700362,s,27812,
2026-03-05,14:51:34.024808,1772718694.024808,s,241.967617,s,27829,
2026-03-05,14:51:34.258019,1772718694.258019,s,242.200828,s,27844,
2026-03-05,14:51:34.525323,1772718694.525323,s,242.468132,s,27866,
2026-03-05,14:51:34.758423,1772718694.758423,s,242.701232,s,27883,
2026-03-05,14:51:35.025808,1772718695.025808,s,242.968617,s,27902,
2026-03-05,14:51:35.258864,1772718695.258864,s,243.201673,s,27927,
2026-03-05,14:51:35.526319,1772718695.526319,s,243.469128,s,27937,
2026-03-05,14:51:35.759334,1772718695.759334,s,243.702143,s,27961,
2026-03-05,14:51:36.026799,1772718696.026799,s,243.969608,s,27972,
2026-03-05,14:51:36.259707,1772718696.259707,s,244.202516,s,27993,
2026-03-05,14:51:36.527319,1772718696.527319,s,244.470128,s,28003,
2026-03-05,14:51:36.760100,1772718696.7601,s,244.702909,s,28021,
2026-03-05,14:51:37.027834,1772718697.027834,s,244.970643,s,28039,
2026-03-05,14:51:37.260519,1772718697.260519,s,245.203328,s,28042,
2026-03-05,14:51:37.528318,1772718697.528318,s,245.471127,s,28062,
2026-03-05,14:51:37.760991,1772718697.760991,s,245.7038,s,28080,
2026-03-05,14:51:38.028768,1772718698.028768,s,245.971577,s,28082,
2026-03-05,14:51:38.261528,1772718698.261528,s,246.204337,s,28101,
2026-03-05,14:51:38.529214,1772718698.529214,s,246.472023,s,28104,
2026-03-05,14:51:38.762089,1772718698.762089,s,246.704898,s,28124,
2026-03-05,14:51:39.029660,1772718699.02966,s,246.972469,s,28130,
2026-03-05,14:51:39.262684,1772718699.262684,s,247.205493,s,28143,
2026-03-05,14:51:39.530115,1772718699.530115,s,247.472924,s,28155,
2026-03-05,14:51:39.763235,1772718699.763235,s,247.706044,s,28165,
2026-03-05,14:51:40.030372,1772718700.030372,s,247.973181,s,28170,
2026-03-05,14:51:40.263754,1772718700.263754,s,248.206563,s,28177,
2026-03-05,14:51:40.530722,1772718700.530722,s,248.473531,s,28186,
2026-03-05,14:51:40.764278,1772718700.764278,s,248.707087,s,28185,
2026-03-05,14:51:41.031131,1772718701.031131,s,248.97394,s,28198,
2026-03-05,14:51:41.264548,1772718701.264548,s,249.207357,s,28204,
2026-03-05,14:51:41.531382,1772718701.531382,s,249.474191,s,28201,
2026-03-05,14:51:41.765066,1772718701.765066,s,249.707875,s,28211,
2026-03-05,14:51:42.031669,1772718702.031669,s,249.974478,s,28214,
2026-03-05,14:51:42.265554,1772718702.265554,s,250.208363,s,28226,
2026-03-05,14:51:42.532001,1772718702.532001,s,250.47481,s,28222,
2026-03-05,14:51:42.765988,1772718702.765988,s,250.708797,s,28234,
2026-03-05,14:51:43.032238,1772718703.032238,s,250.975047,s,28242,
2026-03-05,14:51:43.266419,1772718703.266419,s,251.209228,s,28245,
2026-03-05,14:51:43.532518,1772718703.532518,s,251.475327,s,28247,
2026-03-05,14:51:43.766849,1772718703.766849,s,251.709658,s,28251,
2026-03-05,14:51:44.033051,1772718704.033051,s,251.97586,s,28249,
2026-03-05,14:51:44.267281,1772718704.267281,s,252.21009,s,28261,
2026-03-05,14:51:44.533559,1772718704.533559,s,252.476368,s,28260,
2026-03-05,14:51:44.767640,1772718704.76764,s,252.710449,s,28267,
2026-03-05,14:51:45.034030,1772718705.03403,s,252.976839,s,28257,
2026-03-05,14:51:45.267988,1772718705.267988,s,253.210797,s,28260,
2026-03-05,14:51:45.534518,1772718705.534518,s,253.477327,s,28266,
2026-03-05,14:51:45.768303,1772718705.768303,s,253.711112,s,28252,
2026-03-05,14:51:46.035086,1772718706.035086,s,253.977895,s,28250,
2026-03-05,14:51:46.268669,1772718706.268669,s,254.211478,s,28217,
2026-03-05,14:51:46.535599,1772718706.535599,s,254.478408,s,28138,
2026-03-05,14:51:46.769015,1772718706.769015,s,254.711824,s,27195,
2026-03-05,14:51:47.036131,1772718707.036131,s,254.97894,s,25135,
2026-03-05,14:51:47.269271,1772718707.269271,s,255.21208,s,19681,
2026-03-05,14:51:47.536617,1772718707.536617,s,255.479426,s,8941,
2026-03-05,14:51:47.769497,1772718707.769497,s,255.712306,s,1018,
2026-03-05,14:51:48.037114,1772718708.037114,s,255.979923,s,1028,
2026-03-05,14:51:48.269793,1772718708.269793,s,256.212602,s,1035,
2026-03-05,14:51:48.537590,1772718708.53759,s,256.480399,s,1037,
2026-03-05,14:51:48.770058,1772718708.770058,s,256.712867,s,1034,
2026-03-05,14:51:49.038245,1772718709.038245,s,256.981054,s,1035,
2026-03-05,14:51:49.270567,1772718709.270567,s,257.213376,s,1034,
2026-03-05,14:51:49.538550,1772718709.53855,s,257.481359,s,1042,
2026-03-05,14:51:49.770997,1772718709.770997,s,257.713806,s,1045,
2026-03-05,14:51:50.038825,1772718710.038825,s,257.981634,s,1050,
2026-03-05,14:51:50.271257,1772718710.271257,s,258.214066,s,1044,
2026-03-05,14:51:50.539161,1772718710.539161,s,258.48197,s,1040,
2026-03-05,14:51:50.771687,1772718710.771687,s,258.714496,s,1056,
2026-03-05,14:51:51.039498,1772718711.039498,s,258.982307,s,1050,
2026-03-05,14:51:51.272025,1772718711.272025,s,259.214834,s,1046,
2026-03-05,14:51:51.539886,1772718711.539886,s,259.482695,s,1049,
2026-03-05,14:51:51.772301,1772718711.772301,s,259.71511,s,1048,
2026-03-05,14:51:52.040212,1772718712.040212,s,259.983021,s,1047,
2026-03-05,14:51:52.272636,1772718712.272636,s,260.215445,s,1051,
2026-03-05,14:51:52.540450,1772718712.54045,s,260.483259,s,1057,
2026-03-05,14:51:52.772973,1772718712.772973,s,260.715782,s,1051,
2026-03-05,14:51:53.040880,1772718713.04088,s,260.983689,s,1051,
2026-03-05,14:51:53.273496,1772718713.273496,s,261.216305,s,1055,
2026-03-05,14:51:53.541222,1772718713.541222,s,261.484031,s,1056,
