Date,Time,Time since 1970-01-01T00:00:00Z,,Time since start of measurement,,U_H,,U,,T,
2026-05-07,16:01:06.942676,1778162466.942676,s,4e-06,s,0.546875,mV,0.27149999141693115,V,154.6125030517578,°C
2026-05-07,16:01:11.943633,1778162471.943633,s,5.000961,s,0.5859375,mV,0.29237499833106995,V,151.46249389648438,°C
2026-05-07,16:01:16.943644,1778162476.943644,s,10.000972,s,0.640625,mV,0.31562501192092896,V,148.4499969482422,°C
2026-05-07,16:01:21.945210,1778162481.94521,s,15.002538,s,0.6875,mV,0.33924999833106995,V,145.52499389648438,°C
2026-05-07,16:01:26.944128,1778162486.944128,s,20.001456,s,0.7421875,mV,0.3642500042915344,V,142.58749389648438,°C
2026-05-07,16:01:31.945781,1778162491.945781,s,25.003109,s,0.8125,mV,0.390500009059906,V,139.875,°C
2026-05-07,16:01:36.944629,1778162496.944629,s,30.001957,s,0.890625,mV,0.4183749854564667,V,137.22500610351562,°C
2026-05-07,16:01:41.946228,1778162501.946228,s,35.003556,s,0.9765625,mV,0.4476250112056732,V,134.6750030517578,°C
2026-05-07,16:01:46.945210,1778162506.94521,s,40.002538,s,1.09375,mV,0.47987499833106995,V,132.1999969482422,°C
2026-05-07,16:01:51.949472,1778162511.949472,s,45.0068,s,1.234375,mV,0.5121250152587891,V,129.78750610351562,°C
2026-05-07,16:01:56.945500,1778162516.9455,s,50.002828,s,1.390625,mV,0.5460000038146973,V,127.3499984741211,°C
2026-05-07,16:02:01.950069,1778162521.950069,s,55.007397,s,1.5859375,mV,0.5814999938011169,V,125.07499694824219,°C
2026-05-07,16:02:06.946020,1778162526.94602,s,60.003348,s,1.8359375,mV,0.6184999942779541,V,122.86250305175781,°C
2026-05-07,16:02:11.950437,1778162531.950437,s,65.007765,s,2.109375,mV,0.6571249961853027,V,120.69999694824219,°C
2026-05-07,16:02:16.946583,1778162536.946583,s,70.003911,s,2.4375,mV,0.6991249918937683,V,118.5875015258789,°C
2026-05-07,16:02:21.950765,1778162541.950765,s,75.008093,s,2.8125,mV,0.7409999966621399,V,116.5250015258789,°C
2026-05-07,16:02:26.947965,1778162546.947965,s,80.005293,s,3.2578125,mV,0.784375011920929,V,114.4124984741211,°C
2026-05-07,16:02:31.951269,1778162551.951269,s,85.008597,s,3.765625,mV,0.8291249871253967,V,112.44999694824219,°C
2026-05-07,16:02:36.948475,1778162556.948475,s,90.005803,s,4.375,mV,0.874875009059906,V,110.5250015258789,°C
2026-05-07,16:02:41.951793,1778162561.951793,s,95.009121,s,5.0390625,mV,0.921500027179718,V,108.6624984741211,°C
2026-05-07,16:02:46.949011,1778162566.949011,s,100.006339,s,5.765625,mV,0.9706249833106995,V,106.8375015258789,°C
2026-05-07,16:02:51.952236,1778162571.952236,s,105.009564,s,6.5859375,mV,1.0178749561309814,V,105.07499694824219,°C
2026-05-07,16:02:56.950193,1778162576.950193,s,110.007521,s,7.4765625,mV,1.0651249885559082,V,103.2750015258789,°C
2026-05-07,16:03:01.952658,1778162581.952658,s,115.009986,s,8.4453125,mV,1.1119999885559082,V,101.61250305175781,°C
2026-05-07,16:03:06.950666,1778162586.950666,s,120.007994,s,9.5234375,mV,1.1581250429153442,V,99.98750305175781,°C
2026-05-07,16:03:11.955608,1778162591.955608,s,125.012936,s,10.625,mV,1.203125,V,98.4124984741211,°C
2026-05-07,16:03:16.952911,1778162596.952911,s,130.010239,s,11.7890625,mV,1.2488750219345093,V,96.88749694824219,°C
2026-05-07,16:03:21.956155,1778162601.956155,s,135.013483,s,12.9921875,mV,1.2911250591278076,V,95.4124984741211,°C
2026-05-07,16:03:26.953345,1778162606.953345,s,140.010673,s,14.2421875,mV,1.3317500352859497,V,93.9124984741211,°C
2026-05-07,16:03:31.957455,1778162611.957455,s,145.014783,s,15.5078125,mV,1.3703750371932983,V,92.51249694824219,°C
2026-05-07,16:03:36.953801,1778162616.953801,s,150.011129,s,16.859375,mV,1.4071249961853027,V,91.1624984741211,°C
2026-05-07,16:03:41.958591,1778162621.958591,s,155.015919,s,18.15625,mV,1.4416249990463257,V,89.8499984741211,°C
2026-05-07,16:03:46.955151,1778162626.955151,s,160.012479,s,19.4609375,mV,1.4754999876022339,V,88.57499694824219,°C
2026-05-07,16:03:51.958895,1778162631.958895,s,165.016223,s,20.7421875,mV,1.5054999589920044,V,87.3375015258789,°C
2026-05-07,16:03:56.956457,1778162636.956457,s,170.013785,s,22.0,mV,1.5334999561309814,V,86.0875015258789,°C
2026-05-07,16:04:01.959359,1778162641.959359,s,175.016687,s,23.234375,mV,1.559249997138977,V,84.92500305175781,°C
2026-05-07,16:04:06.956980,1778162646.95698,s,180.014308,s,24.484375,mV,1.5828750133514404,V,83.7874984741211,°C
2026-05-07,16:04:11.959892,1778162651.959892,s,185.01722,s,25.6484375,mV,1.6045000553131104,V,82.69999694824219,°C
2026-05-07,16:04:16.958279,1778162656.958279,s,190.015607,s,26.78125,mV,1.625,V,81.625,°C
2026-05-07,16:04:21.960331,1778162661.960331,s,195.017659,s,27.8671875,mV,1.6428749561309814,V,80.5999984741211,°C
2026-05-07,16:04:26.958690,1778162666.95869,s,200.016018,s,28.90625,mV,1.6588749885559082,V,79.55000305175781,°C
2026-05-07,16:04:31.961222,1778162671.961222,s,205.01855,s,29.8984375,mV,1.6731250286102295,V,78.57499694824219,°C
2026-05-07,16:04:36.960121,1778162676.960121,s,210.017449,s,30.8828125,mV,1.6859999895095825,V,77.625,°C
2026-05-07,16:04:41.961524,1778162681.961524,s,215.018852,s,31.7734375,mV,1.6973750591278076,V,76.69999694824219,°C
2026-05-07,16:04:46.964400,1778162686.9644,s,220.021728,s,32.625,mV,1.7077499628067017,V,75.8125,°C
2026-05-07,16:04:51.962437,1778162691.962437,s,225.019765,s,33.4296875,mV,1.7165000438690186,V,74.9375,°C
2026-05-07,16:04:56.965073,1778162696.965073,s,230.022401,s,34.1875,mV,1.7241250276565552,V,74.0625,°C
2026-05-07,16:05:01.963192,1778162701.963192,s,235.02052,s,34.8984375,mV,1.7307499647140503,V,73.23750305175781,°C
2026-05-07,16:05:06.965665,1778162706.965665,s,240.022993,s,35.6015625,mV,1.7363749742507935,V,72.4375,°C
2026-05-07,16:05:11.963474,1778162711.963474,s,245.020802,s,36.234375,mV,1.7411249876022339,V,71.6624984741211,°C
2026-05-07,16:05:16.966200,1778162716.9662,s,250.023528,s,36.8359375,mV,1.7453750371932983,V,70.9124984741211,°C
2026-05-07,16:05:21.964102,1778162721.964102,s,255.02143,s,37.390625,mV,1.7486250400543213,V,70.17500305175781,°C
2026-05-07,16:05:26.966800,1778162726.9668,s,260.024128,s,37.921875,mV,1.7512500286102295,V,69.42500305175781,°C
2026-05-07,16:05:31.964798,1778162731.964798,s,265.022126,s,38.4140625,mV,1.753250002861023,V,68.73750305175781,°C
2026-05-07,16:05:36.968204,1778162736.968204,s,270.025532,s,38.90625,mV,1.7547500133514404,V,68.05000305175781,°C
2026-05-07,16:05:41.965300,1778162741.9653,s,275.022628,s,39.3359375,mV,1.7558749914169312,V,67.4000015258789,°C
2026-05-07,16:05:46.968691,1778162746.968691,s,280.026019,s,39.7421875,mV,1.756500005722046,V,66.76249694824219,°C
2026-05-07,16:05:51.965866,1778162751.965866,s,285.023194,s,40.1171875,mV,1.7567499876022339,V,66.13749694824219,°C
2026-05-07,16:05:56.969109,1778162756.969109,s,290.026437,s,40.453125,mV,1.756500005722046,V,65.51249694824219,°C
2026-05-07,16:06:01.966283,1778162761.966283,s,295.023611,s,40.78125,mV,1.75600004196167,V,64.92500305175781,°C
2026-05-07,16:06:06.969613,1778162766.969613,s,300.026941,s,41.1171875,mV,1.7553750276565552,V,64.3499984741211,°C
2026-05-07,16:06:11.966874,1778162771.966874,s,305.024202,s,41.40625,mV,1.7545000314712524,V,63.79999923706055,°C
2026-05-07,16:06:16.970968,1778162776.970968,s,310.028296,s,41.6796875,mV,1.753250002861023,V,63.25,°C
2026-05-07,16:06:21.967901,1778162781.967901,s,315.025229,s,41.9375,mV,1.7519999742507935,V,62.724998474121094,°C
2026-05-07,16:06:26.971394,1778162786.971394,s,320.028722,s,42.1875,mV,1.750499963760376,V,62.1875,°C
2026-05-07,16:06:31.968364,1778162791.968364,s,325.025692,s,42.421875,mV,1.7489999532699585,V,61.6875,°C
2026-05-07,16:06:36.972514,1778162796.972514,s,330.029842,s,42.6484375,mV,1.747249960899353,V,61.20000076293945,°C
2026-05-07,16:06:41.969723,1778162801.969723,s,335.027051,s,42.8515625,mV,1.7453750371932983,V,60.724998474121094,°C
2026-05-07,16:06:46.972834,1778162806.972834,s,340.030162,s,43.046875,mV,1.743499994277954,V,60.26250076293945,°C
2026-05-07,16:06:51.970257,1778162811.970257,s,345.027585,s,43.234375,mV,1.7415000200271606,V,59.79999923706055,°C
2026-05-07,16:06:56.973604,1778162816.973604,s,350.030932,s,43.40625,mV,1.7395000457763672,V,59.375,°C
2026-05-07,16:07:01.970696,1778162821.970696,s,355.028024,s,43.5703125,mV,1.737375020980835,V,58.92499923706055,°C
2026-05-07,16:07:06.973909,1778162826.973909,s,360.031237,s,43.734375,mV,1.7352499961853027,V,58.5,°C
2026-05-07,16:07:11.971259,1778162831.971259,s,365.028587,s,43.8828125,mV,1.7330000400543213,V,58.099998474121094,°C
2026-05-07,16:07:16.974701,1778162836.974701,s,370.032029,s,44.015625,mV,1.730875015258789,V,57.70000076293945,°C
2026-05-07,16:07:21.971738,1778162841.971738,s,375.029066,s,44.1484375,mV,1.7285000085830688,V,57.3125,°C
2026-05-07,16:07:26.975286,1778162846.975286,s,380.032614,s,44.2734375,mV,1.7262500524520874,V,56.9375,°C
2026-05-07,16:07:31.972227,1778162851.972227,s,385.029555,s,44.390625,mV,1.7239999771118164,V,56.5625,°C
2026-05-07,16:07:36.976139,1778162856.976139,s,390.033467,s,44.5,mV,1.721750020980835,V,56.20000076293945,°C
2026-05-07,16:07:41.972724,1778162861.972724,s,395.030052,s,44.609375,mV,1.719499945640564,V,55.849998474121094,°C
2026-05-07,16:07:46.976756,1778162866.976756,s,400.034084,s,44.703125,mV,1.7172499895095825,V,55.51250076293945,°C
2026-05-07,16:07:51.973182,1778162871.973182,s,405.03051,s,44.7890625,mV,1.715000033378601,V,55.1875,°C
2026-05-07,16:07:56.977388,1778162876.977388,s,410.034716,s,44.8828125,mV,1.71274995803833,V,54.86249923706055,°C
2026-05-07,16:08:01.973675,1778162881.973675,s,415.031003,s,44.9609375,mV,1.7105000019073486,V,54.525001525878906,°C
2026-05-07,16:08:06.978033,1778162886.978033,s,420.035361,s,45.0390625,mV,1.7082500457763672,V,54.224998474121094,°C
2026-05-07,16:08:11.974037,1778162891.974037,s,425.031365,s,45.1171875,mV,1.706125020980835,V,53.92499923706055,°C
2026-05-07,16:08:16.979495,1778162896.979495,s,430.036823,s,45.1953125,mV,1.7039999961853027,V,53.63750076293945,°C
2026-05-07,16:08:21.974516,1778162901.974516,s,435.031844,s,45.2578125,mV,1.7017500400543213,V,53.349998474121094,°C
2026-05-07,16:08:26.980065,1778162906.980065,s,440.037393,s,45.328125,mV,1.699625015258789,V,53.07500076293945,°C
2026-05-07,16:08:31.975671,1778162911.975671,s,445.032999,s,45.390625,mV,1.6976250410079956,V,52.787498474121094,°C
2026-05-07,16:08:36.980603,1778162916.980603,s,450.037931,s,45.453125,mV,1.6955000162124634,V,52.525001525878906,°C
2026-05-07,16:08:41.975970,1778162921.97597,s,455.033298,s,45.5078125,mV,1.69350004196167,V,52.26250076293945,°C
2026-05-07,16:08:46.981120,1778162926.98112,s,460.038448,s,45.5703125,mV,1.691499948501587,V,52.01250076293945,°C
2026-05-07,16:08:51.976508,1778162931.976508,s,465.033836,s,45.625,mV,1.6894999742507935,V,51.76250076293945,°C
2026-05-07,16:08:56.981616,1778162936.981616,s,470.038944,s,45.671875,mV,1.6876250505447388,V,51.525001525878906,°C
2026-05-07,16:09:01.977048,1778162941.977048,s,475.034376,s,45.7265625,mV,1.6856249570846558,V,51.275001525878906,°C
2026-05-07,16:09:06.982970,1778162946.98297,s,480.040298,s,45.765625,mV,1.683750033378601,V,51.04999923706055,°C
2026-05-07,16:09:11.977587,1778162951.977587,s,485.034915,s,45.8125,mV,1.6820000410079956,V,50.8125,°C
2026-05-07,16:09:16.983501,1778162956.983501,s,490.040829,s,45.859375,mV,1.6801249980926514,V,50.599998474121094,°C
2026-05-07,16:09:21.978113,1778162961.978113,s,495.035441,s,45.8984375,mV,1.6782499551773071,V,50.375,°C
2026-05-07,16:09:26.983946,1778162966.983946,s,500.041274,s,45.9375,mV,1.6764999628067017,V,50.17499923706055,°C
2026-05-07,16:09:31.978625,1778162971.978625,s,505.035953,s,45.9765625,mV,1.6747499704360962,V,49.962501525878906,°C
2026-05-07,16:09:36.984487,1778162976.984487,s,510.041815,s,46.0078125,mV,1.6731250286102295,V,49.76250076293945,°C
2026-05-07,16:09:41.979200,1778162981.9792,s,515.036528,s,46.046875,mV,1.671375036239624,V,49.5625,°C
2026-05-07,16:09:46.984771,1778162986.984771,s,520.042099,s,46.078125,mV,1.6697499752044678,V,49.375,°C
2026-05-07,16:09:51.979737,1778162991.979737,s,525.037065,s,46.109375,mV,1.6679999828338623,V,49.1875,°C
2026-05-07,16:09:56.985305,1778162996.985305,s,530.042633,s,46.1484375,mV,1.6664999723434448,V,49.0,°C
2026-05-07,16:10:01.980245,1778163001.980245,s,535.037573,s,46.1640625,mV,1.6648750305175781,V,48.8125,°C
2026-05-07,16:10:06.986444,1778163006.986444,s,540.043772,s,46.1953125,mV,1.6633750200271606,V,48.650001525878906,°C
2026-05-07,16:10:11.980784,1778163011.980784,s,545.038112,s,46.21875,mV,1.6618750095367432,V,48.474998474121094,°C
2026-05-07,16:10:16.986743,1778163016.986743,s,550.044071,s,46.2421875,mV,1.6603749990463257,V,48.29999923706055,°C
2026-05-07,16:10:21.981277,1778163021.981277,s,555.038605,s,46.265625,mV,1.6588749885559082,V,48.13750076293945,°C
2026-05-07,16:10:26.987671,1778163026.987671,s,560.044999,s,46.296875,mV,1.6575000286102295,V,47.974998474121094,°C
2026-05-07,16:10:31.982770,1778163031.98277,s,565.040098,s,46.3203125,mV,1.6561249494552612,V,47.8125,°C
2026-05-07,16:10:36.988096,1778163036.988096,s,570.045424,s,46.3359375,mV,1.6547499895095825,V,47.662498474121094,°C
2026-05-07,16:10:41.984286,1778163041.984286,s,575.041614,s,46.359375,mV,1.6533750295639038,V,47.51250076293945,°C
2026-05-07,16:10:46.988433,1778163046.988433,s,580.045761,s,46.3828125,mV,1.6519999504089355,V,47.36249923706055,°C
2026-05-07,16:10:51.985655,1778163051.985655,s,585.042983,s,46.40625,mV,1.6507500410079956,V,47.224998474121094,°C
2026-05-07,16:10:56.988672,1778163056.988672,s,590.046,s,46.421875,mV,1.6493749618530273,V,47.07500076293945,°C
2026-05-07,16:11:01.986257,1778163061.986257,s,595.043585,s,46.4375,mV,1.6481250524520874,V,46.9375,°C
2026-05-07,16:11:06.989010,1778163066.98901,s,600.046338,s,46.453125,mV,1.646875023841858,V,46.79999923706055,°C
2026-05-07,16:11:11.987511,1778163071.987511,s,605.044839,s,46.4765625,mV,1.6456249952316284,V,46.662498474121094,°C
2026-05-07,16:11:16.989321,1778163076.989321,s,610.046649,s,46.4921875,mV,1.6445000171661377,V,46.537498474121094,°C
2026-05-07,16:11:21.988021,1778163081.988021,s,615.045349,s,46.5078125,mV,1.6432499885559082,V,46.400001525878906,°C
2026-05-07,16:11:26.989815,1778163086.989815,s,620.047143,s,46.5234375,mV,1.6421250104904175,V,46.287498474121094,°C
2026-05-07,16:11:31.988571,1778163091.988571,s,625.045899,s,46.5390625,mV,1.6410000324249268,V,46.150001525878906,°C
2026-05-07,16:11:36.990374,1778163096.990374,s,630.047702,s,46.5546875,mV,1.639875054359436,V,46.037498474121094,°C
2026-05-07,16:11:41.989751,1778163101.989751,s,635.047079,s,46.5703125,mV,1.6388750076293945,V,45.92499923706055,°C
2026-05-07,16:11:46.991448,1778163106.991448,s,640.048776,s,46.5859375,mV,1.6377500295639038,V,45.8125,°C
2026-05-07,16:11:51.991105,1778163111.991105,s,645.048433,s,46.59375,mV,1.6367499828338623,V,45.6875,°C
2026-05-07,16:11:56.992123,1778163116.992123,s,650.049451,s,46.6171875,mV,1.6356250047683716,V,45.587501525878906,°C
2026-05-07,16:12:01.991594,1778163121.991594,s,655.048922,s,46.625,mV,1.63462495803833,V,45.474998474121094,°C
2026-05-07,16:12:06.992653,1778163126.992653,s,660.049981,s,46.6328125,mV,1.6336250305175781,V,45.36249923706055,°C
2026-05-07,16:12:11.992509,1778163131.992509,s,665.049837,s,46.6484375,mV,1.6326249837875366,V,45.25,°C
2026-05-07,16:12:16.993197,1778163136.993197,s,670.050525,s,46.65625,mV,1.6317499876022339,V,45.150001525878906,°C
2026-05-07,16:12:21.993505,1778163141.993505,s,675.050833,s,46.671875,mV,1.6307499408721924,V,45.04999923706055,°C
2026-05-07,16:12:26.994682,1778163146.994682,s,680.05201,s,46.46875,mV,1.6296249628067017,V,44.962501525878906,°C
2026-05-07,16:12:31.994502,1778163151.994502,s,685.05183,s,46.5,mV,1.628749966621399,V,44.86249923706055,°C
2026-05-07,16:12:36.995156,1778163156.995156,s,690.052484,s,46.515625,mV,1.6278749704360962,V,44.76250076293945,°C
2026-05-07,16:12:41.994774,1778163161.994774,s,695.052102,s,46.53125,mV,1.6269999742507935,V,44.67499923706055,°C
2026-05-07,16:12:46.995716,1778163166.995716,s,700.053044,s,46.546875,mV,1.6261249780654907,V,44.57500076293945,°C
2026-05-07,16:12:51.995097,1778163171.995097,s,705.052425,s,46.5625,mV,1.625249981880188,V,44.48749923706055,°C
2026-05-07,16:12:56.996222,1778163176.996222,s,710.05355,s,46.578125,mV,1.6243749856948853,V,44.400001525878906,°C
2026-05-07,16:13:01.995355,1778163181.995355,s,715.052683,s,46.5859375,mV,1.6236250400543213,V,44.3125,°C
2026-05-07,16:13:06.997379,1778163186.997379,s,720.054707,s,46.6015625,mV,1.6227500438690186,V,44.224998474121094,°C
2026-05-07,16:13:11.995643,1778163191.995643,s,725.052971,s,46.6171875,mV,1.621999979019165,V,44.13750076293945,°C
2026-05-07,16:13:16.997980,1778163196.99798,s,730.055308,s,46.6171875,mV,1.621250033378601,V,44.0625,°C
2026-05-07,16:13:21.995976,1778163201.995976,s,735.053304,s,46.6328125,mV,1.6204999685287476,V,43.974998474121094,°C
2026-05-07,16:13:26.999326,1778163206.999326,s,740.056654,s,46.6484375,mV,1.6197500228881836,V,43.900001525878906,°C
2026-05-07,16:13:31.996337,1778163211.996337,s,745.053665,s,46.6484375,mV,1.61899995803833,V,43.8125,°C
2026-05-07,16:13:36.999934,1778163216.999934,s,750.057262,s,46.6640625,mV,1.6182500123977661,V,43.73749923706055,°C
2026-05-07,16:13:41.996822,1778163221.996822,s,755.05415,s,46.671875,mV,1.6174999475479126,V,43.662498474121094,°C
2026-05-07,16:13:47.000508,1778163227.000508,s,760.057836,s,46.6640625,mV,1.6168750524520874,V,43.599998474121094,°C
2026-05-07,16:13:51.997297,1778163231.997297,s,765.054625,s,46.6796875,mV,1.6161249876022339,V,43.51250076293945,°C
2026-05-07,16:13:57.001673,1778163237.001673,s,770.059001,s,46.6875,mV,1.6154999732971191,V,43.45000076293945,°C
2026-05-07,16:14:01.997845,1778163241.997845,s,775.055173,s,46.703125,mV,1.6147500276565552,V,43.375,°C
2026-05-07,16:14:07.002230,1778163247.00223,s,780.059558,s,46.7109375,mV,1.6141250133514404,V,43.3125,°C
2026-05-07,16:14:11.998378,1778163251.998378,s,785.055706,s,46.7109375,mV,1.613374948501587,V,43.23749923706055,°C
2026-05-07,16:14:17.003567,1778163257.003567,s,790.060895,s,46.71875,mV,1.6127500534057617,V,43.162498474121094,°C
2026-05-07,16:14:21.998751,1778163261.998751,s,795.056079,s,46.7265625,mV,1.612125039100647,V,43.099998474121094,°C
2026-05-07,16:14:27.004920,1778163267.00492,s,800.062248,s,46.734375,mV,1.6115000247955322,V,43.037498474121094,°C
2026-05-07,16:14:31.999228,1778163271.999228,s,805.056556,s,46.7421875,mV,1.6108750104904175,V,42.974998474121094,°C
2026-05-07,16:14:37.005458,1778163277.005458,s,810.062786,s,46.7421875,mV,1.6103750467300415,V,42.912498474121094,°C
2026-05-07,16:14:42.000672,1778163282.000672,s,815.058,s,46.75,mV,1.6097500324249268,V,42.849998474121094,°C
2026-05-07,16:14:47.006514,1778163287.006514,s,820.063842,s,46.7578125,mV,1.609125018119812,V,42.787498474121094,°C
2026-05-07,16:14:52.001140,1778163292.00114,s,825.058468,s,46.765625,mV,1.6085000038146973,V,42.724998474121094,°C
2026-05-07,16:14:57.007831,1778163297.007831,s,830.065159,s,46.765625,mV,1.6080000400543213,V,42.67499923706055,°C
2026-05-07,16:15:02.001513,1778163302.001513,s,835.058841,s,46.7734375,mV,1.6073750257492065,V,42.61249923706055,°C
2026-05-07,16:15:07.009961,1778163307.009961,s,840.067289,s,46.78125,mV,1.6069999933242798,V,42.6875,°C
2026-05-07,16:15:12.002964,1778163312.002964,s,845.060292,s,46.7890625,mV,1.606374979019165,V,42.5,°C
2026-05-07,16:15:17.011408,1778163317.011408,s,850.068736,s,46.796875,mV,1.605875015258789,V,42.45000076293945,°C
2026-05-07,16:15:22.003361,1778163322.003361,s,855.060689,s,46.796875,mV,1.605375051498413,V,42.38750076293945,°C
2026-05-07,16:15:27.011939,1778163327.011939,s,860.069267,s,46.8046875,mV,1.6047500371932983,V,42.337501525878906,°C
2026-05-07,16:15:32.003659,1778163332.003659,s,865.060987,s,46.8046875,mV,1.6043750047683716,V,42.287498474121094,°C
2026-05-07,16:15:37.012373,1778163337.012373,s,870.069701,s,46.8125,mV,1.6038750410079956,V,42.224998474121094,°C
2026-05-07,16:15:42.004025,1778163342.004025,s,875.061353,s,46.8203125,mV,1.60337495803833,V,42.1875,°C
2026-05-07,16:15:47.012695,1778163347.012695,s,880.070023,s,46.8203125,mV,1.602874994277954,V,42.13750076293945,°C
2026-05-07,16:15:52.004392,1778163352.004392,s,885.06172,s,46.8203125,mV,1.6023750305175781,V,42.087501525878906,°C
2026-05-07,16:15:57.013200,1778163357.0132,s,890.070528,s,46.828125,mV,1.6018749475479126,V,42.037498474121094,°C
2026-05-07,16:16:02.004672,1778163362.004672,s,895.062,s,46.8359375,mV,1.6013749837875366,V,41.98749923706055,°C
2026-05-07,16:16:07.013576,1778163367.013576,s,900.070904,s,46.8359375,mV,1.6009999513626099,V,41.9375,°C
2026-05-07,16:16:12.005016,1778163372.005016,s,905.062344,s,46.84375,mV,1.6004999876022339,V,41.88750076293945,°C
2026-05-07,16:16:17.014057,1778163377.014057,s,910.071385,s,46.84375,mV,1.6001249551773071,V,41.849998474121094,°C
2026-05-07,16:16:22.005254,1778163382.005254,s,915.062582,s,46.8359375,mV,1.5996249914169312,V,41.79999923706055,°C
2026-05-07,16:16:27.014568,1778163387.014568,s,920.071896,s,46.8359375,mV,1.5992499589920044,V,41.76250076293945,°C
2026-05-07,16:16:32.006497,1778163392.006497,s,925.063825,s,46.84375,mV,1.5987499952316284,V,41.712501525878906,°C
2026-05-07,16:16:37.014824,1778163397.014824,s,930.072152,s,46.84375,mV,1.5983749628067017,V,41.662498474121094,°C
2026-05-07,16:16:42.007505,1778163402.007505,s,935.064833,s,46.8515625,mV,1.5980000495910645,V,41.625,°C
2026-05-07,16:16:47.015290,1778163407.01529,s,940.072618,s,46.8515625,mV,1.597499966621399,V,41.57500076293945,°C
2026-05-07,16:16:52.007956,1778163412.007956,s,945.065284,s,46.8671875,mV,1.5971250534057617,V,41.537498474121094,°C
2026-05-07,16:16:57.016658,1778163417.016658,s,950.073986,s,46.8671875,mV,1.596750020980835,V,41.5,°C
2026-05-07,16:17:02.008645,1778163422.008645,s,955.065973,s,46.8671875,mV,1.5963749885559082,V,41.462501525878906,°C
2026-05-07,16:17:07.016910,1778163427.01691,s,960.074238,s,46.8671875,mV,1.5958750247955322,V,41.42499923706055,°C
2026-05-07,16:17:12.009211,1778163432.009211,s,965.066539,s,46.875,mV,1.5954999923706055,V,41.38750076293945,°C
2026-05-07,16:17:17.018083,1778163437.018083,s,970.075411,s,46.875,mV,1.5952500104904175,V,41.337501525878906,°C
2026-05-07,16:17:22.009746,1778163442.009746,s,975.067074,s,46.8828125,mV,1.5947500467300415,V,41.29999923706055,°C
2026-05-07,16:17:27.018443,1778163447.018443,s,980.075771,s,46.8828125,mV,1.5943750143051147,V,41.26250076293945,°C
2026-05-07,16:17:32.011226,1778163452.011226,s,985.068554,s,46.8828125,mV,1.5941250324249268,V,41.224998474121094,°C
2026-05-07,16:17:37.018787,1778163457.018787,s,990.076115,s,46.890625,mV,1.59375,V,41.1875,°C
2026-05-07,16:17:42.012792,1778163462.012792,s,995.07012,s,46.890625,mV,1.5933749675750732,V,41.162498474121094,°C
2026-05-07,16:17:47.019220,1778163467.01922,s,1000.076548,s,46.8984375,mV,1.593000054359436,V,41.11249923706055,°C
2026-05-07,16:17:52.014517,1778163472.014517,s,1005.071845,s,46.8984375,mV,1.5927499532699585,V,41.087501525878906,°C
2026-05-07,16:17:57.020442,1778163477.020442,s,1010.07777,s,46.8984375,mV,1.5923750400543213,V,41.04999923706055,°C
2026-05-07,16:18:02.015104,1778163482.015104,s,1015.072432,s,46.8984375,mV,1.5920000076293945,V,41.01250076293945,°C
2026-05-07,16:18:07.021599,1778163487.021599,s,1020.078927,s,46.90625,mV,1.5916249752044678,V,40.974998474121094,°C
2026-05-07,16:18:12.016413,1778163492.016413,s,1025.073741,s,46.90625,mV,1.5913749933242798,V,40.95000076293945,°C
2026-05-07,16:18:17.022014,1778163497.022014,s,1030.079342,s,46.90625,mV,1.590999960899353,V,40.912498474121094,°C
2026-05-07,16:18:22.017481,1778163502.017481,s,1035.074809,s,46.9140625,mV,1.590749979019165,V,40.88750076293945,°C
2026-05-07,16:18:27.022387,1778163507.022387,s,1040.079715,s,46.90625,mV,1.5903749465942383,V,40.849998474121094,°C
2026-05-07,16:18:32.018009,1778163512.018009,s,1045.075337,s,46.9140625,mV,1.5901249647140503,V,40.8125,°C
2026-05-07,16:18:37.022742,1778163517.022742,s,1050.08007,s,46.9140625,mV,1.589750051498413,V,40.787498474121094,°C
2026-05-07,16:18:42.018506,1778163522.018506,s,1055.075834,s,46.9140625,mV,1.5894999504089355,V,40.75,°C
2026-05-07,16:18:47.023097,1778163527.023097,s,1060.080425,s,46.9140625,mV,1.5891250371932983,V,40.724998474121094,°C
2026-05-07,16:18:52.019906,1778163532.019906,s,1065.077234,s,46.921875,mV,1.5888750553131104,V,40.70000076293945,°C
2026-05-07,16:18:57.023453,1778163537.023453,s,1070.080781,s,46.921875,mV,1.5886249542236328,V,40.662498474121094,°C
2026-05-07,16:19:02.020383,1778163542.020383,s,1075.077711,s,46.921875,mV,1.5883749723434448,V,40.63750076293945,°C
2026-05-07,16:19:07.024200,1778163547.0242,s,1080.081528,s,46.9296875,mV,1.5881249904632568,V,40.599998474121094,°C
2026-05-07,16:19:12.021000,1778163552.021,s,1085.078328,s,46.9296875,mV,1.58774995803833,V,40.57500076293945,°C
2026-05-07,16:19:17.025159,1778163557.025159,s,1090.082487,s,46.9375,mV,1.587499976158142,V,40.54999923706055,°C
2026-05-07,16:19:22.021496,1778163562.021496,s,1095.078824,s,46.9375,mV,1.587249994277954,V,40.51250076293945,°C
2026-05-07,16:19:27.026197,1778163567.026197,s,1100.083525,s,46.9375,mV,1.5870000123977661,V,40.48749923706055,°C
2026-05-07,16:19:32.022090,1778163572.02209,s,1105.079418,s,46.9375,mV,1.5867500305175781,V,40.462501525878906,°C
2026-05-07,16:19:37.026563,1778163577.026563,s,1110.083891,s,46.9375,mV,1.5865000486373901,V,40.4375,°C
2026-05-07,16:19:42.023321,1778163582.023321,s,1115.080649,s,46.9375,mV,1.5861250162124634,V,40.412498474121094,°C
2026-05-07,16:19:47.026873,1778163587.026873,s,1120.084201,s,46.9453125,mV,1.5858750343322754,V,40.38750076293945,°C
2026-05-07,16:19:52.024820,1778163592.02482,s,1125.082148,s,46.9453125,mV,1.5856250524520874,V,40.36249923706055,°C
2026-05-07,16:19:57.027413,1778163597.027413,s,1130.084741,s,46.9453125,mV,1.5853749513626099,V,40.337501525878906,°C
2026-05-07,16:20:02.025353,1778163602.025353,s,1135.082681,s,46.9453125,mV,1.5851249694824219,V,40.3125,°C
2026-05-07,16:20:07.027987,1778163607.027987,s,1140.085315,s,46.953125,mV,1.5848749876022339,V,40.287498474121094,°C
2026-05-07,16:20:12.025853,1778163612.025853,s,1145.083181,s,46.9453125,mV,1.584625005722046,V,40.26250076293945,°C
2026-05-07,16:20:17.028528,1778163617.028528,s,1150.085856,s,46.953125,mV,1.584375023841858,V,40.23749923706055,°C
2026-05-07,16:20:22.026924,1778163622.026924,s,1155.084252,s,46.953125,mV,1.58412504196167,V,40.212501525878906,°C
2026-05-07,16:20:27.029089,1778163627.029089,s,1160.086417,s,46.953125,mV,1.5839999914169312,V,40.1875,°C
2026-05-07,16:20:32.027304,1778163632.027304,s,1165.084632,s,46.953125,mV,1.5837500095367432,V,40.162498474121094,°C
2026-05-07,16:20:37.030567,1778163637.030567,s,1170.087895,s,46.953125,mV,1.5835000276565552,V,40.13750076293945,°C
2026-05-07,16:20:42.027565,1778163642.027565,s,1175.084893,s,46.9609375,mV,1.5832500457763672,V,40.11249923706055,°C
2026-05-07,16:20:47.031138,1778163647.031138,s,1180.088466,s,46.953125,mV,1.5829999446868896,V,40.087501525878906,°C
2026-05-07,16:20:52.027805,1778163652.027805,s,1185.085133,s,46.9609375,mV,1.5828750133514404,V,40.0625,°C
2026-05-07,16:20:57.031650,1778163657.03165,s,1190.088978,s,46.9609375,mV,1.5826250314712524,V,40.04999923706055,°C
2026-05-07,16:21:02.028692,1778163662.028692,s,1195.08602,s,46.9609375,mV,1.5823750495910645,V,40.025001525878906,°C
2026-05-07,16:21:07.032164,1778163667.032164,s,1200.089492,s,46.9609375,mV,1.5822499990463257,V,40.0,°C
2026-05-07,16:21:12.029045,1778163672.029045,s,1205.086373,s,46.96875,mV,1.5820000171661377,V,39.974998474121094,°C
2026-05-07,16:21:17.033654,1778163677.033654,s,1210.090982,s,46.9609375,mV,1.5817500352859497,V,39.962501525878906,°C
2026-05-07,16:21:22.029761,1778163682.029761,s,1215.087089,s,46.96875,mV,1.5815000534057617,V,39.9375,°C
2026-05-07,16:21:27.035186,1778163687.035186,s,1220.092514,s,46.96875,mV,1.581375002861023,V,39.912498474121094,°C
2026-05-07,16:21:32.029994,1778163692.029994,s,1225.087322,s,46.96875,mV,1.581125020980835,V,39.900001525878906,°C
2026-05-07,16:21:37.035710,1778163697.03571,s,1230.093038,s,46.96875,mV,1.580875039100647,V,39.875,°C
2026-05-07,16:21:42.030868,1778163702.030868,s,1235.088196,s,46.96875,mV,1.5807499885559082,V,39.86249923706055,°C
2026-05-07,16:21:47.036834,1778163707.036834,s,1240.094162,s,46.9765625,mV,1.5805000066757202,V,39.837501525878906,°C
2026-05-07,16:21:52.031390,1778163712.03139,s,1245.088718,s,46.96875,mV,1.5803749561309814,V,39.8125,°C
2026-05-07,16:21:57.037385,1778163717.037385,s,1250.094713,s,46.9765625,mV,1.5801249742507935,V,39.79999923706055,°C
2026-05-07,16:22:02.031988,1778163722.031988,s,1255.089316,s,46.9765625,mV,1.5800000429153442,V,39.775001525878906,°C
2026-05-07,16:22:07.037891,1778163727.037891,s,1260.095219,s,46.9765625,mV,1.5797499418258667,V,39.76250076293945,°C
2026-05-07,16:22:12.032604,1778163732.032604,s,1265.089932,s,46.9765625,mV,1.5796250104904175,V,39.73749923706055,°C
2026-05-07,16:22:17.038322,1778163737.038322,s,1270.09565,s,46.984375,mV,1.5793750286102295,V,39.724998474121094,°C
2026-05-07,16:22:22.033131,1778163742.033131,s,1275.090459,s,46.984375,mV,1.5792499780654907,V,39.70000076293945,°C
2026-05-07,16:22:27.038806,1778163747.038806,s,1280.096134,s,46.984375,mV,1.5789999961853027,V,39.67499923706055,°C
2026-05-07,16:22:32.033644,1778163752.033644,s,1285.090972,s,46.984375,mV,1.578874945640564,V,39.662498474121094,°C
2026-05-07,16:22:37.039173,1778163757.039173,s,1290.096501,s,46.984375,mV,1.578624963760376,V,39.650001525878906,°C
2026-05-07,16:22:42.034182,1778163762.034182,s,1295.09151,s,46.984375,mV,1.5785000324249268,V,39.625,°C
2026-05-07,16:22:47.039660,1778163767.03966,s,1300.096988,s,46.984375,mV,1.578374981880188,V,39.61249923706055,°C
2026-05-07,16:22:52.034697,1778163772.034697,s,1305.092025,s,46.9921875,mV,1.578125,V,39.599998474121094,°C
2026-05-07,16:22:57.040024,1778163777.040024,s,1310.097352,s,46.9921875,mV,1.5779999494552612,V,39.57500076293945,°C
2026-05-07,16:23:02.036231,1778163782.036231,s,1315.093559,s,46.9921875,mV,1.577875018119812,V,39.5625,°C
2026-05-07,16:23:07.040530,1778163787.04053,s,1320.097858,s,46.9921875,mV,1.577625036239624,V,39.537498474121094,°C
2026-05-07,16:23:12.037700,1778163792.0377,s,1325.095028,s,46.9921875,mV,1.5774999856948853,V,39.525001525878906,°C
2026-05-07,16:23:17.040799,1778163797.040799,s,1330.098127,s,46.9921875,mV,1.577375054359436,V,39.51250076293945,°C
2026-05-07,16:23:22.038212,1778163802.038212,s,1335.09554,s,46.9921875,mV,1.5771249532699585,V,39.48749923706055,°C
2026-05-07,16:23:27.041235,1778163807.041235,s,1340.098563,s,46.9921875,mV,1.5770000219345093,V,39.474998474121094,°C
2026-05-07,16:23:32.039427,1778163812.039427,s,1345.096755,s,46.9921875,mV,1.5768749713897705,V,39.462501525878906,°C
2026-05-07,16:23:37.041510,1778163817.04151,s,1350.098838,s,46.9921875,mV,1.5767500400543213,V,39.4375,°C
2026-05-07,16:23:42.040996,1778163822.040996,s,1355.098324,s,47.0,mV,1.5765000581741333,V,39.42499923706055,°C
2026-05-07,16:23:47.042536,1778163827.042536,s,1360.099864,s,47.0,mV,1.5763750076293945,V,39.412498474121094,°C
2026-05-07,16:23:52.041547,1778163832.041547,s,1365.098875,s,47.0,mV,1.5762499570846558,V,39.400001525878906,°C
2026-05-07,16:23:57.043226,1778163837.043226,s,1370.100554,s,47.0,mV,1.5761250257492065,V,39.375,°C
2026-05-07,16:24:02.043116,1778163842.043116,s,1375.100444,s,47.0,mV,1.5758750438690186,V,39.36249923706055,°C
2026-05-07,16:24:07.044236,1778163847.044236,s,1380.101564,s,47.0,mV,1.5757499933242798,V,39.349998474121094,°C
2026-05-07,16:24:12.043640,1778163852.04364,s,1385.100968,s,47.0,mV,1.575624942779541,V,39.337501525878906,°C
2026-05-07,16:24:17.044926,1778163857.044926,s,1390.102254,s,47.0,mV,1.5755000114440918,V,39.32500076293945,°C
2026-05-07,16:24:22.044723,1778163862.044723,s,1395.102051,s,47.0078125,mV,1.575374960899353,V,39.29999923706055,°C
2026-05-07,16:24:27.046279,1778163867.046279,s,1400.103607,s,47.0,mV,1.5752500295639038,V,39.287498474121094,°C
2026-05-07,16:24:32.045232,1778163872.045232,s,1405.10256,s,47.0078125,mV,1.575124979019165,V,39.275001525878906,°C
2026-05-07,16:24:37.047517,1778163877.047517,s,1410.104845,s,47.0078125,mV,1.574874997138977,V,39.26250076293945,°C
2026-05-07,16:24:42.046304,1778163882.046304,s,1415.103632,s,47.0,mV,1.574874997138977,V,39.25,°C
2026-05-07,16:24:47.049005,1778163887.049005,s,1420.106333,s,47.0078125,mV,1.574625015258789,V,39.23749923706055,°C
2026-05-07,16:24:52.046570,1778163892.04657,s,1425.103898,s,47.0078125,mV,1.5744999647140503,V,39.212501525878906,°C
2026-05-07,16:24:57.049567,1778163897.049567,s,1430.106895,s,47.0,mV,1.574375033378601,V,39.20000076293945,°C
2026-05-07,16:25:02.047658,1778163902.047658,s,1435.104986,s,47.0078125,mV,1.5742499828338623,V,39.1875,°C
2026-05-07,16:25:07.050178,1778163907.050178,s,1440.107506,s,47.0078125,mV,1.574125051498413,V,39.1875,°C
2026-05-07,16:25:12.048016,1778163912.048016,s,1445.105344,s,47.0078125,mV,1.5740000009536743,V,39.162498474121094,°C
2026-05-07,16:25:17.050779,1778163917.050779,s,1450.108107,s,47.0078125,mV,1.5738749504089355,V,39.150001525878906,°C
2026-05-07,16:25:22.049381,1778163922.049381,s,1455.106709,s,47.0078125,mV,1.5737500190734863,V,39.13750076293945,°C
2026-05-07,16:25:27.051360,1778163927.05136,s,1460.108688,s,47.0078125,mV,1.5736249685287476,V,39.125,°C
2026-05-07,16:25:32.049671,1778163932.049671,s,1465.106999,s,47.0078125,mV,1.5733749866485596,V,39.11249923706055,°C
2026-05-07,16:25:37.051991,1778163937.051991,s,1470.109319,s,47.0078125,mV,1.5733749866485596,V,39.099998474121094,°C
2026-05-07,16:25:42.049982,1778163942.049982,s,1475.10731,s,47.0078125,mV,1.5732500553131104,V,39.087501525878906,°C
2026-05-07,16:25:47.052573,1778163947.052573,s,1480.109901,s,47.0078125,mV,1.5731250047683716,V,39.07500076293945,°C
2026-05-07,16:25:52.050326,1778163952.050326,s,1485.107654,s,47.015625,mV,1.5728750228881836,V,39.0625,°C
2026-05-07,16:25:57.053262,1778163957.053262,s,1490.11059,s,47.0078125,mV,1.5728750228881836,V,39.04999923706055,°C
2026-05-07,16:26:02.050695,1778163962.050695,s,1495.108023,s,47.015625,mV,1.5727499723434448,V,39.037498474121094,°C
2026-05-07,16:26:07.053690,1778163967.05369,s,1500.111018,s,47.015625,mV,1.5726250410079956,V,39.025001525878906,°C
2026-05-07,16:26:12.051231,1778163972.051231,s,1505.108559,s,47.0078125,mV,1.5724999904632568,V,39.01250076293945,°C
2026-05-07,16:26:17.055237,1778163977.055237,s,1510.112565,s,47.015625,mV,1.5723750591278076,V,39.0,°C
2026-05-07,16:26:22.051673,1778163982.051673,s,1515.109001,s,47.015625,mV,1.5722500085830688,V,38.98749923706055,°C
2026-05-07,16:26:27.056569,1778163987.056569,s,1520.113897,s,47.015625,mV,1.57212495803833,V,38.974998474121094,°C
