TIME,CH1,CH2
-5.000e-02,-0.0875,0.128766
-4.997e-02,-0.1,0.127313
-4.994e-02,-0.139062,0.125734
-4.990e-02,-0.260937,0.124313
-4.987e-02,-0.2875,0.122125
-4.984e-02,-0.3375,0.121172
-4.981e-02,-0.429687,0.119172
-4.978e-02,-0.49375,0.117891
-4.974e-02,-0.525781,0.115656
-4.971e-02,-0.601562,0.114484
-4.968e-02,-0.6875,0.112516
-4.965e-02,-0.717187,0.110719
-4.962e-02,-0.761719,0.109297
-4.958e-02,-0.867187,0.107047
-4.955e-02,-0.8875,0.105469
-4.952e-02,-0.911719,0.103375
-4.949e-02,-0.946875,0.101844
-4.946e-02,-1.02578,0.100344
-4.942e-02,-1.08125,0.0984688
-4.939e-02,-1.09922,0.0970625
-4.936e-02,-1.12109,0.0948125
-4.933e-02,-1.21875,0.0937656
-4.930e-02,-1.27109,0.0916563
-4.926e-02,-1.2875,0.0897656
-4.923e-02,-1.31172,0.0879531
-4.920e-02,-1.37891,0.086125
-4.917e-02,-1.4625,0.0845625
-4.914e-02,-1.48203,0.08225
-4.910e-02,-1.51172,0.081125
-4.907e-02,-1.52891,0.0788125
-4.904e-02,-1.57344,0.0769688
-4.901e-02,-1.66797,0.0748438
-4.898e-02,-1.6875,0.0730156
-4.894e-02,-1.71172,0.0704063
-4.891e-02,-1.73125,0.0682031
-4.888e-02,-1.82187,0.0659531
-4.885e-02,-1.82266,0.063875
-4.882e-02,-1.88203,0.0614063
-4.878e-02,-1.8875,0.0592813
-4.875e-02,-1.92109,0.0569688
-4.872e-02,-1.93359,0.0540781
-4.869e-02,-1.97187,0.0523594
-4.866e-02,-2.01328,0.0500156
-4.862e-02,-2.05078,0.0479531
-4.859e-02,-2.08516,0.0452188
-4.856e-02,-2.10625,0.0427969
-4.853e-02,-2.11172,0.0409844
-4.850e-02,-2.11172,0.0383438
-4.846e-02,-2.12031,0.0368281
-4.843e-02,-2.14687,0.0337188
-4.840e-02,-2.22578,0.0315625
-4.837e-02,-2.25625,0.0297344
-4.834e-02,-2.27344,0.0269063
-4.830e-02,-2.2875,0.024625
-4.827e-02,-2.31719,0.02225
-4.824e-02,-2.31172,0.0197188
-4.821e-02,-2.33359,0.0171875
-4.818e-02,-2.36719,0.0146563
-4.814e-02,-2.46562,0.0115781
-4.811e-02,-2.48281,0.00925
-4.808e-02,-2.4875,0.0068125
-4.805e-02,-2.51641,0.0041875
-4.802e-02,-2.51719,0.00154688
-4.798e-02,-2.54375,-0.00142187
-4.795e-02,-2.61328,-0.00395313
-4.792e-02,-2.65234,-0.00689063
-4.789e-02,-2.6875,-0.009875
-4.786e-02,-2.69922,-0.0122188
-4.782e-02,-2.72031,-0.0144531
-4.779e-02,-2.775,-0.0176563
-4.776e-02,-2.84375,-0.0200313
-4.773e-02,-2.88203,-0.0228594
-4.770e-02,-2.8875,-0.0254688
-4.766e-02,-2.91719,-0.0276094
-4.763e-02,-2.93125,-0.0302344
-4.760e-02,-2.99453,-0.0327813
-4.757e-02,-3.04375,-0.0352031
-4.754e-02,-3.0875,-0.0378594
-4.750e-02,-3.11172,-0.0407813
-4.747e-02,-3.13672,-0.0427344
-4.744e-02,-3.21875,-0.04575
-4.741e-02,-3.27891,-0.0481094
-4.738e-02,-3.3,-0.0512031
-4.734e-02,-3.31172,-0.0539219
-4.731e-02,-3.33281,-0.0567031
-4.728e-02,-3.42969,-0.0591719
-4.725e-02,-3.4875,-0.0618594
-4.722e-02,-3.51172,-0.0646875
-4.718e-02,-3.57891,-0.0673281
-4.715e-02,-3.66172,-0.0700156
-4.712e-02,-3.6875,-0.0732656
-4.709e-02,-3.71875,-0.0747813
-4.706e-02,-3.78281,-0.077625
-4.702e-02,-3.8875,-0.0803438
-4.699e-02,-3.9,-0.0831406
-4.696e-02,-3.91172,-0.085375
-4.693e-02,-3.96875,-0.0876406
-4.690e-02,-4.07656,-0.0903438
-4.686e-02,-4.09375,-0.0925
-4.683e-02,-4.12109,-0.095125
-4.680e-02,-4.20312,-0.09775
-4.677e-02,-4.2875,-0.100828
-4.674e-02,-4.32187,-0.103047
-4.670e-02,-4.4,-0.105375
-4.667e-02,-4.4875,-0.107375
-4.664e-02,-4.51328,-0.110344
-4.661e-02,-4.61953,-0.113047
-4.658e-02,-4.6875,-0.115656
-4.654e-02,-4.71641,-0.117984
-4.651e-02,-4.81953,-0.119922
-4.648e-02,-4.88516,-0.122344
-4.645e-02,-4.94297,-0.124656
-4.642e-02,-5.04609,-0.127359
-4.638e-02,-5.12578,-0.129234
-4.635e-02,-5.23437,-0.131594
-4.632e-02,-5.31172,-0.13375
-4.629e-02,-5.35312,-0.136406
-4.626e-02,-5.4875,-0.138344
-4.622e-02,-5.53203,-0.140359
-4.619e-02,-5.67344,-0.142594
-4.616e-02,-5.73359,-0.145
-4.613e-02,-5.85781,-0.146719
-4.610e-02,-5.94062,-0.148781
-4.606e-02,-6.0875,-0.150594
-4.603e-02,-6.16406,-0.152828
-4.600e-02,-6.31172,-0.154422
-4.597e-02,-6.42344,-0.156781
-4.594e-02,-6.51172,-0.158906
-4.590e-02,-6.65937,-0.160813
-4.587e-02,-6.78047,-0.162641
-4.584e-02,-6.90547,-0.164672
-4.581e-02,-7.05234,-0.166453
-4.578e-02,-7.18047,-0.169063
-4.574e-02,-7.31562,-0.170438
-4.571e-02,-7.46797,-0.173141
-4.568e-02,-7.63203,-0.174625
-4.565e-02,-7.75937,-0.176438
-4.562e-02,-7.93516,-0.178109
-4.558e-02,-8.0875,-0.179813
-4.555e-02,-8.2625,-0.181875
-4.552e-02,-8.45391,-0.1835
-4.549e-02,-8.62031,-0.185391
-4.546e-02,-8.76641,-0.186703
-4.542e-02,-8.92969,-0.188656
-4.539e-02,-9.12812,-0.190234
-4.536e-02,-9.30234,-0.191875
-4.533e-02,-9.46641,-0.193156
-4.530e-02,-9.65781,-0.194391
-4.526e-02,-9.83672,-0.19575
-4.523e-02,-9.97812,-0.196844
-4.520e-02,-10.1602,-0.198313
-4.517e-02,-10.3234,-0.199688
-4.514e-02,-10.4875,-0.201203
-4.510e-02,-10.6492,-0.202109
-4.507e-02,-10.7898,-0.202828
-4.504e-02,-10.9195,-0.203797
-4.501e-02,-11.0891,-0.205234
-4.498e-02,-11.2328,-0.206
-4.494e-02,-11.3117,-0.206578
-4.491e-02,-11.4203,-0.206625
-4.488e-02,-11.518,-0.208234
-4.485e-02,-11.6211,-0.209281
-4.482e-02,-11.7117,-0.209016
-4.478e-02,-11.8016,-0.20975
-4.475e-02,-11.8687,-0.210219
-4.472e-02,-11.9687,-0.210328
-4.469e-02,-12.0602,-0.210688
-4.466e-02,-12.1117,-0.212016
-4.462e-02,-12.1836,-0.211875
-4.459e-02,-12.2664,-0.212109
-4.456e-02,-12.2953,-0.212469
-4.453e-02,-12.3125,-0.213297
-4.450e-02,-12.3633,-0.213078
-4.446e-02,-12.4422,-0.213266
-4.443e-02,-12.4859,-0.213469
-4.440e-02,-12.4852,-0.213719
-4.437e-02,-12.5117,-0.213875
-4.434e-02,-12.5305,-0.214109
-4.430e-02,-12.5312,-0.214109
-4.427e-02,-12.5562,-0.214
-4.424e-02,-12.5766,-0.214234
-4.421e-02,-12.5898,-0.214297
-4.418e-02,-12.6305,-0.214344
-4.414e-02,-12.6406,-0.214234
-4.411e-02,-12.6242,-0.214531
-4.408e-02,-12.5969,-0.214234
-4.405e-02,-12.568,-0.21425
-4.402e-02,-12.5352,-0.214234
-4.398e-02,-12.5141,-0.214234
-4.395e-02,-12.4937,-0.214234
-4.392e-02,-12.468,-0.214234
-4.389e-02,-12.3875,-0.214109
-4.386e-02,-12.3141,-0.214109
-4.382e-02,-12.2875,-0.214125
-4.379e-02,-12.1914,-0.21375
-4.376e-02,-12.1117,-0.213609
-4.373e-02,-12.0609,-0.213469
-4.370e-02,-11.9516,-0.213297
-4.366e-02,-11.8875,-0.213516
-4.363e-02,-11.7492,-0.213078
-4.360e-02,-11.6836,-0.212938
-4.357e-02,-11.5539,-0.212703
-4.354e-02,-11.5055,-0.212047
-4.350e-02,-11.4375,-0.211875
-4.347e-02,-11.3172,-0.211578
-4.344e-02,-11.2406,-0.211141
-4.341e-02,-11.1211,-0.210734
-4.338e-02,-11.0555,-0.210688
-4.334e-02,-10.9477,-0.210234
-4.331e-02,-10.8758,-0.210313
-4.328e-02,-10.7461,-0.20975
-4.325e-02,-10.6875,-0.209641
-4.322e-02,-10.6109,-0.20975
-4.318e-02,-10.5062,-0.209141
-4.315e-02,-10.3914,-0.209047
-4.312e-02,-10.3102,-0.208297
-4.309e-02,-10.2172,-0.208438
-4.306e-02,-10.1062,-0.207469
-4.302e-02,-9.98125,-0.207375
-4.299e-02,-9.8875,-0.207063
-4.296e-02,-9.78047,-0.206594
-4.293e-02,-9.6875,-0.206234
-4.290e-02,-9.55703,-0.205859
-4.286e-02,-9.4875,-0.206
-4.283e-02,-9.36641,-0.205531
-4.280e-02,-9.2875,-0.205281
-4.277e-02,-9.19375,-0.205328
-4.274e-02,-9.10625,-0.205203
-4.270e-02,-9.00312,-0.203938
-4.267e-02,-8.87031,-0.203531
-4.264e-02,-8.75859,-0.203344
-4.261e-02,-8.65625,-0.202594
-4.258e-02,-8.50547,-0.202234
-4.254e-02,-8.4,-0.20175
-4.251e-02,-8.26328,-0.201594
-4.248e-02,-8.11172,-0.201359
-4.245e-02,-7.97969,-0.200172
-4.242e-02,-7.84219,-0.199719
-4.238e-02,-7.69375,-0.198719
-4.235e-02,-7.57187,-0.198313
-4.232e-02,-7.42656,-0.197938
-4.229e-02,-7.29766,-0.196922
-4.226e-02,-7.15234,-0.197
-4.222e-02,-7.01484,-0.196
-4.219e-02,-6.85859,-0.194594
-4.216e-02,-6.73047,-0.194422
-4.213e-02,-6.575,-0.193813
-4.210e-02,-6.45469,-0.193188
-4.206e-02,-6.31406,-0.192047
-4.203e-02,-6.18594,-0.191328
-4.200e-02,-6.05078,-0.190781
-4.197e-02,-5.92578,-0.189984
-4.194e-02,-5.78828,-0.188797
-4.190e-02,-5.67187,-0.188313
-4.187e-02,-5.54375,-0.187609
-4.184e-02,-5.44219,-0.186953
-4.181e-02,-5.33359,-0.18575
-4.178e-02,-5.22734,-0.184969
-4.174e-02,-5.08906,-0.184297
-4.171e-02,-4.97266,-0.183734
-4.168e-02,-4.86562,-0.182438
-4.165e-02,-4.74453,-0.181984
-4.162e-02,-4.64219,-0.181141
-4.158e-02,-4.52891,-0.180578
-4.155e-02,-4.42656,-0.1795
-4.152e-02,-4.3125,-0.178375
-4.149e-02,-4.18437,-0.178156
-4.146e-02,-4.07656,-0.177234
-4.142e-02,-3.96953,-0.177
-4.139e-02,-3.86719,-0.175141
-4.136e-02,-3.76641,-0.174422
-4.133e-02,-3.63672,-0.173281
-4.130e-02,-3.53359,-0.172719
-4.126e-02,-3.38203,-0.171078
-4.123e-02,-3.2875,-0.170375
-4.120e-02,-3.18672,-0.169563
-4.117e-02,-3.07266,-0.168297
-4.114e-02,-2.96641,-0.166859
-4.110e-02,-2.89375,-0.165984
-4.107e-02,-2.775,-0.165016
-4.104e-02,-2.67187,-0.163641
-4.101e-02,-2.56953,-0.162328
-4.098e-02,-2.47578,-0.161859
-4.094e-02,-2.3875,-0.161359
-4.091e-02,-2.29375,-0.159984
-4.088e-02,-2.23125,-0.158578
-4.085e-02,-2.11641,-0.158141
-4.082e-02,-2.06953,-0.156969
-4.078e-02,-1.93203,-0.155938
-4.075e-02,-1.87344,-0.154609
-4.072e-02,-1.77656,-0.15375
-4.069e-02,-1.68203,-0.153156
-4.066e-02,-1.60234,-0.152203
-4.062e-02,-1.51406,-0.1505
-4.059e-02,-1.4625,-0.149703
-4.056e-02,-1.33437,-0.148922
-4.053e-02,-1.2875,-0.147766
-4.050e-02,-1.21328,-0.146266
-4.046e-02,-1.10547,-0.14575
-4.043e-02,-1.04062,-0.143641
-4.040e-02,-0.929687,-0.142813
-4.037e-02,-0.8875,-0.141875
-4.034e-02,-0.811719,-0.140344
-4.030e-02,-0.711719,-0.138906
-4.027e-02,-0.657031,-0.138
-4.024e-02,-0.540625,-0.136688
-4.021e-02,-0.484375,-0.135203
-4.018e-02,-0.370312,-0.134125
-4.014e-02,-0.324219,-0.133078
-4.011e-02,-0.280469,-0.131047
-4.008e-02,-0.182812,-0.129641
-4.005e-02,-0.0976562,-0.12875
-4.002e-02,-0.0875,-0.127063
-3.998e-02,0.015625,-0.125609
-3.995e-02,0.0882813,-0.124516
-3.992e-02,0.1125,-0.122484
-3.989e-02,0.209375,-0.121078
-3.986e-02,0.288281,-0.119563
-3.982e-02,0.315625,-0.118172
-3.979e-02,0.353125,-0.116469
-3.976e-02,0.45625,-0.114672
-3.973e-02,0.488281,-0.113266
-3.970e-02,0.5125,-0.111172
-3.966e-02,0.559375,-0.109766
-3.963e-02,0.658594,-0.108219
-3.960e-02,0.685938,-0.106281
-3.957e-02,0.735938,-0.104875
-3.954e-02,0.813281,-0.102953
-3.950e-02,0.882031,-0.101875
-3.947e-02,0.894531,-0.0996719
-3.944e-02,0.9125,-0.09775
-3.941e-02,0.952344,-0.0961719
-3.938e-02,1.04922,-0.0943125
-3.934e-02,1.08828,-0.0925
-3.931e-02,1.11797,-0.0905781
-3.928e-02,1.14531,-0.0896406
-3.925e-02,1.24766,-0.0874063
-3.922e-02,1.28828,-0.0852031
-3.918e-02,1.30078,-0.0832969
-3.915e-02,1.32188,-0.0815781
-3.912e-02,1.35313,-0.0790313
-3.909e-02,1.43203,-0.0777344
-3.906e-02,1.48203,-0.0754844
-3.902e-02,1.48828,-0.07375
-3.899e-02,1.53047,-0.0714844
-3.896e-02,1.58359,-0.0695469
-3.893e-02,1.66094,-0.0664219
-3.890e-02,1.68828,-0.0648125
-3.886e-02,1.7125,-0.0622344
-3.883e-02,1.72422,-0.0604531
-3.880e-02,1.75625,-0.057875
-3.877e-02,1.81953,-0.0551094
-3.874e-02,1.88125,-0.0528438
-3.870e-02,1.88828,-0.0506563
-3.867e-02,1.9,-0.0480313
-3.864e-02,1.9125,-0.04575
-3.861e-02,1.91328,-0.0431875
-3.858e-02,1.95,-0.0416094
-3.854e-02,2.01406,-0.0383125
-3.851e-02,2.06094,-0.0363906
-3.848e-02,2.08203,-0.0340469
-3.845e-02,2.08516,-0.0318125
-3.842e-02,2.10625,-0.0299844
-3.838e-02,2.1125,-0.0270625
-3.835e-02,2.13203,-0.0252031
-3.832e-02,2.18672,-0.022875
-3.829e-02,2.21328,-0.0201875
-3.826e-02,2.26172,-0.0175781
-3.822e-02,2.2875,-0.0151094
-3.819e-02,2.30625,-0.0128906
-3.816e-02,2.3125,-0.0103594
-3.813e-02,2.33047,-0.0076875
-3.810e-02,2.41016,-0.00473438
-3.806e-02,2.44297,-0.00210937
-3.803e-02,2.47891,0.0008125
-3.800e-02,2.5,0.003125
-3.797e-02,2.53672,0.00564063
-3.794e-02,2.54219,0.00857813
-3.790e-02,2.59922,0.0103906
-3.787e-02,2.65391,0.0135938
-3.784e-02,2.68828,0.0165938
-3.781e-02,2.7125,0.0193594
-3.778e-02,2.71719,0.022125
-3.774e-02,2.75156,0.0245313
-3.771e-02,2.81406,0.0273906
-3.768e-02,2.88828,0.0300156
-3.765e-02,2.88828,0.0322344
-3.762e-02,2.91406,0.0346719
-3.758e-02,2.94609,0.0372344
-3.755e-02,2.97969,0.0400781
-3.752e-02,3.06016,0.04225
-3.749e-02,3.08828,0.045125
-3.746e-02,3.11563,0.0475781
-3.742e-02,3.12891,0.05
-3.739e-02,3.21406,0.0522344
-3.736e-02,3.28203,0.0549844
-3.733e-02,3.28828,0.0578125
-3.730e-02,3.31875,0.0604219
-3.726e-02,3.40391,0.0629531
-3.723e-02,3.45625,0.0658281
-3.720e-02,3.48828,0.0685156
-3.717e-02,3.51563,0.0709219
-3.714e-02,3.58516,0.0738906
-3.710e-02,3.66172,0.07625
-3.707e-02,3.68828,0.0788125
-3.704e-02,3.7125,0.0809531
-3.701e-02,3.74375,0.0836094
-3.698e-02,3.83359,0.0857656
-3.694e-02,3.89219,0.0885156
-3.691e-02,3.91563,0.0904688
-3.688e-02,3.98906,0.0934375
-3.685e-02,4.08594,0.0954219
-3.682e-02,4.10078,0.098125
-3.678e-02,4.13672,0.10075
-3.675e-02,4.21953,0.103703
-3.672e-02,4.27656,0.105766
-3.669e-02,4.33594,0.108125
-3.666e-02,4.43594,0.110875
-3.662e-02,4.50078,0.112969
-3.659e-02,4.54141,0.115953
-3.656e-02,4.64375,0.118328
-3.653e-02,4.69453,0.121313
-3.650e-02,4.74453,0.123016
-3.646e-02,4.85313,0.125641
-3.643e-02,4.9125,0.127984
-3.640e-02,4.99922,0.130391
-3.637e-02,5.08438,0.133
-3.634e-02,5.13516,0.134813
-3.630e-02,5.25469,0.136891
-3.627e-02,5.3125,0.139109
-3.624e-02,5.45,0.141688
-3.621e-02,5.50625,0.143734
-3.618e-02,5.62109,0.145766
-3.614e-02,5.68594,0.147594
-3.611e-02,5.78906,0.149766
-3.608e-02,5.90625,0.151609
-3.605e-02,6.04141,0.153844
-3.602e-02,6.1125,0.155938
-3.598e-02,6.26719,0.157875
-3.595e-02,6.4,0.160203
-3.592e-02,6.53359,0.162
-3.589e-02,6.68594,0.163828
-3.586e-02,6.77656,0.166344
-3.582e-02,6.93906,0.167891
-3.579e-02,7.1125,0.170016
-3.576e-02,7.2625,0.171172
-3.573e-02,7.40625,0.173641
-3.570e-02,7.53516,0.175359
-3.566e-02,7.73438,0.177188
-3.563e-02,7.90078,0.178609
-3.560e-02,8.04063,0.180563
-3.557e-02,8.24063,0.181766
-3.554e-02,8.39453,0.183875
-3.550e-02,8.55469,0.18575
-3.547e-02,8.71563,0.187
-3.544e-02,8.87969,0.189156
-3.541e-02,9.025,0.190125
-3.538e-02,9.17656,0.191859
-3.534e-02,9.33906,0.193609
-3.531e-02,9.52109,0.194578
-3.528e-02,9.67969,0.196
-3.525e-02,9.83125,0.197375
-3.522e-02,9.98438,0.198047
-3.518e-02,10.1359,0.199703
-3.515e-02,10.3094,0.201406
-3.512e-02,10.4664,0.202609
-3.509e-02,10.6383,0.203469
-3.506e-02,10.8055,0.204953
-3.502e-02,10.9844,0.206125
-3.499e-02,11.1125,0.207125
-3.496e-02,11.2805,0.208547
-3.493e-02,11.3367,0.209
-3.490e-02,11.4797,0.209844
-3.486e-02,11.5563,0.210016
-3.483e-02,11.675,0.21025
-3.480e-02,11.7391,0.211281
-3.477e-02,11.8445,0.212484
-3.474e-02,11.9031,0.212375
-3.470e-02,11.9883,0.213672
-3.467e-02,12.0719,0.213281
-3.464e-02,12.1094,0.213891
-3.461e-02,12.1563,0.214
-3.458e-02,12.2539,0.21425
-3.454e-02,12.2883,0.214344
-3.451e-02,12.3133,0.214781
-3.448e-02,12.3633,0.214578
-3.445e-02,12.4195,0.215141
-3.442e-02,12.4578,0.2155
-3.438e-02,12.4836,0.215609
-3.435e-02,12.4883,0.215141
-3.432e-02,12.5125,0.215797
-3.429e-02,12.525,0.216578
-3.426e-02,12.5242,0.216266
-3.422e-02,12.5578,0.216391
-3.419e-02,12.557,0.217
-3.416e-02,12.5617,0.216906
-3.413e-02,12.5578,0.216703
-3.410e-02,12.532,0.216734
-3.406e-02,12.5273,0.216922
-3.403e-02,12.5367,0.216594
-3.400e-02,12.5008,0.216672
-3.397e-02,12.4883,0.216313
-3.394e-02,12.4609,0.216344
-3.390e-02,12.3789,0.216313
-3.387e-02,12.3148,0.216188
-3.384e-02,12.2836,0.2155
-3.381e-02,12.1922,0.215266
-3.378e-02,12.1125,0.215375
-3.374e-02,12.0742,0.214734
-3.371e-02,11.9578,0.215016
-3.368e-02,11.9008,0.214688
-3.365e-02,11.8039,0.214328
-3.362e-02,11.7125,0.21425
-3.358e-02,11.6398,0.214453
-3.355e-02,11.532,0.214406
-3.352e-02,11.457,0.213766
-3.349e-02,11.3594,0.213766
-3.346e-02,11.2617,0.213625
-3.342e-02,11.1469,0.213313
-3.339e-02,11.0883,0.2135
-3.336e-02,10.9742,0.212859
-3.333e-02,10.8672,0.212125
-3.330e-02,10.743,0.211781
-3.326e-02,10.643,0.211703
-3.323e-02,10.5414,0.211594
-3.320e-02,10.4758,0.210906
-3.317e-02,10.3609,0.210625
-3.314e-02,10.2766,0.210859
-3.310e-02,10.1414,0.210125
-3.307e-02,10.0719,0.209688
-3.304e-02,9.93516,0.209656
-3.301e-02,9.88828,0.209281
-3.298e-02,9.75234,0.209141
-3.294e-02,9.68828,0.208375
-3.291e-02,9.58516,0.208266
-3.288e-02,9.50625,0.207828
-3.285e-02,9.43984,0.207391
-3.282e-02,9.3125,0.206797
-3.278e-02,9.24766,0.206469
-3.275e-02,9.12656,0.20625
-3.272e-02,9.05469,0.206125
-3.269e-02,8.94453,0.205766
-3.266e-02,8.87344,0.20525
-3.262e-02,8.73203,0.205047
-3.259e-02,8.63594,0.204406
-3.256e-02,8.50625,0.2035
-3.253e-02,8.35,0.202891
-3.250e-02,8.24609,0.202391
-3.246e-02,8.10625,0.201734
-3.243e-02,7.96094,0.201219
-3.240e-02,7.82656,0.200734
-3.237e-02,7.68359,0.199719
-3.234e-02,7.51563,0.198672
-3.230e-02,7.38438,0.198578
-3.227e-02,7.25313,0.197891
-3.224e-02,7.07578,0.197766
-3.221e-02,6.92813,0.197141
-3.218e-02,6.73828,0.196109
-3.214e-02,6.62813,0.195438
-3.211e-02,6.45078,0.194469
-3.208e-02,6.31484,0.193656
-3.205e-02,6.15703,0.193234
-3.202e-02,6.03281,0.192391
-3.198e-02,5.90078,0.190781
-3.195e-02,5.76094,0.190344
-3.192e-02,5.66484,0.190016
-3.189e-02,5.53828,0.189422
-3.186e-02,5.43984,0.188563
-3.182e-02,5.3125,0.187781
-3.179e-02,5.19219,0.186734
-3.176e-02,5.07188,0.185984
-3.173e-02,4.94844,0.185328
-3.170e-02,4.87734,0.184859
-3.166e-02,4.73672,0.183844
-3.163e-02,4.64219,0.182719
-3.160e-02,4.53281,0.182047
-3.157e-02,4.43281,0.181344
-3.154e-02,4.29141,0.180453
-3.150e-02,4.17578,0.179281
-3.147e-02,4.06094,0.178906
-3.144e-02,3.92656,0.178125
-3.141e-02,3.83984,0.177547
-3.138e-02,3.72344,0.176641
-3.134e-02,3.63984,0.175719
-3.131e-02,3.51563,0.174531
-3.128e-02,3.41563,0.173781
-3.125e-02,3.3,0.172453
-3.122e-02,3.17656,0.171484
-3.118e-02,3.08594,0.170656
-3.115e-02,2.98125,0.169766
-3.112e-02,2.8875,0.169094
-3.109e-02,2.76094,0.167672
-3.106e-02,2.67734,0.166984
-3.102e-02,2.575,0.165578
-3.099e-02,2.47188,0.164906
-3.096e-02,2.34688,0.163688
-3.093e-02,2.28281,0.162547
-3.090e-02,2.17969,0.161766
-3.086e-02,2.08828,0.161344
-3.083e-02,1.99141,0.159891
-3.080e-02,1.9125,0.158297
-3.077e-02,1.84219,0.157641
-3.074e-02,1.71406,0.156828
-3.070e-02,1.63906,0.15525
-3.067e-02,1.54141,0.15425
-3.064e-02,1.46563,0.153563
-3.061e-02,1.35625,0.152313
-3.058e-02,1.28828,0.151031
-3.054e-02,1.2625,0.150266
-3.051e-02,1.13828,0.1495
-3.048e-02,1.08281,0.147938
-3.045e-02,0.953906,0.146734
-3.042e-02,0.894531,0.146016
-3.038e-02,0.839063,0.145063
-3.035e-02,0.722656,0.143031
-3.032e-02,0.683594,0.14225
-3.029e-02,0.56875,0.141047
-3.026e-02,0.5125,0.139797
-3.022e-02,0.488281,0.138016
-3.019e-02,0.35,0.137328
-3.016e-02,0.3125,0.135297
-3.013e-02,0.267188,0.13425
-3.010e-02,0.138281,0.133281
-3.006e-02,0.1,0.131297
-3.003e-02,0.0523438,0.130016
-3.000e-02,-0.0710937,0.128828
-2.997e-02,-0.1,0.126734
-2.994e-02,-0.134375,0.125891
-2.990e-02,-0.24375,0.124406
-2.987e-02,-0.285937,0.122859
-2.984e-02,-0.3375,0.121313
-2.981e-02,-0.421875,0.119281
-2.978e-02,-0.485156,0.1175
-2.974e-02,-0.517187,0.116063
-2.971e-02,-0.586719,0.114109
-2.968e-02,-0.680469,0.113047
-2.965e-02,-0.715625,0.110703
-2.962e-02,-0.759375,0.109719
-2.958e-02,-0.857031,0.106953
-2.955e-02,-0.8875,0.105891
-2.952e-02,-0.911719,0.103922
-2.949e-02,-0.952344,0.10225
-2.946e-02,-1.03672,0.100625
-2.942e-02,-1.08203,0.0987188
-2.939e-02,-1.10625,0.0972031
-2.936e-02,-1.13437,0.0952813
-2.933e-02,-1.21641,0.093625
-2.930e-02,-1.28516,0.0923438
-2.926e-02,-1.2875,0.09025
-2.923e-02,-1.31719,0.0883594
-2.920e-02,-1.34766,0.0862813
-2.917e-02,-1.44531,0.0850781
-2.914e-02,-1.4875,0.0827031
-2.910e-02,-1.51172,0.0811563
-2.907e-02,-1.52812,0.0790625
-2.904e-02,-1.56016,0.0768906
-2.901e-02,-1.64844,0.0748438
-2.898e-02,-1.68672,0.07325
-2.894e-02,-1.71484,0.0712188
-2.891e-02,-1.72969,0.0686406
-2.888e-02,-1.75547,0.0659531
-2.885e-02,-1.84766,0.0636719
-2.882e-02,-1.875,0.0616563
-2.878e-02,-1.8875,0.0595469
-2.875e-02,-1.91172,0.0575313
-2.872e-02,-1.92031,0.0547031
-2.869e-02,-1.96016,0.0521406
-2.866e-02,-2.02187,0.0500156
-2.862e-02,-2.06016,0.0474688
-2.859e-02,-2.08359,0.0453281
-2.856e-02,-2.0875,0.0432344
-2.853e-02,-2.11172,0.0410938
-2.850e-02,-2.11172,0.0387344
-2.846e-02,-2.13281,0.0364844
-2.843e-02,-2.16797,0.0338906
-2.840e-02,-2.22187,0.0322344
-2.837e-02,-2.25,0.0296875
-2.834e-02,-2.27734,0.0275156
-2.830e-02,-2.2875,0.0245938
-2.827e-02,-2.31172,0.022
-2.824e-02,-2.31484,0.0195
-2.821e-02,-2.33984,0.0177188
-2.818e-02,-2.39922,0.0144375
-2.814e-02,-2.43516,0.0117031
-2.811e-02,-2.47422,0.009375
-2.808e-02,-2.48359,0.00710938
-2.805e-02,-2.50547,0.00423438
-2.802e-02,-2.52891,0.00165625
-2.798e-02,-2.54297,-0.00125
-2.795e-02,-2.61484,-0.00307813
-2.792e-02,-2.63984,-0.00671875
-2.789e-02,-2.6875,-0.00903125
-2.786e-02,-2.71172,-0.0125781
-2.782e-02,-2.72578,-0.0144531
-2.779e-02,-2.74062,-0.0171563
-2.776e-02,-2.82891,-0.0198125
-2.773e-02,-2.86719,-0.0224375
-2.770e-02,-2.8875,-0.0253125
-2.766e-02,-2.91172,-0.0276406
-2.763e-02,-2.92422,-0.0302344
-2.760e-02,-2.98672,-0.0328281
-2.757e-02,-3.05703,-0.0353594
-2.754e-02,-3.07969,-0.03775
-2.750e-02,-3.10547,-0.0406563
-2.747e-02,-3.13594,-0.0426406
-2.744e-02,-3.23125,-0.0456719
-2.741e-02,-3.25937,-0.0482344
-2.738e-02,-3.2875,-0.0510313
-2.734e-02,-3.31172,-0.0537344
-2.731e-02,-3.34062,-0.0561094
-2.728e-02,-3.41172,-0.0591406
-2.725e-02,-3.48594,-0.06175
-2.722e-02,-3.51172,-0.0646094
-2.718e-02,-3.57031,-0.0669219
-2.715e-02,-3.6375,-0.069875
-2.712e-02,-3.67734,-0.0726875
-2.709e-02,-3.71172,-0.0752188
-2.706e-02,-3.77578,-0.0773594
-2.702e-02,-3.8625,-0.07975
-2.699e-02,-3.88437,-0.082375
-2.696e-02,-3.91172,-0.0851563
-2.693e-02,-3.96016,-0.0878594
-2.690e-02,-4.05312,-0.0898594
-2.686e-02,-4.1,-0.093
-2.683e-02,-4.13281,-0.0950781
-2.680e-02,-4.19375,-0.098125
-2.677e-02,-4.27578,-0.100828
-2.674e-02,-4.31172,-0.102938
-2.670e-02,-4.42187,-0.105969
-2.667e-02,-4.47891,-0.107953
-2.664e-02,-4.51172,-0.109984
-2.661e-02,-4.60469,-0.112578
-2.658e-02,-4.6875,-0.115
-2.654e-02,-4.71719,-0.11775
-2.651e-02,-4.80156,-0.120203
-2.648e-02,-4.88594,-0.122109
-2.645e-02,-4.93281,-0.124969
-2.642e-02,-5.05859,-0.126781
-2.638e-02,-5.11172,-0.129219
-2.635e-02,-5.21719,-0.131297
-2.632e-02,-5.2875,-0.133672
-2.629e-02,-5.34297,-0.13575
-2.626e-02,-5.48516,-0.137859
-2.622e-02,-5.53047,-0.140219
-2.619e-02,-5.66016,-0.142344
-2.616e-02,-5.71172,-0.14475
-2.613e-02,-5.83203,-0.146641
-2.610e-02,-5.92578,-0.148422
-2.606e-02,-6.07891,-0.150625
-2.603e-02,-6.14922,-0.152688
-2.600e-02,-6.2875,-0.154531
-2.597e-02,-6.3875,-0.156516
-2.594e-02,-6.50547,-0.158234
-2.590e-02,-6.63516,-0.160797
-2.587e-02,-6.74453,-0.162406
-2.584e-02,-6.90703,-0.164594
-2.581e-02,-7.05234,-0.166438
-2.578e-02,-7.15859,-0.168484
-2.574e-02,-7.31172,-0.170422
-2.571e-02,-7.45937,-0.172375
-2.568e-02,-7.61562,-0.174422
-2.565e-02,-7.75937,-0.176469
-2.562e-02,-7.91953,-0.178047
-2.558e-02,-8.08359,-0.180219
-2.555e-02,-8.25469,-0.18175
-2.552e-02,-8.43047,-0.183047
-2.549e-02,-8.61016,-0.185688
-2.546e-02,-8.76719,-0.186531
-2.542e-02,-8.91797,-0.1885
-2.539e-02,-9.10547,-0.190344
-2.536e-02,-9.28516,-0.191234
-2.533e-02,-9.44766,-0.192938
-2.530e-02,-9.64297,-0.194109
-2.526e-02,-9.82734,-0.195656
-2.523e-02,-9.96094,-0.196859
-2.520e-02,-10.1398,-0.198219
-2.517e-02,-10.3055,-0.199453
-2.514e-02,-10.4727,-0.200734
-2.510e-02,-10.6578,-0.201891
-2.507e-02,-10.7664,-0.202484
-2.504e-02,-10.9172,-0.203953
-2.501e-02,-11.0727,-0.204891
-2.498e-02,-11.2328,-0.20575
-2.494e-02,-11.2875,-0.206234
-2.491e-02,-11.4289,-0.207
-2.488e-02,-11.5055,-0.207328
-2.485e-02,-11.5937,-0.208625
-2.482e-02,-11.7016,-0.209219
-2.478e-02,-11.7766,-0.209672
-2.475e-02,-11.875,-0.210234
-2.472e-02,-11.9773,-0.210234
-2.469e-02,-12.0617,-0.211188
-2.466e-02,-12.1117,-0.211672
-2.462e-02,-12.2047,-0.211797
-2.459e-02,-12.2562,-0.212344
-2.456e-02,-12.2836,-0.21275
-2.453e-02,-12.332,-0.212844
-2.450e-02,-12.3797,-0.213281
-2.446e-02,-12.4344,-0.21375
-2.443e-02,-12.4875,-0.213641
-2.440e-02,-12.4875,-0.213688
-2.437e-02,-12.5117,-0.213766
-2.434e-02,-12.5328,-0.214125
-2.430e-02,-12.5211,-0.214281
-2.427e-02,-12.575,-0.214406
-2.424e-02,-12.5898,-0.214297
-2.421e-02,-12.6156,-0.213984
-2.418e-02,-12.6289,-0.214234
-2.414e-02,-12.618,-0.214422
-2.411e-02,-12.6148,-0.214438
-2.408e-02,-12.5977,-0.214125
-2.405e-02,-12.5875,-0.214234
-2.402e-02,-12.5312,-0.214234
-2.398e-02,-12.5117,-0.214281
-2.395e-02,-12.4937,-0.214109
-2.392e-02,-12.4781,-0.214234
-2.389e-02,-12.4047,-0.214281
-2.386e-02,-12.3172,-0.21375
-2.382e-02,-12.2844,-0.213734
-2.379e-02,-12.2,-0.21375
-2.376e-02,-12.118,-0.21375
-2.373e-02,-12.0625,-0.21375
-2.370e-02,-11.9609,-0.213219
-2.366e-02,-11.8758,-0.213375
-2.363e-02,-11.7664,-0.213125
-2.360e-02,-11.7055,-0.212781
-2.357e-02,-11.6086,-0.212719
-2.354e-02,-11.5117,-0.212406
-2.350e-02,-11.4406,-0.212313
-2.347e-02,-11.3117,-0.211656
-2.344e-02,-11.2422,-0.211234
-2.341e-02,-11.1508,-0.211125
-2.338e-02,-11.0687,-0.21075
-2.334e-02,-10.9422,-0.210688
-2.331e-02,-10.8773,-0.20975
-2.328e-02,-10.7539,-0.209875
-2.325e-02,-10.7117,-0.209375
-2.322e-02,-10.6148,-0.209172
-2.318e-02,-10.5117,-0.209234
-2.315e-02,-10.4031,-0.209281
-2.312e-02,-10.3055,-0.208859
-2.309e-02,-10.2031,-0.207797
-2.306e-02,-10.1062,-0.207453
-2.302e-02,-9.98594,-0.20675
-2.299e-02,-9.9,-0.207141
-2.296e-02,-9.78672,-0.206813
-2.293e-02,-9.6875,-0.206234
-2.290e-02,-9.56719,-0.205891
-2.286e-02,-9.4875,-0.20575
-2.283e-02,-9.39062,-0.205688
-2.280e-02,-9.31172,-0.205672
-2.277e-02,-9.21797,-0.205313
-2.274e-02,-9.09375,-0.2045
-2.270e-02,-8.99453,-0.204234
-2.267e-02,-8.89375,-0.20325
-2.264e-02,-8.77734,-0.20325
-2.261e-02,-8.67109,-0.202797
-2.258e-02,-8.525,-0.201984
-2.254e-02,-8.38594,-0.201875
-2.251e-02,-8.26328,-0.201578
-2.248e-02,-8.11172,-0.201
-2.245e-02,-7.99062,-0.200344
-2.242e-02,-7.86641,-0.200047
-2.238e-02,-7.72656,-0.199453
-2.235e-02,-7.58437,-0.198406
-2.232e-02,-7.43828,-0.197688
-2.229e-02,-7.2875,-0.197266
-2.226e-02,-7.15,-0.196328
-2.222e-02,-7.03594,-0.1955
-2.219e-02,-6.88281,-0.195344
-2.216e-02,-6.71641,-0.194578
-2.213e-02,-6.59141,-0.194
-2.210e-02,-6.45312,-0.193328
-2.206e-02,-6.33437,-0.192453
-2.203e-02,-6.18047,-0.191484
-2.200e-02,-6.06797,-0.190547
-2.197e-02,-5.93516,-0.18975
-2.194e-02,-5.79844,-0.189422
-2.190e-02,-5.68359,-0.188469
-2.187e-02,-5.56641,-0.187891
-2.184e-02,-5.46328,-0.186531
-2.181e-02,-5.33203,-0.185984
-2.178e-02,-5.22578,-0.185266
-2.174e-02,-5.12578,-0.184438
-2.171e-02,-4.99766,-0.183625
-2.168e-02,-4.88125,-0.182797
-2.165e-02,-4.75547,-0.182109
-2.162e-02,-4.675,-0.181406
-2.158e-02,-4.55156,-0.180469
-2.155e-02,-4.45312,-0.179516
-2.152e-02,-4.32266,-0.178672
-2.149e-02,-4.18047,-0.177984
-2.146e-02,-4.10625,-0.177266
-2.142e-02,-3.97344,-0.176578
-2.139e-02,-3.89141,-0.175547
-2.136e-02,-3.75703,-0.174469
-2.133e-02,-3.65703,-0.17375
-2.130e-02,-3.53516,-0.172281
-2.126e-02,-3.39766,-0.171797
-2.123e-02,-3.30859,-0.170016
-2.120e-02,-3.20625,-0.168906
-2.117e-02,-3.09922,-0.167875
-2.114e-02,-2.975,-0.167297
-2.110e-02,-2.88437,-0.165859
-2.107e-02,-2.80234,-0.16525
-2.104e-02,-2.69062,-0.163688
-2.101e-02,-2.60078,-0.162953
-2.098e-02,-2.49375,-0.162031
-2.094e-02,-2.40234,-0.161203
-2.091e-02,-2.31406,-0.160328
-2.088e-02,-2.22656,-0.158766
-2.085e-02,-2.13047,-0.157656
-2.082e-02,-2.05703,-0.156891
-2.078e-02,-1.96094,-0.15575
-2.075e-02,-1.88203,-0.154438
-2.072e-02,-1.80156,-0.153531
-2.069e-02,-1.71172,-0.153094
-2.066e-02,-1.62187,-0.151688
-2.062e-02,-1.51172,-0.150469
-2.059e-02,-1.47812,-0.149969
-2.056e-02,-1.35547,-0.149234
-2.053e-02,-1.2875,-0.147297
-2.050e-02,-1.2125,-0.146109
-2.046e-02,-1.11172,-0.145141
-2.043e-02,-1.06562,-0.144281
-2.040e-02,-0.941406,-0.142672
-2.037e-02,-0.8875,-0.142
-2.034e-02,-0.814062,-0.140281
-2.030e-02,-0.717969,-0.138578
-2.027e-02,-0.659375,-0.138234
-2.024e-02,-0.552344,-0.136844
-2.021e-02,-0.485937,-0.135578
-2.018e-02,-0.420312,-0.134359
-2.014e-02,-0.311719,-0.132859
-2.011e-02,-0.2875,-0.131531
-2.008e-02,-0.1875,-0.129984
-2.005e-02,-0.114062,-0.128656
-2.002e-02,-0.0875,-0.1265
-1.998e-02,0.0203125,-0.125875
-1.995e-02,0.078125,-0.124344
-1.992e-02,0.1125,-0.122234
-1.989e-02,0.2,-0.121141
-1.986e-02,0.288281,-0.119688
-1.982e-02,0.3125,-0.118234
-1.979e-02,0.355469,-0.117203
-1.976e-02,0.45625,-0.114594
-1.973e-02,0.488281,-0.113875
-1.970e-02,0.5125,-0.111703
-1.966e-02,0.5625,-0.10975
-1.963e-02,0.653906,-0.108313
-1.960e-02,0.709375,-0.106594
-1.957e-02,0.721094,-0.105297
-1.954e-02,0.791406,-0.103266
-1.950e-02,0.864063,-0.101672
-1.947e-02,0.888281,-0.0995469
-1.944e-02,0.9125,-0.0979688
-1.941e-02,0.965625,-0.0968438
-1.938e-02,1.02656,-0.0943125
-1.934e-02,1.08594,-0.0927656
-1.931e-02,1.1125,-0.0905313
-1.928e-02,1.16094,-0.0896406
-1.925e-02,1.23359,-0.0872031
-1.922e-02,1.28828,-0.0855313
-1.918e-02,1.29453,-0.0833281
-1.915e-02,1.3125,-0.0816563
-1.912e-02,1.34297,-0.0796406
-1.909e-02,1.40625,-0.077875
-1.906e-02,1.47031,-0.0755313
-1.902e-02,1.49453,-0.074
-1.899e-02,1.51328,-0.0715469
-1.896e-02,1.55938,-0.0695
-1.893e-02,1.61641,-0.0668281
-1.890e-02,1.66953,-0.0648438
-1.886e-02,1.7125,-0.0626094
-1.883e-02,1.7125,-0.0609063
-1.880e-02,1.76719,-0.0577656
-1.877e-02,1.84141,-0.0556094
-1.874e-02,1.86406,-0.0532188
-1.870e-02,1.88828,-0.0510938
-1.867e-02,1.9,-0.0478438
-1.864e-02,1.9125,-0.0462344
-1.861e-02,1.92734,-0.0432969
-1.858e-02,1.98672,-0.0411875
-1.854e-02,2.01484,-0.0390625
-1.851e-02,2.06641,-0.0367188
-1.848e-02,2.07969,-0.0341094
-1.845e-02,2.08828,-0.0319375
-1.842e-02,2.10703,-0.0296563
-1.838e-02,2.10625,-0.0273906
-1.835e-02,2.13047,-0.0255469
-1.832e-02,2.15781,-0.0229063
-1.829e-02,2.21641,-0.0206875
-1.826e-02,2.28203,-0.017625
-1.822e-02,2.27891,-0.0151719
-1.819e-02,2.3125,-0.0130938
-1.816e-02,2.3125,-0.0107188
-1.813e-02,2.3125,-0.00814063
-1.810e-02,2.39297,-0.00551563
-1.806e-02,2.43906,-0.002375
-1.803e-02,2.48828,0.000125
-1.800e-02,2.5125,0.00310938
-1.797e-02,2.5125,0.0056875
-1.794e-02,2.55156,0.00840625
-1.790e-02,2.59766,0.0106094
-1.787e-02,2.66016,0.0136563
-1.784e-02,2.68828,0.0163594
-1.781e-02,2.7125,0.0189844
-1.778e-02,2.7125,0.0216094
-1.774e-02,2.76406,0.0245625
-1.771e-02,2.83906,0.0273906
-1.768e-02,2.87578,0.0296719
-1.765e-02,2.88828,0.0322656
-1.762e-02,2.9125,0.0345
-1.758e-02,2.92266,0.0377188
-1.755e-02,2.97344,0.0399063
-1.752e-02,3.05391,0.0417344
-1.749e-02,3.08828,0.0443125
-1.746e-02,3.1125,0.0472031
-1.742e-02,3.14766,0.0495469
-1.739e-02,3.19453,0.0519375
-1.736e-02,3.27891,0.0550781
-1.733e-02,3.29453,0.0577188
-1.730e-02,3.32422,0.0603281
-1.726e-02,3.40156,0.0628438
-1.723e-02,3.46875,0.0654531
-1.720e-02,3.48828,0.0685938
-1.717e-02,3.52188,0.0707813
-1.714e-02,3.54766,0.0734375
-1.710e-02,3.65781,0.0762188
-1.707e-02,3.68828,0.0782344
-1.704e-02,3.70625,0.0806094
-1.701e-02,3.72734,0.0835313
-1.698e-02,3.81563,0.0857656
-1.694e-02,3.87813,0.0877813
-1.691e-02,3.9125,0.0904688
-1.688e-02,3.97891,0.0933281
-1.685e-02,4.06719,0.0953594
-1.682e-02,4.09453,0.098125
-1.678e-02,4.125,0.100641
-1.675e-02,4.23672,0.102828
-1.672e-02,4.28828,0.105359
-1.669e-02,4.3375,0.107734
-1.666e-02,4.44297,0.110578
-1.662e-02,4.48828,0.113156
-1.659e-02,4.52422,0.115156
-1.656e-02,4.61406,0.118172
-1.653e-02,4.7,0.12075
-1.650e-02,4.73672,0.123078
-1.646e-02,4.86641,0.125672
-1.643e-02,4.90703,0.127734
-1.640e-02,4.98047,0.129922
-1.637e-02,5.07578,0.132719
-1.634e-02,5.12031,0.134578
-1.630e-02,5.24688,0.137188
-1.627e-02,5.31328,0.138672
-1.624e-02,5.41172,0.141281
-1.621e-02,5.48828,0.143297
-1.618e-02,5.60781,0.145328
-1.614e-02,5.68828,0.147375
-1.611e-02,5.76563,0.149469
-1.608e-02,5.89453,0.151797
-1.605e-02,6.00938,0.153891
-1.602e-02,6.1125,0.155766
-1.598e-02,6.24453,0.15775
-1.595e-02,6.38984,0.159703
-1.592e-02,6.49609,0.161641
-1.589e-02,6.66875,0.163828
-1.586e-02,6.77188,0.165719
-1.582e-02,6.93594,0.167828
-1.579e-02,7.1,0.169766
-1.576e-02,7.26172,0.170828
-1.573e-02,7.39766,0.173078
-1.570e-02,7.55547,0.175063
-1.566e-02,7.71406,0.176813
-1.563e-02,7.87969,0.178844
-1.560e-02,8.01406,0.180203
-1.557e-02,8.21406,0.182125
-1.554e-02,8.35469,0.184063
-1.550e-02,8.54219,0.185641
-1.547e-02,8.69609,0.186672
-1.544e-02,8.88203,0.188563
-1.541e-02,9.02891,0.19
-1.538e-02,9.13438,0.191406
-1.534e-02,9.33125,0.193031
-1.531e-02,9.50625,0.194641
-1.528e-02,9.67109,0.196359
-1.525e-02,9.8375,0.197453
-1.522e-02,9.95313,0.198484
-1.518e-02,10.1305,0.200172
-1.515e-02,10.2945,0.201234
-1.512e-02,10.4547,0.202422
-1.509e-02,10.593,0.203203
-1.506e-02,10.782,0.204922
-1.502e-02,10.9539,0.205594
-1.499e-02,11.1063,0.206484
-1.496e-02,11.2469,0.207359
-1.493e-02,11.3125,0.208844
-1.490e-02,11.4617,0.209766
-1.486e-02,11.5258,0.21025
-1.483e-02,11.65,0.210797
-1.480e-02,11.7203,0.211359
-1.477e-02,11.8625,0.211859
-1.474e-02,11.8945,0.21275
-1.470e-02,11.9695,0.213234
-1.467e-02,12.0555,0.213109
-1.464e-02,12.0945,0.213719
-1.461e-02,12.1398,0.213891
-1.458e-02,12.225,0.21425
-1.454e-02,12.2836,0.214375
-1.451e-02,12.3008,0.214656
-1.448e-02,12.3516,0.214563
-1.445e-02,12.393,0.215
-1.442e-02,12.4477,0.215203
-1.438e-02,12.482,0.215609
-1.435e-02,12.4883,0.216031
-1.432e-02,12.5125,0.215781
-1.429e-02,12.5297,0.215906
-1.426e-02,12.5352,0.216297
-1.422e-02,12.5391,0.216391
-1.419e-02,12.5594,0.216266
-1.416e-02,12.5633,0.217172
-1.413e-02,12.5641,0.216922
-1.410e-02,12.5422,0.216828
-1.406e-02,12.525,0.216203
-1.403e-02,12.5125,0.216344
-1.400e-02,12.507,0.216188
-1.397e-02,12.4883,0.216328
-1.394e-02,12.4367,0.216578
-1.390e-02,12.3891,0.215969
-1.387e-02,12.3148,0.215625
-1.384e-02,12.2836,0.215953
-1.381e-02,12.2258,0.215125
-1.378e-02,12.1203,0.215094
-1.374e-02,12.0883,0.215141
-1.371e-02,11.9859,0.214688
-1.368e-02,11.8945,0.214703
-1.365e-02,11.8195,0.214
-1.362e-02,11.7109,0.214328
-1.358e-02,11.6773,0.21425
-1.355e-02,11.5398,0.21425
-1.352e-02,11.4852,0.214125
-1.349e-02,11.3563,0.21425
-1.346e-02,11.2664,0.213766
-1.342e-02,11.1828,0.213391
-1.339e-02,11.0883,0.213219
-1.336e-02,10.9945,0.212859
-1.333e-02,10.8844,0.212531
-1.330e-02,10.7273,0.212266
-1.326e-02,10.6664,0.211406
-1.323e-02,10.5477,0.211313
-1.320e-02,10.4883,0.210891
-1.317e-02,10.3398,0.210641
-1.314e-02,10.2883,0.210219
-1.310e-02,10.1539,0.210031
-1.307e-02,10.0789,0.209844
-1.304e-02,9.94297,0.209391
-1.301e-02,9.87891,0.209391
-1.298e-02,9.76406,0.208938
-1.294e-02,9.7125,0.208453
-1.291e-02,9.5875,0.208125
-1.288e-02,9.5125,0.207859
-1.285e-02,9.43516,0.207391
-1.282e-02,9.30625,0.206953
-1.278e-02,9.26172,0.206875
-1.275e-02,9.12656,0.206313
-1.272e-02,9.06172,0.205953
-1.269e-02,8.96406,0.205547
-1.266e-02,8.8875,0.205234
-1.262e-02,8.75859,0.205156
-1.259e-02,8.66875,0.204313
-1.256e-02,8.5125,0.203625
-1.253e-02,8.38203,0.202734
-1.250e-02,8.25469,0.202719
-1.246e-02,8.08828,0.201453
-1.243e-02,7.97656,0.201719
-1.240e-02,7.84141,0.201219
-1.237e-02,7.69219,0.200281
-1.234e-02,7.53281,0.198922
-1.230e-02,7.38828,0.198813
-1.227e-02,7.25156,0.198
-1.224e-02,7.08281,0.197891
-1.221e-02,6.94766,0.197109
-1.218e-02,6.7625,0.19625
-1.214e-02,6.62813,0.195266
-1.211e-02,6.46328,0.194625
-1.208e-02,6.3125,0.193781
-1.205e-02,6.16094,0.193094
-1.202e-02,6.03984,0.192141
-1.198e-02,5.90625,0.191125
-1.195e-02,5.79531,0.190547
-1.192e-02,5.67188,0.189719
-1.189e-02,5.54297,0.189188
-1.186e-02,5.43047,0.188578
-1.182e-02,5.32109,0.187594
-1.179e-02,5.21094,0.186781
-1.176e-02,5.06641,0.186484
-1.173e-02,4.97578,0.185328
-1.170e-02,4.86797,0.184328
-1.166e-02,4.75469,0.183547
-1.163e-02,4.65,0.182813
-1.160e-02,4.53828,0.182484
-1.157e-02,4.43203,0.181453
-1.154e-02,4.30625,0.180688
-1.150e-02,4.17578,0.180109
-1.147e-02,4.06641,0.178578
-1.144e-02,3.97188,0.17825
-1.141e-02,3.85234,0.177578
-1.138e-02,3.73203,0.176797
-1.134e-02,3.65078,0.175422
-1.131e-02,3.52813,0.17425
-1.128e-02,3.42031,0.174141
-1.125e-02,3.29297,0.172938
-1.122e-02,3.20313,0.171813
-1.118e-02,3.10625,0.170797
-1.115e-02,2.99766,0.170016
-1.112e-02,2.89453,0.168891
-1.109e-02,2.79141,0.167563
-1.106e-02,2.7125,0.166359
-1.102e-02,2.58125,0.165891
-1.099e-02,2.48281,0.164766
-1.096e-02,2.36953,0.163828
-1.093e-02,2.28828,0.162656
-1.090e-02,2.17891,0.161547
-1.086e-02,2.1125,0.161109
-1.083e-02,2.02813,0.159875
-1.080e-02,1.9125,0.158594
-1.077e-02,1.86641,0.158016
-1.074e-02,1.73359,0.157109
-1.070e-02,1.64609,0.155516
-1.067e-02,1.53594,0.154313
-1.064e-02,1.47813,0.153453
-1.061e-02,1.35625,0.152484
-1.058e-02,1.30703,0.151391
-1.054e-02,1.25078,0.150484
-1.051e-02,1.14297,0.149484
-1.048e-02,1.08828,0.148313
-1.045e-02,0.966406,0.146922
-1.042e-02,0.907031,0.145734
-1.038e-02,0.857813,0.144547
-1.035e-02,0.7375,0.143063
-1.032e-02,0.688281,0.142297
-1.029e-02,0.550781,0.140563
-1.026e-02,0.5125,0.139469
-1.022e-02,0.479688,0.138313
-1.019e-02,0.364844,0.137234
-1.016e-02,0.3125,0.135531
-1.013e-02,0.26875,0.13425
-1.010e-02,0.164844,0.133359
-1.006e-02,0.1125,0.131609
-1.003e-02,0.059375,0.130359
-1.000e-02,-0.065625,0.128922
-9.968e-03,-0.09375,0.127188
-9.936e-03,-0.133594,0.125625
-9.904e-03,-0.247656,0.124984
-9.872e-03,-0.286719,0.122375
-9.840e-03,-0.321094,0.121
-9.808e-03,-0.414844,0.119344
-9.776e-03,-0.4875,0.117766
-9.744e-03,-0.511719,0.116328
-9.712e-03,-0.599219,0.114016
-9.680e-03,-0.671875,0.112984
-9.648e-03,-0.711719,0.110844
-9.616e-03,-0.763281,0.109703
-9.584e-03,-0.832812,0.107422
-9.552e-03,-0.8875,0.106016
-9.520e-03,-0.911719,0.103813
-9.488e-03,-0.935156,0.102094
-9.456e-03,-1.03984,0.100797
-9.424e-03,-1.08516,0.0984063
-9.392e-03,-1.0875,0.09675
-9.360e-03,-1.13125,0.0953906
-9.328e-03,-1.18828,0.0937031
-9.296e-03,-1.27109,0.0920781
-9.264e-03,-1.29375,0.0901563
-9.232e-03,-1.31641,0.0882813
-9.200e-03,-1.33828,0.086375
-9.168e-03,-1.45078,0.0847656
-9.136e-03,-1.4875,0.0825313
-9.104e-03,-1.4875,0.0814063
-9.072e-03,-1.52422,0.0790938
-9.040e-03,-1.57422,0.0776563
-9.008e-03,-1.63047,0.0749063
-8.976e-03,-1.6875,0.0734375
-8.944e-03,-1.7,0.0711406
-8.912e-03,-1.71406,0.0687969
-8.880e-03,-1.78437,0.0662031
-8.848e-03,-1.81719,0.0641563
-8.816e-03,-1.86641,0.0618906
-8.784e-03,-1.8875,0.0596563
-8.752e-03,-1.91562,0.0572031
-8.720e-03,-1.92109,0.0548438
-8.688e-03,-1.96953,0.0521875
-8.656e-03,-1.99453,0.05025
-8.624e-03,-2.05312,0.0483125
-8.592e-03,-2.08437,0.0456719
-8.560e-03,-2.0875,0.04325
-8.528e-03,-2.11172,0.0414219
-8.496e-03,-2.11172,0.0388125
-8.464e-03,-2.12344,0.0366563
-8.432e-03,-2.16094,0.03425
-8.400e-03,-2.18594,0.0319375
-8.368e-03,-2.26484,0.030375
-8.336e-03,-2.28125,0.0275625
-8.304e-03,-2.2875,0.0255781
-8.272e-03,-2.30547,0.0225313
-8.240e-03,-2.31172,0.0195625
-8.208e-03,-2.34141,0.0176563
-8.176e-03,-2.37031,0.0145625
-8.144e-03,-2.40625,0.0119531
-8.112e-03,-2.46484,0.00976563
-8.080e-03,-2.49375,0.00664063
-8.048e-03,-2.51172,0.00428125
-8.016e-03,-2.51641,0.0020625
-7.984e-03,-2.54219,-0.00065625
-7.952e-03,-2.61562,-0.00321875
-7.920e-03,-2.66484,-0.0064375
-7.888e-03,-2.6875,-0.00939063
-7.856e-03,-2.71172,-0.0122031
-7.824e-03,-2.71797,-0.0143125
-7.792e-03,-2.73828,-0.0170313
-7.760e-03,-2.80859,-0.0195625
-7.728e-03,-2.88594,-0.0224531
-7.696e-03,-2.88125,-0.0254844
-7.664e-03,-2.91172,-0.0272031
-7.632e-03,-2.92266,-0.0300469
-7.600e-03,-2.98359,-0.0325156
-7.568e-03,-3.06484,-0.03475
-7.536e-03,-3.08672,-0.0377813
-7.504e-03,-3.10547,-0.0402188
-7.472e-03,-3.13437,-0.04275
-7.440e-03,-3.22031,-0.0453281
-7.408e-03,-3.28047,-0.0478906
-7.376e-03,-3.2875,-0.0508125
-7.344e-03,-3.31172,-0.05375
-7.312e-03,-3.33828,-0.0563438
-7.280e-03,-3.41562,-0.05925
-7.248e-03,-3.46641,-0.06175
-7.216e-03,-3.51172,-0.0646406
-7.184e-03,-3.55469,-0.0667031
-7.152e-03,-3.64531,-0.0698125
-7.120e-03,-3.6875,-0.072875
-7.088e-03,-3.71641,-0.0744531
-7.056e-03,-3.76797,-0.0773281
-7.024e-03,-3.85625,-0.0802188
-6.992e-03,-3.8875,-0.0822344
-6.960e-03,-3.91172,-0.085125
-6.928e-03,-3.96484,-0.0874688
-6.896e-03,-4.04766,-0.0899219
-6.864e-03,-4.0875,-0.0922969
-6.832e-03,-4.11641,-0.0951563
-6.800e-03,-4.19609,-0.0977813
-6.768e-03,-4.28125,-0.100219
-6.736e-03,-4.31328,-0.102625
-6.704e-03,-4.39766,-0.105625
-6.672e-03,-4.4875,-0.107328
-6.640e-03,-4.51172,-0.109984
-6.608e-03,-4.59453,-0.112281
-6.576e-03,-4.68516,-0.115172
-6.544e-03,-4.71172,-0.117656
-6.512e-03,-4.78594,-0.119766
-6.480e-03,-4.88359,-0.122109
-6.448e-03,-4.92266,-0.124906
-6.416e-03,-5.04531,-0.126641
-6.384e-03,-5.11484,-0.129266
-6.352e-03,-5.20937,-0.130984
-6.320e-03,-5.2875,-0.133625
-6.288e-03,-5.34141,-0.136078
-6.256e-03,-5.47031,-0.137859
-6.224e-03,-5.51172,-0.139719
-6.192e-03,-5.64141,-0.142281
-6.160e-03,-5.71172,-0.144203
-6.128e-03,-5.83281,-0.146406
-6.096e-03,-5.93516,-0.148656
-6.064e-03,-6.06328,-0.150328
-6.032e-03,-6.13203,-0.152578
-6.000e-03,-6.27891,-0.154391
-5.968e-03,-6.38047,-0.156422
-5.936e-03,-6.50625,-0.1585
-5.904e-03,-6.62578,-0.160672
-5.872e-03,-6.74531,-0.162234
-5.840e-03,-6.89922,-0.164688
-5.808e-03,-7.03359,-0.166234
-5.776e-03,-7.14375,-0.168297
-5.744e-03,-7.31719,-0.170703
-5.712e-03,-7.45937,-0.172688
-5.680e-03,-7.59766,-0.174438
-5.648e-03,-7.75156,-0.176219
-5.616e-03,-7.90547,-0.177859
-5.584e-03,-8.07031,-0.180344
-5.552e-03,-8.25234,-0.182
-5.520e-03,-8.41875,-0.183781
-5.488e-03,-8.60312,-0.185047
-5.456e-03,-8.73516,-0.186359
-5.424e-03,-8.91172,-0.188313
-5.392e-03,-9.09062,-0.189547
-5.360e-03,-9.26484,-0.191141
-5.328e-03,-9.46172,-0.192984
-5.296e-03,-9.61328,-0.194234
-5.264e-03,-9.78984,-0.195203
-5.232e-03,-9.96484,-0.196969
-5.200e-03,-10.1312,-0.197813
-5.168e-03,-10.293,-0.199172
-5.136e-03,-10.475,-0.200281
-5.104e-03,-10.6328,-0.20175
-5.072e-03,-10.75,-0.202625
-5.040e-03,-10.9117,-0.203609
-5.008e-03,-11.0703,-0.205281
-4.976e-03,-11.2125,-0.20575
-4.944e-03,-11.2875,-0.206234
-4.912e-03,-11.4148,-0.207031
-4.880e-03,-11.4937,-0.207484
-4.848e-03,-11.6117,-0.208531
-4.816e-03,-11.6875,-0.209328
-4.784e-03,-11.7625,-0.209656
-4.752e-03,-11.8867,-0.210234
-4.720e-03,-11.9414,-0.210234
-4.688e-03,-12.0523,-0.210781
-4.656e-03,-12.1117,-0.211766
-4.624e-03,-12.1578,-0.212438
-4.592e-03,-12.2562,-0.212172
-4.560e-03,-12.2875,-0.213031
-4.528e-03,-12.3117,-0.213203
-4.496e-03,-12.3508,-0.213281
-4.464e-03,-12.4359,-0.213609
-4.432e-03,-12.4734,-0.21375
-4.400e-03,-12.4812,-0.213688
-4.368e-03,-12.5031,-0.214266
-4.336e-03,-12.5117,-0.213906
-4.304e-03,-12.5289,-0.214109
-4.272e-03,-12.5797,-0.214406
-4.240e-03,-12.6133,-0.214234
-4.208e-03,-12.6055,-0.214234
-4.176e-03,-12.6258,-0.214281
-4.144e-03,-12.6398,-0.214344
-4.112e-03,-12.6227,-0.214484
-4.080e-03,-12.5945,-0.214469
-4.048e-03,-12.6016,-0.214266
-4.016e-03,-12.5414,-0.214234
-3.984e-03,-12.5117,-0.214234
-3.952e-03,-12.4922,-0.214234
-3.920e-03,-12.4836,-0.214109
-3.888e-03,-12.4109,-0.214234
-3.856e-03,-12.325,-0.213984
-3.824e-03,-12.2875,-0.213797
-3.792e-03,-12.2148,-0.213875
-3.760e-03,-12.1312,-0.213656
-3.728e-03,-12.0766,-0.21375
-3.696e-03,-11.9586,-0.213172
-3.664e-03,-11.8875,-0.213391
-3.632e-03,-11.8016,-0.213156
-3.600e-03,-11.6937,-0.213203
-3.568e-03,-11.643,-0.212266
-3.536e-03,-11.5117,-0.212219
-3.504e-03,-11.4461,-0.212234
-3.472e-03,-11.3414,-0.211453
-3.440e-03,-11.2687,-0.211656
-3.408e-03,-11.1477,-0.211016
-3.376e-03,-11.0687,-0.210234
-3.344e-03,-10.9453,-0.210484
-3.312e-03,-10.8937,-0.210234
-3.280e-03,-10.7797,-0.210109
-3.248e-03,-10.7055,-0.20975
-3.216e-03,-10.6328,-0.209688
-3.184e-03,-10.5195,-0.209516
-3.152e-03,-10.4031,-0.20925
-3.120e-03,-10.3117,-0.2085
-3.088e-03,-10.1977,-0.207938
-3.056e-03,-10.0945,-0.207844
-3.024e-03,-10.0055,-0.207609
-2.992e-03,-9.90547,-0.206719
-2.960e-03,-9.78281,-0.206438
-2.928e-03,-9.69531,-0.206359
-2.896e-03,-9.55937,-0.20575
-2.864e-03,-9.4875,-0.205547
-2.832e-03,-9.40703,-0.205672
-2.800e-03,-9.29375,-0.205359
-2.768e-03,-9.2375,-0.205047
-2.736e-03,-9.10703,-0.204891
-2.704e-03,-9.01953,-0.204656
-2.672e-03,-8.89375,-0.203625
-2.640e-03,-8.77969,-0.203313
-2.608e-03,-8.67812,-0.2025
-2.576e-03,-8.54141,-0.202391
-2.544e-03,-8.41484,-0.202297
-2.512e-03,-8.26797,-0.201688
-2.480e-03,-8.125,-0.201313
-2.448e-03,-7.98672,-0.200781
-2.416e-03,-7.8875,-0.200078
-2.384e-03,-7.73203,-0.199531
-2.352e-03,-7.60469,-0.198609
-2.320e-03,-7.45703,-0.19775
-2.288e-03,-7.30234,-0.197422
-2.256e-03,-7.15937,-0.197063
-2.224e-03,-7.03281,-0.196156
-2.192e-03,-6.90391,-0.194953
-2.160e-03,-6.75391,-0.194328
-2.128e-03,-6.59453,-0.194125
-2.096e-03,-6.46953,-0.193625
-2.064e-03,-6.33516,-0.192875
-2.032e-03,-6.21172,-0.192109
-2.000e-03,-6.07969,-0.191
-1.968e-03,-5.93906,-0.190375
-1.936e-03,-5.82109,-0.189203
-1.904e-03,-5.68281,-0.188469
-1.872e-03,-5.5625,-0.187625
-1.840e-03,-5.47187,-0.186734
-1.808e-03,-5.35547,-0.185844
-1.776e-03,-5.25078,-0.185594
-1.744e-03,-5.12187,-0.184922
-1.712e-03,-5.01797,-0.183547
-1.680e-03,-4.90547,-0.182391
-1.648e-03,-4.76719,-0.182109
-1.616e-03,-4.67109,-0.181219
-1.584e-03,-4.56562,-0.181016
-1.552e-03,-4.46875,-0.180031
-1.520e-03,-4.33047,-0.179141
-1.488e-03,-4.22109,-0.178109
-1.456e-03,-4.10234,-0.177344
-1.424e-03,-3.98594,-0.176359
-1.392e-03,-3.91172,-0.175234
-1.360e-03,-3.775,-0.174313
-1.328e-03,-3.68437,-0.173672
-1.296e-03,-3.52812,-0.172984
-1.264e-03,-3.425,-0.171844
-1.232e-03,-3.31562,-0.170453
-1.200e-03,-3.21875,-0.16975
-1.168e-03,-3.11172,-0.168469
-1.136e-03,-2.9875,-0.167078
-1.104e-03,-2.90547,-0.166109
-1.072e-03,-2.77734,-0.165375
-1.040e-03,-2.71094,-0.163891
-1.008e-03,-2.57031,-0.162625
-9.760e-04,-2.50859,-0.162
-9.440e-04,-2.40469,-0.161172
-9.120e-04,-2.3125,-0.160234
-8.800e-04,-2.25234,-0.158797
-8.480e-04,-2.12578,-0.157875
-8.160e-04,-2.07031,-0.156875
-7.840e-04,-1.95703,-0.155844
-7.520e-04,-1.88594,-0.154391
-7.200e-04,-1.78437,-0.154234
-6.880e-04,-1.71172,-0.153047
-6.560e-04,-1.63594,-0.152094
-6.240e-04,-1.51953,-0.150563
-5.920e-04,-1.48047,-0.149875
-5.600e-04,-1.35391,-0.149063
-5.280e-04,-1.2875,-0.147344
-4.960e-04,-1.21328,-0.146406
-4.640e-04,-1.11172,-0.145656
-4.320e-04,-1.08125,-0.144375
-4.000e-04,-0.9625,-0.142828
-3.680e-04,-0.891406,-0.141875
-3.360e-04,-0.827344,-0.140313
-3.040e-04,-0.717969,-0.139391
-2.720e-04,-0.680469,-0.138109
-2.400e-04,-0.566406,-0.137156
-2.080e-04,-0.4875,-0.135328
-1.760e-04,-0.436719,-0.134344
-1.440e-04,-0.314062,-0.133094
-1.120e-04,-0.2875,-0.131156
-8.000e-05,-0.196094,-0.129984
-4.800e-05,-0.111719,-0.129172
-1.600e-05,-0.0875,-0.126844
1.600e-05,-0.00859375,-0.125422
4.800e-05,0.0882813,-0.125125
8.000e-05,0.117969,-0.122406
1.120e-04,0.185938,-0.121625
1.440e-04,0.288281,-0.119828
1.760e-04,0.3125,-0.118188
2.080e-04,0.3375,-0.116781
2.400e-04,0.450781,-0.115297
2.720e-04,0.483594,-0.1135
3.040e-04,0.5125,-0.111656
3.360e-04,0.558594,-0.10975
3.680e-04,0.666406,-0.108531
4.000e-04,0.688281,-0.106781
4.320e-04,0.724219,-0.105391
4.640e-04,0.811719,-0.103375
4.960e-04,0.888281,-0.10175
5.280e-04,0.888281,-0.0999219
5.600e-04,0.9125,-0.0979844
5.920e-04,0.9375,-0.0960313
6.240e-04,1.03594,-0.0946406
6.560e-04,1.08359,-0.092875
6.880e-04,1.10625,-0.0910313
7.200e-04,1.15391,-0.08975
7.520e-04,1.25234,-0.0875625
7.840e-04,1.27344,-0.08575
8.160e-04,1.29453,-0.0834688
8.480e-04,1.3125,-0.0815313
8.800e-04,1.34063,-0.0795
9.120e-04,1.41172,-0.07775
9.440e-04,1.48828,-0.0757344
9.760e-04,1.48125,-0.0739844
1.008e-03,1.5125,-0.0723906
1.040e-03,1.55859,-0.0702344
1.072e-03,1.63516,-0.0672656
1.104e-03,1.68047,-0.0654219
1.136e-03,1.71016,-0.0627813
1.168e-03,1.71719,-0.0601719
1.200e-03,1.76484,-0.0582344
1.232e-03,1.78516,-0.0554063
1.264e-03,1.86484,-0.0533906
1.296e-03,1.88203,-0.0507188
1.328e-03,1.9125,-0.0484531
1.360e-03,1.9125,-0.046
1.392e-03,1.93516,-0.0432969
1.424e-03,1.95313,-0.0416875
1.456e-03,2.00859,-0.0392969
1.488e-03,2.025,-0.0371719
1.520e-03,2.08828,-0.0344063
1.552e-03,2.08828,-0.0320938
1.584e-03,2.1125,-0.02975
1.616e-03,2.1125,-0.0277188
1.648e-03,2.14297,-0.0257969
1.680e-03,2.15469,-0.0226406
1.712e-03,2.21641,-0.0205469
1.744e-03,2.26641,-0.0182656
1.776e-03,2.27813,-0.0152969
1.808e-03,2.30625,-0.0127969
1.840e-03,2.3125,-0.0107969
1.872e-03,2.325,-0.00842188
1.904e-03,2.38438,-0.005875
1.936e-03,2.40234,-0.00275
1.968e-03,2.48516,0.000296875
2.000e-03,2.48672,0.0024375
2.032e-03,2.51797,0.00520313
2.064e-03,2.53516,0.00807813
2.096e-03,2.60391,0.0105156
2.128e-03,2.66328,0.0133281
2.160e-03,2.68828,0.0164531
2.192e-03,2.70625,0.0185781
2.224e-03,2.7125,0.021625
2.256e-03,2.75938,0.0245
2.288e-03,2.81719,0.0271563
2.320e-03,2.88125,0.0295781
2.352e-03,2.88828,0.0325
2.384e-03,2.9125,0.0343281
2.416e-03,2.93125,0.0372031
2.448e-03,2.98125,0.0395938
2.480e-03,3.06484,0.0420156
2.512e-03,3.08828,0.0446094
2.544e-03,3.1125,0.0467969
2.576e-03,3.11719,0.0497656
2.608e-03,3.18906,0.0515938
2.640e-03,3.26641,0.0544219
2.672e-03,3.28828,0.0575938
2.704e-03,3.31875,0.0605313
2.736e-03,3.39531,0.0627813
2.768e-03,3.45,0.0654219
2.800e-03,3.48594,0.0679219
2.832e-03,3.51563,0.0708281
2.864e-03,3.55781,0.0734688
2.896e-03,3.63281,0.0757031
2.928e-03,3.68828,0.07825
2.960e-03,3.7125,0.0804375
2.992e-03,3.72578,0.0829844
3.024e-03,3.82188,0.0856406
3.056e-03,3.87578,0.0881406
3.088e-03,3.9125,0.09025
3.120e-03,3.95938,0.0933125
3.152e-03,4.05859,0.0956563
3.184e-03,4.09453,0.0983438
3.216e-03,4.11328,0.100359
3.248e-03,4.19141,0.102828
3.280e-03,4.28828,0.10525
3.312e-03,4.32813,0.108125
3.344e-03,4.42813,0.110313
3.376e-03,4.48516,0.113234
3.408e-03,4.53281,0.115359
3.440e-03,4.65469,0.118266
3.472e-03,4.68828,0.120953
3.504e-03,4.74453,0.122828
3.536e-03,4.85547,0.125359
3.568e-03,4.9125,0.127531
3.600e-03,4.97891,0.129969
3.632e-03,5.08203,0.132672
3.664e-03,5.13594,0.134344
3.696e-03,5.23516,0.136828
3.728e-03,5.3125,0.138563
3.760e-03,5.41016,0.141391
3.792e-03,5.49453,0.142641
3.824e-03,5.56172,0.145266
3.856e-03,5.68828,0.147703
3.888e-03,5.77656,0.149344
3.920e-03,5.88828,0.151172
3.952e-03,5.99609,0.153672
3.984e-03,6.1125,0.155438
4.016e-03,6.24609,0.157625
4.048e-03,6.34531,0.159469
4.080e-03,6.48828,0.161766
4.112e-03,6.63672,0.163516
4.144e-03,6.76094,0.165359
4.176e-03,6.91875,0.167203
4.208e-03,7.08828,0.1695
4.240e-03,7.25703,0.170953
4.272e-03,7.36328,0.173281
4.304e-03,7.52969,0.175438
4.336e-03,7.70078,0.176891
4.368e-03,7.87656,0.178438
4.400e-03,8.03594,0.180266
4.432e-03,8.17656,0.181766
4.464e-03,8.34375,0.183391
4.496e-03,8.51719,0.185406
4.528e-03,8.7,0.18675
4.560e-03,8.86563,0.188594
4.592e-03,9.00234,0.189922
4.624e-03,9.13828,0.19125
4.656e-03,9.3125,0.192766
4.688e-03,9.49453,0.194516
4.720e-03,9.67266,0.195891
4.752e-03,9.79688,0.197594
4.784e-03,9.93516,0.198328
4.816e-03,10.1125,0.199469
4.848e-03,10.2766,0.201031
4.880e-03,10.4523,0.202125
4.912e-03,10.5672,0.203406
4.944e-03,10.7594,0.204313
4.976e-03,10.9508,0.205891
5.008e-03,11.1008,0.207
5.040e-03,11.2695,0.208063
5.072e-03,11.3227,0.20925
5.104e-03,11.4734,0.209563
5.136e-03,11.5305,0.210313
5.168e-03,11.6461,0.210563
5.200e-03,11.7156,0.211438
5.232e-03,11.8281,0.212172
5.264e-03,11.8883,0.212734
5.296e-03,11.9602,0.213516
5.328e-03,12.0719,0.213641
5.360e-03,12.0883,0.21375
5.392e-03,12.1422,0.213891
5.424e-03,12.2164,0.21425
5.456e-03,12.2883,0.21425
5.488e-03,12.2938,0.214875
5.520e-03,12.3125,0.214781
5.552e-03,12.3906,0.215297
5.584e-03,12.4461,0.2155
5.616e-03,12.4828,0.216016
5.648e-03,12.4883,0.215906
5.680e-03,12.507,0.215734
5.712e-03,12.5125,0.216188
5.744e-03,12.5508,0.215813
5.776e-03,12.5359,0.216359
5.808e-03,12.5391,0.216484
5.840e-03,12.5477,0.216516
5.872e-03,12.5609,0.216891
5.904e-03,12.5523,0.216828
5.936e-03,12.5352,0.216484
5.968e-03,12.5141,0.216953
6.000e-03,12.507,0.216813
6.032e-03,12.4883,0.216219
6.064e-03,12.4555,0.215844
6.096e-03,12.4,0.216125
6.128e-03,12.3156,0.215984
6.160e-03,12.2883,0.215813
6.192e-03,12.2266,0.215547
6.224e-03,12.1352,0.215484
6.256e-03,12.0883,0.215438
6.288e-03,11.9867,0.215266
6.320e-03,11.9188,0.214453
6.352e-03,11.8438,0.214531
6.384e-03,11.7188,0.214578
6.416e-03,11.6555,0.21425
6.448e-03,11.5461,0.21425
6.480e-03,11.4734,0.213891
6.512e-03,11.3656,0.213391
6.544e-03,11.2883,0.213766
6.576e-03,11.1711,0.213734
6.608e-03,11.1,0.212984
6.640e-03,11.007,0.212828
6.672e-03,10.8914,0.213031
6.704e-03,10.7633,0.212031
6.736e-03,10.6867,0.211656
6.768e-03,10.5477,0.211656
6.800e-03,10.4883,0.210953
6.832e-03,10.3891,0.21075
6.864e-03,10.293,0.210406
6.896e-03,10.1766,0.210375
6.928e-03,10.0828,0.209891
6.960e-03,9.94766,0.209766
6.992e-03,9.88828,0.209313
7.024e-03,9.78203,0.209328
7.056e-03,9.7125,0.209172
7.088e-03,9.62578,0.208313
7.120e-03,9.5125,0.207344
7.152e-03,9.44375,0.207328
7.184e-03,9.3375,0.206578
7.216e-03,9.26172,0.206703
7.248e-03,9.14063,0.205984
7.280e-03,9.08828,0.205766
7.312e-03,8.96172,0.205594
7.344e-03,8.88828,0.205391
7.376e-03,8.76641,0.204734
7.408e-03,8.67656,0.203719
7.440e-03,8.53672,0.203219
7.472e-03,8.41172,0.202422
7.504e-03,8.26328,0.202469
7.536e-03,8.1125,0.202141
7.568e-03,7.96641,0.201453
7.600e-03,7.86406,0.200422
7.632e-03,7.7125,0.200078
7.664e-03,7.54297,0.199375
7.696e-03,7.39688,0.198656
7.728e-03,7.25469,0.198141
7.760e-03,7.11875,0.197547
7.792e-03,6.94766,0.197406
7.824e-03,6.79922,0.196047
7.856e-03,6.65469,0.195719
7.888e-03,6.47891,0.194375
7.920e-03,6.33594,0.193766
7.952e-03,6.20547,0.193125
7.984e-03,6.05234,0.192359
8.016e-03,5.92891,0.191594
8.048e-03,5.78125,0.190453
8.080e-03,5.67188,0.19025
8.112e-03,5.55469,0.189094
8.144e-03,5.43125,0.188688
8.176e-03,5.33203,0.187781
8.208e-03,5.21484,0.187078
8.240e-03,5.10625,0.186203
8.272e-03,4.97422,0.185766
8.304e-03,4.87266,0.184406
8.336e-03,4.76719,0.183609
8.368e-03,4.65703,0.183125
8.400e-03,4.54609,0.182125
8.432e-03,4.44922,0.181766
8.464e-03,4.32109,0.181063
8.496e-03,4.19688,0.179891
8.528e-03,4.08516,0.178891
8.560e-03,3.96094,0.178281
8.592e-03,3.83906,0.177547
8.624e-03,3.72734,0.177266
8.656e-03,3.65859,0.175953
8.688e-03,3.5375,0.174813
8.720e-03,3.44375,0.173563
8.752e-03,3.32266,0.172953
8.784e-03,3.20078,0.171641
8.816e-03,3.1125,0.170969
8.848e-03,2.98203,0.169984
8.880e-03,2.9,0.169188
8.912e-03,2.79688,0.168
8.944e-03,2.70078,0.166484
8.976e-03,2.59453,0.165891
9.008e-03,2.50234,0.165125
9.040e-03,2.38438,0.163516
9.072e-03,2.28828,0.162641
9.104e-03,2.18672,0.162
9.136e-03,2.11484,0.160609
9.168e-03,2.01797,0.159844
9.200e-03,1.91875,0.158547
9.232e-03,1.84297,0.157328
9.264e-03,1.73594,0.157266
9.296e-03,1.6625,0.155875
9.328e-03,1.55781,0.154906
9.360e-03,1.47344,0.153766
9.392e-03,1.35547,0.152734
9.424e-03,1.30078,0.151125
9.456e-03,1.26328,0.15025
9.488e-03,1.14844,0.149688
9.520e-03,1.07891,0.148234
9.552e-03,0.982031,0.146828
9.584e-03,0.894531,0.14625
9.616e-03,0.866406,0.144453
9.648e-03,0.742969,0.143719
9.680e-03,0.688281,0.142234
9.712e-03,0.58125,0.141094
9.744e-03,0.50625,0.139641
9.776e-03,0.488281,0.138703
9.808e-03,0.369531,0.137359
9.840e-03,0.3125,0.135578
9.872e-03,0.279688,0.134359
9.904e-03,0.164844,0.133625
9.936e-03,0.1125,0.132422
9.968e-03,0.0539063,0.130672
1.000e-02,-0.059375,0.128859
1.003e-02,-0.0875,0.126969
1.006e-02,-0.135937,0.125656
1.010e-02,-0.225,0.124797
1.013e-02,-0.2875,0.122703
1.016e-02,-0.325,0.121609
1.019e-02,-0.399219,0.119859
1.022e-02,-0.48125,0.118141
1.026e-02,-0.519531,0.116297
1.029e-02,-0.560156,0.114125
1.032e-02,-0.678906,0.113109
1.035e-02,-0.711719,0.110641
1.038e-02,-0.763281,0.109563
1.042e-02,-0.832812,0.107609
1.045e-02,-0.8875,0.105656
1.048e-02,-0.909375,0.104484
1.051e-02,-0.928906,0.102422
1.054e-02,-1.00234,0.101047
1.058e-02,-1.07422,0.0988594
1.061e-02,-1.09375,0.0972344
1.064e-02,-1.11172,0.0953594
1.067e-02,-1.20703,0.0939219
1.070e-02,-1.24844,0.0923906
1.074e-02,-1.2875,0.0907969
1.077e-02,-1.31641,0.0881875
1.080e-02,-1.35234,0.0865781
1.083e-02,-1.43359,0.0852188
1.086e-02,-1.48516,0.0829531
1.090e-02,-1.50547,0.0813281
1.093e-02,-1.51172,0.0789375
1.096e-02,-1.57422,0.0773281
1.099e-02,-1.63437,0.0748438
1.102e-02,-1.68281,0.0734063
1.106e-02,-1.71172,0.0714688
1.109e-02,-1.72187,0.0682031
1.112e-02,-1.76797,0.0663125
1.115e-02,-1.83125,0.0644688
1.118e-02,-1.86016,0.0622969
1.122e-02,-1.88437,0.0599219
1.125e-02,-1.91172,0.0577813
1.128e-02,-1.91172,0.0549688
1.131e-02,-1.95391,0.0525156
1.134e-02,-1.98516,0.0502813
1.138e-02,-2.05312,0.04825
1.141e-02,-2.07031,0.0457656
1.144e-02,-2.0875,0.043125
1.147e-02,-2.11172,0.041625
1.150e-02,-2.11172,0.0389844
1.154e-02,-2.11172,0.03725
1.157e-02,-2.16719,0.0342969
1.160e-02,-2.21641,0.0324531
1.163e-02,-2.25703,0.0298906
1.166e-02,-2.2875,0.0280469
1.170e-02,-2.28594,0.0248906
1.173e-02,-2.2875,0.0225625
1.176e-02,-2.31562,0.0200313
1.179e-02,-2.32422,0.0180781
1.182e-02,-2.36641,0.0151563
1.186e-02,-2.40547,0.0124531
1.189e-02,-2.475,0.00976563
1.192e-02,-2.4875,0.0073125
1.195e-02,-2.51172,0.00471875
1.198e-02,-2.51562,0.00165625
1.202e-02,-2.53359,-0.00096875
1.205e-02,-2.62578,-0.00317188
1.208e-02,-2.66406,-0.00634375
1.211e-02,-2.68359,-0.00929688
1.214e-02,-2.69922,-0.0119375
1.218e-02,-2.71172,-0.0143438
1.221e-02,-2.7625,-0.0169375
1.224e-02,-2.82891,-0.0192813
1.227e-02,-2.85625,-0.0222344
1.230e-02,-2.88594,-0.0253125
1.234e-02,-2.91172,-0.0269219
1.237e-02,-2.93594,-0.0298906
1.240e-02,-2.9875,-0.0322969
1.243e-02,-3.05312,-0.0345781
1.246e-02,-3.08125,-0.0373438
1.250e-02,-3.11172,-0.040125
1.253e-02,-3.13672,-0.0423281
1.256e-02,-3.19844,-0.0454219
1.259e-02,-3.27266,-0.0480625
1.262e-02,-3.3,-0.0503906
1.266e-02,-3.31172,-0.0531875
1.269e-02,-3.33047,-0.0555469
1.272e-02,-3.38672,-0.0583906
1.275e-02,-3.48281,-0.0614375
1.278e-02,-3.51641,-0.0643594
1.282e-02,-3.55937,-0.0666563
1.285e-02,-3.65625,-0.0693125
1.288e-02,-3.6875,-0.0729063
1.291e-02,-3.72187,-0.0743594
1.294e-02,-3.75391,-0.0770938
1.298e-02,-3.84531,-0.079625
1.301e-02,-3.8875,-0.0820469
1.304e-02,-3.91172,-0.0846563
1.307e-02,-3.95234,-0.0876406
1.310e-02,-4.06484,-0.0899688
1.314e-02,-4.0875,-0.09225
1.317e-02,-4.11953,-0.0950625
1.320e-02,-4.21094,-0.0971563
1.323e-02,-4.26953,-0.0999375
1.326e-02,-4.31172,-0.102719
1.330e-02,-4.39062,-0.105234
1.333e-02,-4.48672,-0.107547
1.336e-02,-4.52031,-0.109734
1.339e-02,-4.57812,-0.112578
1.342e-02,-4.67891,-0.114875
1.346e-02,-4.72266,-0.117453
1.349e-02,-4.77344,-0.119266
1.352e-02,-4.88047,-0.121953
1.355e-02,-4.91172,-0.124781
1.358e-02,-5.02344,-0.126328
1.362e-02,-5.11172,-0.128828
1.365e-02,-5.20078,-0.130938
1.368e-02,-5.28125,-0.13375
1.371e-02,-5.33594,-0.135656
1.374e-02,-5.46953,-0.137875
1.378e-02,-5.51172,-0.139656
1.381e-02,-5.61562,-0.141672
1.384e-02,-5.71172,-0.144109
1.387e-02,-5.82187,-0.146594
1.390e-02,-5.91484,-0.148172
1.394e-02,-6.06875,-0.150016
1.397e-02,-6.13984,-0.152469
1.400e-02,-6.26172,-0.154234
1.403e-02,-6.37187,-0.155953
1.406e-02,-6.4875,-0.158406
1.410e-02,-6.61172,-0.160469
1.413e-02,-6.75156,-0.162328
1.416e-02,-6.89375,-0.164266
1.419e-02,-7.00781,-0.166328
1.422e-02,-7.13672,-0.167813
1.426e-02,-7.29062,-0.170453
1.429e-02,-7.44609,-0.172531
1.432e-02,-7.60078,-0.174109
1.435e-02,-7.74687,-0.175938
1.438e-02,-7.88516,-0.177938
1.442e-02,-8.06562,-0.179547
1.445e-02,-8.22109,-0.181688
1.448e-02,-8.38984,-0.182922
1.451e-02,-8.56953,-0.185391
1.454e-02,-8.71641,-0.186359
1.458e-02,-8.89375,-0.188391
1.461e-02,-9.0875,-0.189875
1.464e-02,-9.25625,-0.19175
1.467e-02,-9.44375,-0.192984
1.470e-02,-9.60156,-0.194328
1.474e-02,-9.80234,-0.195188
1.477e-02,-9.94453,-0.196844
1.480e-02,-10.1109,-0.197969
1.483e-02,-10.2875,-0.198984
1.486e-02,-10.4547,-0.200656
1.490e-02,-10.6172,-0.201672
1.493e-02,-10.7516,-0.202328
1.496e-02,-10.9117,-0.203703
1.499e-02,-11.0594,-0.204656
1.502e-02,-11.2,-0.205484
1.506e-02,-11.2812,-0.20625
1.509e-02,-11.3961,-0.206844
1.512e-02,-11.4937,-0.207938
1.515e-02,-11.6016,-0.208688
1.518e-02,-11.6875,-0.209266
1.522e-02,-11.7602,-0.209656
1.525e-02,-11.875,-0.210297
1.528e-02,-11.9289,-0.210531
1.531e-02,-12.0641,-0.210578
1.534e-02,-12.1117,-0.211531
1.538e-02,-12.157,-0.211797
1.541e-02,-12.2289,-0.212109
1.544e-02,-12.2875,-0.212656
1.547e-02,-12.3266,-0.213063
1.550e-02,-12.3641,-0.213266
1.554e-02,-12.4344,-0.213438
1.557e-02,-12.4687,-0.213516
1.560e-02,-12.4875,-0.213594
1.563e-02,-12.5016,-0.21375
1.566e-02,-12.5117,-0.214234
1.570e-02,-12.5367,-0.214297
1.573e-02,-12.543,-0.214109
1.576e-02,-12.5969,-0.214344
1.579e-02,-12.5766,-0.214234
1.582e-02,-12.6312,-0.214234
1.586e-02,-12.6305,-0.214359
1.589e-02,-12.6203,-0.214234
1.592e-02,-12.5992,-0.214516
1.595e-02,-12.5906,-0.214391
1.598e-02,-12.5398,-0.214359
1.602e-02,-12.5125,-0.214328
1.605e-02,-12.4937,-0.214453
1.608e-02,-12.4727,-0.214234
1.611e-02,-12.3969,-0.214234
1.614e-02,-12.343,-0.213984
1.618e-02,-12.2875,-0.214109
1.621e-02,-12.2383,-0.21375
1.624e-02,-12.1281,-0.21375
1.627e-02,-12.0875,-0.21375
1.630e-02,-11.9992,-0.21375
1.634e-02,-11.8945,-0.213234
1.637e-02,-11.7937,-0.21325
1.640e-02,-11.7117,-0.21275
1.643e-02,-11.6289,-0.212641
1.646e-02,-11.5117,-0.212266
1.650e-02,-11.457,-0.211516
1.653e-02,-11.332,-0.211375
1.656e-02,-11.2633,-0.211172
1.659e-02,-11.1797,-0.211234
1.662e-02,-11.0875,-0.210594
1.666e-02,-10.9586,-0.210375
1.669e-02,-10.9055,-0.210234
1.672e-02,-10.7922,-0.210234
1.675e-02,-10.7055,-0.20975
1.678e-02,-10.6312,-0.209469
1.682e-02,-10.5156,-0.209609
1.685e-02,-10.4281,-0.209297
1.688e-02,-10.3133,-0.208781
1.691e-02,-10.2164,-0.208469
1.694e-02,-10.1117,-0.207797
1.698e-02,-10.0227,-0.207391
1.701e-02,-9.91172,-0.207016
1.704e-02,-9.79219,-0.206234
1.707e-02,-9.71406,-0.206344
1.710e-02,-9.60625,-0.206234
1.714e-02,-9.5,-0.205781
1.717e-02,-9.43047,-0.205531
1.720e-02,-9.31719,-0.205703
1.723e-02,-9.24453,-0.205344
1.726e-02,-9.12422,-0.204859
1.730e-02,-9.0125,-0.204109
1.733e-02,-8.91172,-0.203547
1.736e-02,-8.78906,-0.203297
1.739e-02,-8.68203,-0.202672
1.742e-02,-8.53125,-0.2025
1.746e-02,-8.41641,-0.202
1.749e-02,-8.27812,-0.201578
1.752e-02,-8.15078,-0.201297
1.755e-02,-8.01484,-0.200375
1.758e-02,-7.88437,-0.200422
1.762e-02,-7.75312,-0.199281
1.765e-02,-7.61562,-0.198734
1.768e-02,-7.47578,-0.197984
1.771e-02,-7.31406,-0.197359
1.774e-02,-7.16953,-0.196844
1.778e-02,-7.0375,-0.19625
1.781e-02,-6.91172,-0.195359
1.784e-02,-6.76016,-0.194688
1.787e-02,-6.61094,-0.193875
1.790e-02,-6.49375,-0.193516
1.794e-02,-6.33984,-0.192516
1.797e-02,-6.21719,-0.192
1.800e-02,-6.07344,-0.190906
1.803e-02,-5.95859,-0.190109
1.806e-02,-5.81875,-0.189141
1.810e-02,-5.69766,-0.188781
1.813e-02,-5.59297,-0.18775
1.816e-02,-5.47734,-0.186703
1.819e-02,-5.36406,-0.186188
1.822e-02,-5.26719,-0.185578
1.826e-02,-5.14375,-0.185031
1.829e-02,-5.02656,-0.183984
1.832e-02,-4.90547,-0.183531
1.835e-02,-4.77422,-0.182656
1.838e-02,-4.68281,-0.181438
1.842e-02,-4.57344,-0.181141
1.845e-02,-4.46016,-0.179781
1.848e-02,-4.33516,-0.178969
1.851e-02,-4.22344,-0.178203
1.854e-02,-4.11484,-0.177172
1.858e-02,-4.03516,-0.176141
1.861e-02,-3.89297,-0.175594
1.864e-02,-3.78359,-0.174563
1.867e-02,-3.69297,-0.173672
1.870e-02,-3.54531,-0.173094
1.874e-02,-3.42891,-0.171609
1.877e-02,-3.31172,-0.170422
1.880e-02,-3.20391,-0.169766
1.883e-02,-3.11172,-0.16875
1.886e-02,-2.98906,-0.167109
1.890e-02,-2.89297,-0.166125
1.893e-02,-2.8,-0.165406
1.896e-02,-2.71172,-0.164219
1.899e-02,-2.60234,-0.162984
1.902e-02,-2.50547,-0.162234
1.906e-02,-2.41328,-0.16175
1.909e-02,-2.31172,-0.159609
1.912e-02,-2.23594,-0.158672
1.915e-02,-2.13359,-0.158109
1.918e-02,-2.06172,-0.157094
1.922e-02,-1.94297,-0.156031
1.925e-02,-1.89141,-0.154859
1.928e-02,-1.80547,-0.154234
1.931e-02,-1.71172,-0.153188
1.934e-02,-1.63516,-0.151969
1.938e-02,-1.52734,-0.150844
1.941e-02,-1.48672,-0.149734
1.944e-02,-1.37891,-0.149313
1.947e-02,-1.31172,-0.148109
1.950e-02,-1.22266,-0.146422
1.954e-02,-1.11172,-0.145766
1.957e-02,-1.08047,-0.144719
1.960e-02,-0.960937,-0.142984
1.963e-02,-0.90625,-0.141891
1.966e-02,-0.847656,-0.140828
1.970e-02,-0.711719,-0.139328
1.973e-02,-0.665625,-0.138328
1.976e-02,-0.560156,-0.137547
1.979e-02,-0.50625,-0.135641
1.982e-02,-0.446094,-0.134281
1.986e-02,-0.311719,-0.133063
1.989e-02,-0.2875,-0.131328
1.992e-02,-0.210156,-0.130109
1.995e-02,-0.114844,-0.128906
1.998e-02,-0.0875,-0.127109
2.002e-02,-0.00546875,-0.126109
2.005e-02,0.0882813,-0.124938
2.008e-02,0.1125,-0.1225
2.011e-02,0.179688,-0.121703
2.014e-02,0.288281,-0.119734
2.018e-02,0.3125,-0.118156
2.021e-02,0.360938,-0.116813
2.024e-02,0.439063,-0.115766
2.027e-02,0.484375,-0.113672
2.030e-02,0.5125,-0.111688
2.034e-02,0.541406,-0.110234
2.037e-02,0.650781,-0.108844
2.040e-02,0.694531,-0.106656
2.043e-02,0.734375,-0.105281
2.046e-02,0.814063,-0.103391
2.050e-02,0.877344,-0.102047
2.053e-02,0.888281,-0.100203
2.056e-02,0.9125,-0.0979688
2.059e-02,0.932813,-0.0969375
2.062e-02,1.02891,-0.0947969
2.066e-02,1.07891,-0.0930313
2.069e-02,1.11797,-0.091375
2.072e-02,1.14766,-0.08975
2.075e-02,1.22109,-0.0877813
2.078e-02,1.28203,-0.0860469
2.082e-02,1.28203,-0.0838594
2.085e-02,1.3125,-0.0823594
2.088e-02,1.34688,-0.07975
2.091e-02,1.39141,-0.0775313
2.094e-02,1.46328,-0.0762969
2.098e-02,1.48828,-0.0742031
2.101e-02,1.5125,-0.0727188
2.104e-02,1.55156,-0.0693594
2.107e-02,1.61328,-0.06775
2.110e-02,1.68828,-0.0655156
2.114e-02,1.69453,-0.0627188
2.117e-02,1.72578,-0.0609375
2.120e-02,1.75391,-0.0582031
2.123e-02,1.83906,-0.0554219
2.126e-02,1.86016,-0.053875
2.130e-02,1.88828,-0.051125
2.133e-02,1.9,-0.0487813
2.136e-02,1.90625,-0.0462344
2.139e-02,1.91406,-0.0437031
2.142e-02,1.96016,-0.0416875
2.146e-02,1.98672,-0.039125
2.149e-02,2.03828,-0.0370625
2.152e-02,2.07422,-0.0350625
2.155e-02,2.08828,-0.032625
2.158e-02,2.1125,-0.0299844
2.162e-02,2.11875,-0.027875
2.165e-02,2.12422,-0.0256406
2.168e-02,2.16953,-0.0234688
2.171e-02,2.20313,-0.0204688
2.174e-02,2.27734,-0.0182344
2.178e-02,2.28828,-0.015625
2.181e-02,2.30625,-0.0136406
2.184e-02,2.3125,-0.0109688
2.187e-02,2.34063,-0.00821875
2.190e-02,2.36797,-0.00596875
2.194e-02,2.43828,-0.00314063
2.197e-02,2.46719,-0.0004375
2.200e-02,2.48438,0.00242188
2.203e-02,2.50625,0.00526563
2.206e-02,2.53516,0.00795313
2.210e-02,2.58906,0.0103594
2.213e-02,2.65938,0.0130781
2.216e-02,2.68828,0.0157656
2.219e-02,2.70625,0.0187813
2.222e-02,2.7125,0.0215938
2.226e-02,2.73438,0.0238594
2.229e-02,2.80078,0.0269063
2.232e-02,2.87969,0.0294688
2.235e-02,2.88828,0.0317031
2.238e-02,2.9125,0.034375
2.242e-02,2.92266,0.036625
2.245e-02,2.97031,0.0391406
2.248e-02,3.04688,0.0415938
2.251e-02,3.06953,0.0442656
2.254e-02,3.1125,0.0466875
2.258e-02,3.13281,0.0497031
2.261e-02,3.22109,0.0515469
2.264e-02,3.25938,0.0545156
2.267e-02,3.30625,0.0574219
2.270e-02,3.3125,0.0601563
2.274e-02,3.38516,0.0623438
2.277e-02,3.45078,0.0647188
2.280e-02,3.48281,0.067375
2.283e-02,3.5125,0.0704375
2.286e-02,3.54922,0.0731719
2.290e-02,3.64766,0.0754688
2.293e-02,3.67422,0.0777813
2.296e-02,3.7125,0.0804844
2.299e-02,3.73516,0.0826094
2.302e-02,3.78594,0.0853125
2.306e-02,3.88828,0.0872969
2.309e-02,3.90625,0.0905625
2.312e-02,3.94297,0.0931875
2.315e-02,4.05391,0.0952969
2.318e-02,4.08828,0.0976563
2.322e-02,4.13047,0.0999531
2.325e-02,4.2,0.102688
2.328e-02,4.28828,0.105219
2.331e-02,4.32422,0.107484
2.334e-02,4.4125,0.110328
2.338e-02,4.475,0.112406
2.341e-02,4.5125,0.115016
2.344e-02,4.63203,0.117891
2.347e-02,4.68828,0.120703
2.350e-02,4.74688,0.122938
2.354e-02,4.85313,0.125328
2.357e-02,4.9125,0.127313
2.360e-02,4.95781,0.129891
2.363e-02,5.08672,0.132281
2.366e-02,5.11719,0.133859
2.370e-02,5.23359,0.136328
2.373e-02,5.3125,0.13825
2.376e-02,5.40938,0.141063
2.379e-02,5.49453,0.143078
2.382e-02,5.58281,0.145188
2.386e-02,5.68594,0.147328
2.389e-02,5.74219,0.149359
2.392e-02,5.87969,0.150891
2.395e-02,5.97031,0.153891
2.398e-02,6.08828,0.15575
2.402e-02,6.23594,0.157656
2.405e-02,6.33438,0.159719
2.408e-02,6.48828,0.161766
2.411e-02,6.63203,0.163156
2.414e-02,6.76484,0.165766
2.418e-02,6.9125,0.167594
2.421e-02,7.07734,0.169703
2.424e-02,7.24297,0.170672
2.427e-02,7.36484,0.172672
2.430e-02,7.51406,0.174953
2.434e-02,7.70625,0.176797
2.437e-02,7.86484,0.178469
2.440e-02,8.01719,0.179766
2.443e-02,8.16563,0.181766
2.446e-02,8.3125,0.183047
2.450e-02,8.51719,0.184875
2.453e-02,8.68594,0.186625
2.456e-02,8.85469,0.187938
2.459e-02,8.97891,0.189719
2.462e-02,9.12109,0.191016
2.466e-02,9.29453,0.192484
2.469e-02,9.48125,0.194203
2.472e-02,9.64844,0.196688
2.475e-02,9.78359,0.197547
2.478e-02,9.91641,0.19825
2.482e-02,10.0938,0.199234
2.485e-02,10.2773,0.201234
2.488e-02,10.4273,0.202125
2.491e-02,10.5813,0.202828
2.494e-02,10.7375,0.204359
2.498e-02,10.9359,0.205859
2.501e-02,11.082,0.20675
2.504e-02,11.2422,0.207656
2.507e-02,11.3063,0.208641
2.510e-02,11.4469,0.209766
2.514e-02,11.5125,0.209891
2.517e-02,11.6656,0.210516
2.520e-02,11.7125,0.210922
2.523e-02,11.8094,0.211938
2.526e-02,11.8875,0.212719
2.530e-02,11.95,0.213078
2.533e-02,12.0523,0.213719
2.536e-02,12.0883,0.213875
2.539e-02,12.1352,0.213906
2.542e-02,12.2289,0.213938
2.546e-02,12.282,0.21425
2.549e-02,12.3008,0.214375
2.552e-02,12.3297,0.214703
2.555e-02,12.3773,0.214719
2.558e-02,12.4695,0.215406
2.562e-02,12.4688,0.215344
2.565e-02,12.4883,0.215828
2.568e-02,12.5125,0.216125
2.571e-02,12.5219,0.215828
2.574e-02,12.5258,0.216781
2.578e-02,12.5547,0.216563
2.581e-02,12.543,0.216688
2.584e-02,12.5531,0.216891
2.587e-02,12.5719,0.216922
2.590e-02,12.5531,0.216563
2.594e-02,12.5563,0.216688
2.597e-02,12.5336,0.216188
2.600e-02,12.507,0.21625
2.603e-02,12.4883,0.216391
2.606e-02,12.4617,0.216047
2.610e-02,12.3984,0.216234
2.613e-02,12.3195,0.216063
2.616e-02,12.2883,0.215594
2.619e-02,12.2258,0.214766
2.622e-02,12.1461,0.215594
2.626e-02,12.0828,0.214891
2.629e-02,12.0086,0.214813
2.632e-02,11.9086,0.215063
2.635e-02,11.8328,0.214359
2.638e-02,11.7281,0.214359
2.642e-02,11.6617,0.214406
2.645e-02,11.5547,0.213766
2.648e-02,11.4813,0.213891
2.651e-02,11.3828,0.213766
2.654e-02,11.2938,0.213578
2.658e-02,11.1508,0.213891
2.661e-02,11.1125,0.213328
2.664e-02,11.007,0.213063
2.667e-02,10.9031,0.212297
2.670e-02,10.7695,0.212438
2.674e-02,10.6852,0.211844
2.677e-02,10.5703,0.211016
2.680e-02,10.4883,0.210828
2.683e-02,10.3734,0.210531
2.686e-02,10.3063,0.210641
2.690e-02,10.1742,0.21
2.693e-02,10.0883,0.209922
2.696e-02,9.96797,0.209734
2.699e-02,9.89922,0.209688
2.702e-02,9.79063,0.209281
2.706e-02,9.70625,0.208625
2.709e-02,9.60469,0.208531
2.712e-02,9.5125,0.207844
2.715e-02,9.44922,0.207547
2.718e-02,9.325,0.206766
2.722e-02,9.26563,0.206375
2.725e-02,9.15859,0.20625
2.728e-02,9.08828,0.205859
2.731e-02,8.97266,0.205547
2.734e-02,8.88828,0.205188
2.738e-02,8.77188,0.204813
2.741e-02,8.67734,0.204609
2.744e-02,8.54688,0.203734
2.747e-02,8.40234,0.202625
2.750e-02,8.27266,0.202672
2.754e-02,8.13047,0.201766
2.757e-02,7.98125,0.201734
2.760e-02,7.85156,0.201203
2.763e-02,7.71797,0.200313
2.766e-02,7.56094,0.199453
2.770e-02,7.41953,0.198672
2.773e-02,7.27266,0.198359
2.776e-02,7.125,0.197734
2.779e-02,6.96328,0.197266
2.782e-02,6.82031,0.196578
2.786e-02,6.62969,0.195703
2.789e-02,6.50938,0.194984
2.792e-02,6.35547,0.19425
2.795e-02,6.20859,0.193281
2.798e-02,6.07188,0.192063
2.802e-02,5.93047,0.191891
2.805e-02,5.80703,0.191
2.808e-02,5.68359,0.19025
2.811e-02,5.57656,0.189594
2.814e-02,5.45313,0.188625
2.818e-02,5.33984,0.187594
2.821e-02,5.22422,0.186688
2.824e-02,5.10625,0.186406
2.827e-02,4.99375,0.185531
2.830e-02,4.87891,0.184844
2.834e-02,4.7875,0.184016
2.837e-02,4.66875,0.182859
2.840e-02,4.53672,0.181969
2.843e-02,4.45234,0.181531
2.846e-02,4.31406,0.180922
2.850e-02,4.20859,0.179922
2.853e-02,4.1,0.179156
2.856e-02,3.97578,0.178125
2.859e-02,3.87031,0.177766
2.862e-02,3.75156,0.176922
2.866e-02,3.65156,0.175422
2.869e-02,3.53359,0.174766
2.872e-02,3.45,0.173891
2.875e-02,3.325,0.173
2.878e-02,3.2,0.171641
2.882e-02,3.10078,0.170797
2.885e-02,3.00938,0.170156
2.888e-02,2.90625,0.169281
2.891e-02,2.80313,0.168156
2.894e-02,2.7125,0.166703
2.898e-02,2.6125,0.166125
2.901e-02,2.50938,0.165203
2.904e-02,2.4,0.163766
2.907e-02,2.3125,0.162781
2.910e-02,2.20938,0.162125
2.914e-02,2.125,0.161031
2.917e-02,2.02266,0.160578
2.920e-02,1.92422,0.159094
2.923e-02,1.86094,0.157891
2.926e-02,1.74375,0.156969
2.930e-02,1.68281,0.155609
2.933e-02,1.57578,0.154656
2.936e-02,1.48438,0.153516
2.939e-02,1.38828,0.153
2.942e-02,1.3125,0.151203
2.946e-02,1.26797,0.15025
2.949e-02,1.16797,0.149672
2.952e-02,1.08828,0.148734
2.955e-02,0.995313,0.147094
2.958e-02,0.90625,0.146125
2.962e-02,0.847656,0.145172
2.965e-02,0.76875,0.143297
2.968e-02,0.694531,0.14225
2.971e-02,0.576563,0.141156
2.974e-02,0.514844,0.139969
2.978e-02,0.488281,0.138578
2.981e-02,0.402344,0.137656
2.984e-02,0.31875,0.136438
2.987e-02,0.288281,0.134641
2.990e-02,0.164063,0.133781
2.994e-02,0.1,0.132609
2.997e-02,0.084375,0.130844
3.000e-02,-0.053125,0.128984
3.003e-02,-0.0875,0.127703
3.006e-02,-0.122656,0.125672
3.010e-02,-0.225781,0.124797
3.013e-02,-0.2875,0.122875
3.016e-02,-0.311719,0.122016
3.019e-02,-0.382031,0.119516
3.022e-02,-0.4625,0.117766
3.026e-02,-0.511719,0.116125
3.029e-02,-0.570312,0.114359
3.032e-02,-0.661719,0.113453
3.035e-02,-0.705469,0.110875
3.038e-02,-0.753906,0.109641
3.042e-02,-0.84375,0.108109
3.045e-02,-0.8875,0.105875
3.048e-02,-0.911719,0.104641
3.051e-02,-0.911719,0.102672
3.054e-02,-1,0.101219
3.058e-02,-1.06328,0.0989375
3.061e-02,-1.0875,0.0972813
3.064e-02,-1.12031,0.0954688
3.067e-02,-1.17109,0.094125
3.070e-02,-1.23672,0.0923281
3.074e-02,-1.28359,0.0903125
3.077e-02,-1.31172,0.0887813
3.080e-02,-1.33125,0.0866719
3.083e-02,-1.43906,0.0850156
3.086e-02,-1.475,0.0829531
3.090e-02,-1.49922,0.0815938
3.093e-02,-1.51172,0.0794219
3.096e-02,-1.55859,0.0773594
3.099e-02,-1.62969,0.0751875
3.102e-02,-1.68125,0.0739375
3.106e-02,-1.71172,0.0715156
3.109e-02,-1.72266,0.0694219
3.112e-02,-1.75781,0.066625
3.115e-02,-1.81094,0.0643594
3.118e-02,-1.85391,0.062
3.122e-02,-1.8875,0.0602031
3.125e-02,-1.90547,0.0577031
3.128e-02,-1.91172,0.0551563
3.131e-02,-1.94453,0.052875
3.134e-02,-1.98203,0.0503125
3.138e-02,-2.03437,0.0487969
3.141e-02,-2.05781,0.0460156
3.144e-02,-2.0875,0.0435156
3.147e-02,-2.10547,0.0415156
3.150e-02,-2.11172,0.0389219
3.154e-02,-2.13281,0.0374531
3.157e-02,-2.15,0.0347188
3.160e-02,-2.18984,0.0331094
3.163e-02,-2.24297,0.0303906
3.166e-02,-2.27109,0.0287188
3.170e-02,-2.28437,0.0254063
3.173e-02,-2.31562,0.0225781
3.176e-02,-2.31172,0.02025
3.179e-02,-2.31641,0.0181406
3.182e-02,-2.35469,0.0154063
3.186e-02,-2.41016,0.0125156
3.189e-02,-2.46172,0.0101719
3.192e-02,-2.48125,0.00726563
3.195e-02,-2.51172,0.00501563
3.198e-02,-2.51172,0.002375
3.202e-02,-2.56016,-0.0009375
3.205e-02,-2.61094,-0.00315625
3.208e-02,-2.66172,-0.0060625
3.211e-02,-2.6875,-0.00915625
3.214e-02,-2.71172,-0.0116875
3.218e-02,-2.71875,-0.014125
3.221e-02,-2.75391,-0.016875
3.224e-02,-2.80547,-0.0196406
3.227e-02,-2.87266,-0.0220156
3.230e-02,-2.8875,-0.0245469
3.234e-02,-2.90547,-0.0267969
3.237e-02,-2.91719,-0.0295313
3.240e-02,-2.97344,-0.0320156
3.243e-02,-3.04609,-0.0343125
3.246e-02,-3.075,-0.0371875
3.250e-02,-3.09297,-0.0395938
3.253e-02,-3.13203,-0.0421094
3.256e-02,-3.18125,-0.04525
3.259e-02,-3.25781,-0.0479375
3.262e-02,-3.28437,-0.0503125
3.266e-02,-3.31641,-0.0529375
3.269e-02,-3.33516,-0.05575
3.272e-02,-3.39453,-0.0579844
3.275e-02,-3.45078,-0.0610781
3.278e-02,-3.51172,-0.0639844
3.282e-02,-3.54687,-0.0664688
3.285e-02,-3.64375,-0.0697344
3.288e-02,-3.675,-0.0723438
3.291e-02,-3.71562,-0.0744531
3.294e-02,-3.75156,-0.0772344
3.298e-02,-3.85312,-0.0791563
3.301e-02,-3.88203,-0.081875
3.304e-02,-3.91172,-0.0845
3.307e-02,-3.96328,-0.0876094
3.310e-02,-4.04609,-0.0896094
3.314e-02,-4.0875,-0.0914531
3.317e-02,-4.12109,-0.0947031
3.320e-02,-4.18125,-0.0974688
3.323e-02,-4.27656,-0.0996875
3.326e-02,-4.31328,-0.102234
3.330e-02,-4.38437,-0.104547
3.333e-02,-4.47734,-0.107078
3.336e-02,-4.51172,-0.109594
3.339e-02,-4.5875,-0.111813
3.342e-02,-4.67578,-0.114703
3.346e-02,-4.71172,-0.116922
3.349e-02,-4.78516,-0.11875
3.352e-02,-4.85469,-0.121453
3.355e-02,-4.92578,-0.124203
3.358e-02,-5.01172,-0.126125
3.362e-02,-5.09375,-0.128906
3.365e-02,-5.17578,-0.130906
3.368e-02,-5.2875,-0.13375
3.371e-02,-5.32109,-0.135297
3.374e-02,-5.43906,-0.137594
3.378e-02,-5.51172,-0.139391
3.381e-02,-5.61172,-0.141875
3.384e-02,-5.69375,-0.144141
3.387e-02,-5.80234,-0.146
3.390e-02,-5.91406,-0.148625
3.394e-02,-6.05,-0.150328
3.397e-02,-6.12578,-0.152172
3.400e-02,-6.25859,-0.154234
3.403e-02,-6.35859,-0.156234
3.406e-02,-6.48672,-0.158188
3.410e-02,-6.60781,-0.160219
3.413e-02,-6.74141,-0.162109
3.416e-02,-6.8875,-0.163828
3.419e-02,-7.01094,-0.16625
3.422e-02,-7.12187,-0.168578
3.426e-02,-7.28516,-0.170016
3.429e-02,-7.41719,-0.172391
3.432e-02,-7.58984,-0.173984
3.435e-02,-7.71172,-0.176344
3.438e-02,-7.8875,-0.177625
3.442e-02,-8.04453,-0.179625
3.445e-02,-8.20156,-0.181234
3.448e-02,-8.38516,-0.182844
3.451e-02,-8.54141,-0.185359
3.454e-02,-8.71172,-0.186344
3.458e-02,-8.88516,-0.187922
3.461e-02,-9.07891,-0.189766
3.464e-02,-9.23828,-0.190766
3.467e-02,-9.42266,-0.192531
3.470e-02,-9.5875,-0.194063
3.474e-02,-9.7625,-0.194875
3.477e-02,-9.93203,-0.196484
3.480e-02,-10.1047,-0.197625
3.483e-02,-10.2852,-0.198922
3.486e-02,-10.4469,-0.200406
3.490e-02,-10.6109,-0.201625
3.493e-02,-10.7352,-0.202109
3.496e-02,-10.8875,-0.203469
3.499e-02,-11.0578,-0.205063
3.502e-02,-11.1961,-0.20575
3.506e-02,-11.2766,-0.206047
3.509e-02,-11.393,-0.206891
3.512e-02,-11.4875,-0.207531
3.515e-02,-11.5789,-0.208531
3.518e-02,-11.6875,-0.209141
3.522e-02,-11.7562,-0.209406
3.525e-02,-11.8617,-0.210234
3.528e-02,-11.9312,-0.210313
3.531e-02,-12.0555,-0.211156
3.534e-02,-12.0937,-0.211344
3.538e-02,-12.1617,-0.212188
3.541e-02,-12.2422,-0.212219
3.544e-02,-12.2859,-0.212531
3.547e-02,-12.3156,-0.212953
3.550e-02,-12.3508,-0.213078
3.554e-02,-12.4023,-0.213828
3.557e-02,-12.4523,-0.21325
3.560e-02,-12.4875,-0.213703
3.563e-02,-12.5117,-0.21375
3.566e-02,-12.5117,-0.213641
3.570e-02,-12.5516,-0.21375
3.573e-02,-12.5805,-0.214234
3.576e-02,-12.6055,-0.214234
3.579e-02,-12.6125,-0.214297
3.582e-02,-12.5953,-0.214359
3.586e-02,-12.6195,-0.214438
3.589e-02,-12.6195,-0.214422
3.592e-02,-12.6234,-0.214406
3.595e-02,-12.5852,-0.214391
3.598e-02,-12.5523,-0.214234
3.602e-02,-12.5117,-0.214563
3.605e-02,-12.5,-0.214234
3.608e-02,-12.482,-0.214234
3.611e-02,-12.4289,-0.214094
3.614e-02,-12.3437,-0.214234
3.618e-02,-12.2937,-0.213875
3.621e-02,-12.2453,-0.213656
3.624e-02,-12.1328,-0.21375
3.627e-02,-12.082,-0.213609
3.630e-02,-12.007,-0.213375
3.634e-02,-11.8867,-0.213125
3.637e-02,-11.8195,-0.213297
3.640e-02,-11.7117,-0.212906
3.643e-02,-11.6359,-0.212625
3.646e-02,-11.518,-0.212672
3.650e-02,-11.468,-0.212078
3.653e-02,-11.3328,-0.211641
3.656e-02,-11.2906,-0.211203
3.659e-02,-11.1664,-0.211016
3.662e-02,-11.0875,-0.210688
3.666e-02,-10.9742,-0.210406
3.669e-02,-10.8992,-0.210234
3.672e-02,-10.8195,-0.210234
3.675e-02,-10.7117,-0.210016
3.678e-02,-10.6352,-0.20975
3.682e-02,-10.518,-0.20975
3.685e-02,-10.4453,-0.209266
3.688e-02,-10.3125,-0.208391
3.691e-02,-10.2492,-0.208094
3.694e-02,-10.1117,-0.207609
3.698e-02,-10.0391,-0.207234
3.701e-02,-9.91172,-0.206672
3.704e-02,-9.82812,-0.206563
3.707e-02,-9.71094,-0.206234
3.710e-02,-9.63437,-0.206109
3.714e-02,-9.51172,-0.205984
3.717e-02,-9.45312,-0.205266
3.720e-02,-9.31172,-0.205313
3.723e-02,-9.25234,-0.205156
3.726e-02,-9.11172,-0.204375
3.730e-02,-9.03906,-0.204203
3.733e-02,-8.91172,-0.204031
3.736e-02,-8.81953,-0.203266
3.739e-02,-8.6875,-0.202656
3.742e-02,-8.56016,-0.202375
3.746e-02,-8.43281,-0.201875
3.749e-02,-8.29297,-0.20175
3.752e-02,-8.14453,-0.201609
3.755e-02,-8.02734,-0.20125
3.758e-02,-7.89141,-0.200141
3.762e-02,-7.74062,-0.199656
3.765e-02,-7.62969,-0.198344
3.768e-02,-7.47266,-0.198203
3.771e-02,-7.33594,-0.197672
3.774e-02,-7.17812,-0.196719
3.778e-02,-7.04766,-0.195922
3.781e-02,-6.90859,-0.195281
3.784e-02,-6.75469,-0.194328
3.787e-02,-6.63828,-0.193875
3.790e-02,-6.51172,-0.193359
3.794e-02,-6.36094,-0.192547
3.797e-02,-6.22891,-0.192063
3.800e-02,-6.08203,-0.190703
3.803e-02,-5.95391,-0.190234
3.806e-02,-5.8375,-0.189469
3.810e-02,-5.72109,-0.188953
3.813e-02,-5.58203,-0.187969
3.816e-02,-5.49141,-0.187203
3.819e-02,-5.35391,-0.186234
3.822e-02,-5.27734,-0.185625
3.826e-02,-5.13281,-0.185
3.829e-02,-5.01797,-0.183813
3.832e-02,-4.89922,-0.183156
3.835e-02,-4.80156,-0.182234
3.838e-02,-4.69766,-0.181438
3.842e-02,-4.56641,-0.181063
3.845e-02,-4.47187,-0.180297
3.848e-02,-4.34609,-0.178938
3.851e-02,-4.23516,-0.178031
3.854e-02,-4.12578,-0.177406
3.858e-02,-4.01328,-0.176453
3.861e-02,-3.91172,-0.175188
3.864e-02,-3.80781,-0.174578
3.867e-02,-3.68594,-0.17375
3.870e-02,-3.54141,-0.173031
3.874e-02,-3.4375,-0.171797
3.877e-02,-3.31406,-0.170641
3.880e-02,-3.23906,-0.169859
3.883e-02,-3.12656,-0.168422
3.886e-02,-3.01875,-0.167078
3.890e-02,-2.91562,-0.166063
3.893e-02,-2.80547,-0.165344
3.896e-02,-2.71562,-0.164313
3.899e-02,-2.60547,-0.162828
3.902e-02,-2.52187,-0.161953
3.906e-02,-2.40312,-0.161219
3.909e-02,-2.32109,-0.1605
3.912e-02,-2.24375,-0.158703
3.915e-02,-2.15156,-0.158109
3.918e-02,-2.07187,-0.157266
3.922e-02,-1.96016,-0.156109
3.925e-02,-1.89922,-0.154594
3.928e-02,-1.81016,-0.153953
3.931e-02,-1.72031,-0.153219
3.934e-02,-1.66328,-0.152344
3.938e-02,-1.53203,-0.150922
3.941e-02,-1.48281,-0.149719
3.944e-02,-1.39375,-0.149281
3.947e-02,-1.30547,-0.147813
3.950e-02,-1.25234,-0.146781
3.954e-02,-1.13125,-0.145766
3.957e-02,-1.08203,-0.144578
3.960e-02,-0.971875,-0.142813
3.963e-02,-0.89375,-0.141984
3.966e-02,-0.840625,-0.14125
3.970e-02,-0.724219,-0.139109
3.973e-02,-0.680469,-0.138281
3.976e-02,-0.584375,-0.137547
3.979e-02,-0.50625,-0.135938
3.982e-02,-0.45625,-0.13475
3.986e-02,-0.341406,-0.133563
3.989e-02,-0.284375,-0.131953
3.992e-02,-0.190625,-0.1305
3.995e-02,-0.111719,-0.129313
3.998e-02,-0.0875,-0.127594
4.002e-02,-0.0164062,-0.126031
4.005e-02,0.084375,-0.124813
4.008e-02,0.1125,-0.122609
4.011e-02,0.18125,-0.121688
4.014e-02,0.272656,-0.119922
4.018e-02,0.317188,-0.118453
4.021e-02,0.336719,-0.117234
4.024e-02,0.433594,-0.115125
4.027e-02,0.488281,-0.113563
4.030e-02,0.5125,-0.111875
4.034e-02,0.555469,-0.110234
4.037e-02,0.6375,-0.109188
4.040e-02,0.686719,-0.106734
4.043e-02,0.71875,-0.105563
4.046e-02,0.815625,-0.103641
4.050e-02,0.875,-0.101656
4.053e-02,0.891406,-0.0999844
4.056e-02,0.908594,-0.0981094
4.059e-02,0.949219,-0.0971875
4.062e-02,1.01719,-0.0948281
4.066e-02,1.07734,-0.0933438
4.069e-02,1.1125,-0.0908594
4.072e-02,1.14375,-0.089875
4.075e-02,1.19063,-0.0882969
4.078e-02,1.26953,-0.0862344
4.082e-02,1.28828,-0.0839531
4.085e-02,1.3125,-0.0821094
4.088e-02,1.33359,-0.0804219
4.091e-02,1.38516,-0.0781875
4.094e-02,1.47031,-0.0763281
4.098e-02,1.50625,-0.0743281
4.101e-02,1.51797,-0.0726875
4.104e-02,1.56563,-0.0699844
4.107e-02,1.63984,-0.0675313
4.110e-02,1.68594,-0.0654063
4.114e-02,1.68906,-0.0626875
4.117e-02,1.71875,-0.0609844
4.120e-02,1.74375,-0.0584844
4.123e-02,1.80859,-0.0559063
4.126e-02,1.86406,-0.0539844
4.130e-02,1.88516,-0.0511719
4.133e-02,1.90625,-0.0489063
4.136e-02,1.9125,-0.0463906
4.139e-02,1.92969,-0.0442656
4.142e-02,1.97109,-0.0418594
4.146e-02,1.98828,-0.0393125
4.149e-02,2.03125,-0.0369844
4.152e-02,2.07188,-0.0345781
4.155e-02,2.08828,-0.0327031
4.158e-02,2.11641,-0.0302813
4.162e-02,2.1125,-0.0278906
4.165e-02,2.11797,-0.02575
4.168e-02,2.16016,-0.0235938
4.171e-02,2.22578,-0.0206875
4.174e-02,2.26094,-0.0182344
4.178e-02,2.28828,-0.0160469
4.181e-02,2.30625,-0.0136563
4.184e-02,2.3125,-0.0112344
4.187e-02,2.32422,-0.0089375
4.190e-02,2.35781,-0.00609375
4.194e-02,2.42813,-0.00279687
4.197e-02,2.47031,-0.00059375
4.200e-02,2.48828,0.00176563
4.203e-02,2.51406,0.004875
4.206e-02,2.52891,0.00748438
4.210e-02,2.59219,0.0100625
4.213e-02,2.65469,0.0127969
4.216e-02,2.68828,0.0158281
4.219e-02,2.70625,0.0182813
4.222e-02,2.7125,0.0211875
4.226e-02,2.73828,0.0238594
4.229e-02,2.82344,0.0263906
4.232e-02,2.87422,0.0293438
4.235e-02,2.88828,0.0314531
4.238e-02,2.9125,0.0340469
4.242e-02,2.91328,0.0367969
4.245e-02,2.95547,0.038875
4.248e-02,3.05313,0.0415469
4.251e-02,3.07188,0.0437656
4.254e-02,3.10625,0.04625
4.258e-02,3.13125,0.0495938
4.261e-02,3.17188,0.051375
4.264e-02,3.26563,0.0543594
4.267e-02,3.28828,0.0573125
4.270e-02,3.3125,0.0600156
4.274e-02,3.36875,0.06225
4.277e-02,3.44844,0.0645938
4.280e-02,3.48828,0.0671875
4.283e-02,3.5125,0.0701406
4.286e-02,3.54453,0.0732344
4.290e-02,3.63125,0.0749219
4.293e-02,3.68828,0.0777656
4.296e-02,3.7125,0.0802813
4.299e-02,3.71641,0.0825313
4.302e-02,3.81016,0.0851719
4.306e-02,3.85156,0.0872813
4.309e-02,3.9125,0.0903281
4.312e-02,3.95859,0.0925
4.315e-02,4.03906,0.0947969
4.318e-02,4.08828,0.0972813
4.322e-02,4.12266,0.100281
4.325e-02,4.21563,0.102531
4.328e-02,4.28828,0.105016
4.331e-02,4.3125,0.107547
4.334e-02,4.40156,0.109953
4.338e-02,4.48672,0.112281
4.341e-02,4.5125,0.114922
4.344e-02,4.60313,0.117141
4.347e-02,4.67969,0.120328
4.350e-02,4.72422,0.122703
4.354e-02,4.84141,0.124938
4.357e-02,4.9,0.127172
4.360e-02,4.94141,0.129422
4.363e-02,5.06953,0.132234
4.366e-02,5.10625,0.134109
4.370e-02,5.2125,0.13675
4.373e-02,5.29453,0.138375
4.376e-02,5.35625,0.140594
4.379e-02,5.48828,0.142641
4.382e-02,5.56172,0.145172
4.386e-02,5.68828,0.146859
4.389e-02,5.74531,0.149234
4.392e-02,5.875,0.151
4.395e-02,5.95,0.153313
4.398e-02,6.08828,0.155656
4.402e-02,6.22266,0.157484
4.405e-02,6.34141,0.159094
4.408e-02,6.4875,0.161609
4.411e-02,6.62266,0.162953
4.414e-02,6.72344,0.165313
4.418e-02,6.90078,0.166781
4.421e-02,7.06094,0.169625
4.424e-02,7.20313,0.170844
4.427e-02,7.35313,0.173109
4.430e-02,7.5125,0.174453
4.434e-02,7.68672,0.17675
4.437e-02,7.86797,0.178328
4.440e-02,7.99531,0.180016
4.443e-02,8.16172,0.181703
4.446e-02,8.30625,0.183188
4.450e-02,8.5125,0.184969
4.453e-02,8.68828,0.18625
4.456e-02,8.83438,0.188359
4.459e-02,8.96016,0.190016
4.462e-02,9.1125,0.191219
4.466e-02,9.28828,0.192906
4.469e-02,9.47188,0.194609
4.472e-02,9.63359,0.195719
4.475e-02,9.74531,0.197125
4.478e-02,9.9125,0.198
4.482e-02,10.0883,0.199141
4.485e-02,10.2648,0.200859
4.488e-02,10.4094,0.202141
4.491e-02,10.5469,0.203031
4.494e-02,10.7297,0.204016
4.498e-02,10.9047,0.205813
4.501e-02,11.082,0.206516
4.504e-02,11.2289,0.207734
4.507e-02,11.3008,0.208703
4.510e-02,11.4453,0.209766
4.514e-02,11.5125,0.21025
4.517e-02,11.6414,0.2105
4.520e-02,11.6945,0.211094
4.523e-02,11.8078,0.211766
4.526e-02,11.8828,0.212688
4.530e-02,11.9469,0.212859
4.533e-02,12.0516,0.213016
4.536e-02,12.0883,0.213531
4.539e-02,12.1352,0.213766
4.542e-02,12.2219,0.214313
4.546e-02,12.2844,0.21425
4.549e-02,12.2906,0.21425
4.552e-02,12.3172,0.214609
4.555e-02,12.3719,0.21475
4.558e-02,12.4391,0.214719
4.562e-02,12.4813,0.21475
4.565e-02,12.4789,0.215891
4.568e-02,12.5125,0.216141
4.571e-02,12.5125,0.216453
4.574e-02,12.525,0.215953
4.578e-02,12.5516,0.216172
4.581e-02,12.5656,0.216344
4.584e-02,12.5563,0.216641
4.587e-02,12.5953,0.216906
4.590e-02,12.5695,0.216797
4.594e-02,12.5297,0.216531
4.597e-02,12.5313,0.216719
4.600e-02,12.5008,0.216359
4.603e-02,12.4828,0.216609
4.606e-02,12.4703,0.216203
4.610e-02,12.4063,0.215938
4.613e-02,12.3359,0.215813
4.616e-02,12.2883,0.21575
4.619e-02,12.2422,0.215703
4.622e-02,12.1352,0.215375
4.626e-02,12.0867,0.215156
4.629e-02,12.0078,0.214953
4.632e-02,11.9125,0.214734
4.635e-02,11.8703,0.214625
4.638e-02,11.7141,0.21425
4.642e-02,11.668,0.214266
4.645e-02,11.5555,0.213891
4.648e-02,11.4883,0.214125
4.651e-02,11.3914,0.213766
4.654e-02,11.3063,0.213625
4.658e-02,11.1891,0.213328
4.661e-02,11.1141,0.213328
4.664e-02,11.0266,0.213
4.667e-02,10.9063,0.212797
4.670e-02,10.7688,0.212188
4.674e-02,10.6883,0.211781
4.677e-02,10.5703,0.211219
4.680e-02,10.4883,0.211125
4.683e-02,10.3883,0.211047
4.686e-02,10.3063,0.210516
4.690e-02,10.1758,0.21
4.693e-02,10.1125,0.21025
4.696e-02,9.96172,0.209703
4.699e-02,9.90625,0.209625
4.702e-02,9.80078,0.209266
4.706e-02,9.7125,0.208797
4.709e-02,9.63516,0.208359
4.712e-02,9.5125,0.207875
4.715e-02,9.46484,0.207219
4.718e-02,9.32813,0.206438
4.722e-02,9.28828,0.206359
4.725e-02,9.15703,0.20625
4.728e-02,9.08438,0.206016
4.731e-02,8.96094,0.205734
4.734e-02,8.90625,0.205172
4.738e-02,8.77969,0.204953
4.741e-02,8.68359,0.204203
4.744e-02,8.55,0.204031
4.747e-02,8.41094,0.203234
4.750e-02,8.3,0.2025
4.754e-02,8.13594,0.202422
4.757e-02,8.00938,0.201688
4.760e-02,7.86563,0.200953
4.763e-02,7.71172,0.20075
4.766e-02,7.575,0.199188
4.770e-02,7.42734,0.198406
4.773e-02,7.28828,0.198297
4.776e-02,7.13594,0.197766
4.779e-02,6.97578,0.197406
4.782e-02,6.80547,0.196672
4.786e-02,6.67656,0.195172
4.789e-02,6.50625,0.194422
4.792e-02,6.35,0.19425
4.795e-02,6.225,0.19375
4.798e-02,6.07031,0.192453
4.802e-02,5.91953,0.191734
4.805e-02,5.81406,0.190531
4.808e-02,5.70625,0.19025
4.811e-02,5.58906,0.189672
4.814e-02,5.45469,0.189047
4.818e-02,5.33125,0.187953
4.821e-02,5.24844,0.186938
4.824e-02,5.11875,0.18625
4.827e-02,4.99688,0.185594
4.830e-02,4.9,0.184797
4.834e-02,4.77813,0.184203
4.837e-02,4.68828,0.182766
4.840e-02,4.55156,0.182375
4.843e-02,4.46875,0.182
4.846e-02,4.32344,0.181109
4.850e-02,4.21797,0.179672
4.853e-02,4.10625,0.178813
4.856e-02,3.9875,0.178453
4.859e-02,3.87031,0.177672
4.862e-02,3.75078,0.176891
4.866e-02,3.66641,0.176031
4.869e-02,3.54063,0.174672
4.872e-02,3.46016,0.174141
4.875e-02,3.34063,0.173328
4.878e-02,3.22109,0.172188
4.882e-02,3.11719,0.170719
4.885e-02,3.01094,0.17025
4.888e-02,2.9,0.169234
4.891e-02,2.83203,0.167891
4.894e-02,2.7125,0.166609
4.898e-02,2.60625,0.166344
4.901e-02,2.5,0.165125
4.904e-02,2.40938,0.163547
4.907e-02,2.3,0.162594
4.910e-02,2.20859,0.16225
4.914e-02,2.12656,0.161391
4.917e-02,2.04453,0.160297
4.920e-02,1.93203,0.158719
4.923e-02,1.85859,0.157766
4.926e-02,1.75391,0.157172
4.930e-02,1.68828,0.156016
4.933e-02,1.56016,0.154734
4.936e-02,1.49297,0.15375
4.939e-02,1.39922,0.152938
4.942e-02,1.31328,0.151656
4.946e-02,1.28203,0.150281
4.949e-02,1.16094,0.149766
4.952e-02,1.09922,0.148469
4.955e-02,1.01016,0.147234
4.958e-02,0.90625,0.146297
4.962e-02,0.860156,0.145281
4.965e-02,0.766406,0.143844
4.968e-02,0.688281,0.142609
4.971e-02,0.596094,0.141109
4.974e-02,0.51875,0.140234
4.978e-02,0.4875,0.138484
4.981e-02,0.378906,0.137672
4.984e-02,0.31875,0.135906
4.987e-02,0.271094,0.134641
4.990e-02,0.195313,0.133859
4.994e-02,0.117969,0.132578

