Zeit t / s;Spannungsquelle S_1;Ereignisse N_A;Kanal n_A;Energie E_A / keV;Rate R_A / 1/s
0;1;0;0;-39,1631578947369;
1;1;48;1;-35,1473684210526;103,102383993189
2;1;102;2;-31,1315789473684;165,552612398002
3;1;123;3;-27,1157894736842;167,774795114754
4;1;127;4;-23,1;143,330801155846
5;1;107;5;-19,0842105263158;125,553323496471
6;1;122;6;-15,0684210526316;162,219338322874
7;1;148;7;-11,0526315789474;173,330271165209
8;1;160;8;-7,03684210526319;141,10861819219
9;1;153;9;-3,02105263157898;115,553501271089
10;1;170;10;0,994736842105283;153,160449221817
11;1;171;11;5,01052631578949;132,997645941667
12;1;165;12;9,0263157894737;151,14847314517
13;1;165;13;13,0421052631579;156,663898937785
14;1;152;14;17,0578947368421;169,996996719725
15;1;180;15;21,0736842105263;144,441892637675
16;1;204;16;25,0894736842105;153,330641528738
17;1;232;17;29,1052631578947;149,997350046816
18;1;253;18;33,1210526315789;152,219533010472
19;1;265;19;37,1368421052632;151,108441528644
20;1;311;20;41,1526315789474;112,220252133351
21;1;395;21;45,1684210526316;152,219533010472
22;1;389;22;49,1842105263158;149,997366712895
23;1;458;23;53,2;128,743566012542
24;1;451;24;57,2157894736842;129,126854221587
25;1;458;25;61,2315789473684;165,552649186825
26;1;397;26;65,2473684210526;157,774990419614
27;1;408;27;69,2631578947368;163,330465976264
28;1;423;28;73,278947368421;156,663898937785
29;1;407;29;77,2947368421052;142,139652208295
30;1;430;30;81,3105263157894;169,997015607948
31;1;446;31;85,3263157894737;134,442084238966
32;1;416;32;89,3421052631579;136,664267449527
33;1;449;33;93,3578947368421;146,664091897053
34;1;449;34;97,3736842105263;134,442084238966
35;1;429;35;101,389473684211;129,997717817843
36;1;464;36;105,405263157895;173,137918336171
37;1;444;37;109,421052631579;149,997375045937
38;1;488;38;113,436842105263;143,171740162603
39;1;453;39;117,452631578947;152,219549923457
40;1;456;40;121,468421052632;155,552824739299
41;1;485;41;125,484210526316;153,330658565178
42;1;460;42;129,5;158,886099555141
43;1;456;43;133,515789473684;135,402746034281
44;1;463;44;137,531578947368;143,14063567455
45;1;482;45;141,547368421053;156,663933751378
46;1;462;46;145,563157894737;165,552649186825
47;1;497;47;149,578947368421;144,121659966672
48;1;471;48;153,594736842105;143,284060650239
49;1;480;49;157,610526315789;157,775025480111
50;1;541;50;161,626315789474;148,886291650246
51;1;459;51;165,642105263158;132,219915719248
52;1;447;52;169,657894736842;148,886291650246
53;1;425;53;173,673684210526;156,490058941259
54;1;426;54;177,689473684211;130,127863638812
55,001;1;446;55;181,705263157895;127,775548804315
56;1;390;56;185,721052631579;153,330658565178
57;1;402;57;189,736842105263;145,553016464046
58;1;393;58;193,752631578947;147,611206731604
59;1;364;59;197,768421052632;163,160321331741
60;1;358;60;201,784210526316;172,219217953642
61;1;324;61;205,8;139,997573375395
62;1;346;62;209,815789473684;142,219757079766
63;1;341;63;213,831578947368;131,108823990515
64;1;305;64;217,847368421053;147,775216340695
65;1;312;65;221,863157894737;135,553190905448
66;1;300;66;225,878947368421;133,331022262281
67;1;304;67;229,894736842105;132,219930410095
68;1;276;68;233,910526315789;144,441940784138
69;1;286;69;237,926315789474;135,553190905448
70;1;278;70;241,942105263158;175,552512645336
71;1;276;71;245,957894736842;154,441767453809
72;1;278;72;249,973684210526;141,108665227581
73;1;272;73;253,989473684211;137,775389671024
74;1;281;74;258,005263157895;159,997226714737
75;1;240;75;262,021052631579;157,775060540624
76;1;229;76;266,036842105263;162,039369795595
77;1;227;77;270,052631578947;143,140664330838
78,001;1;253;78;274,068421052632;161,108318566923
79;1;217;79;278,084210526316;158,886134862551
80;1;224;80;282,1;153,330675601623
81;1;239;81;286,115789473684;147,77523275988
82;1;223;82;290,131578947368;155,552859305994
83;1;246;83;294,147368421053;126,664485222755
84;1;201;84;298,163157894737;148,88630819288
85,003;1;222;85;302,178947368421;181,107992029026
86;1;208;86;306,194736842105;138,732337153763
87;1;214;87;310,210526315789;167,331785464218
88;1;191;88;314,226315789474;176,663624126473
89;1;186;89;318,242105263158;131,108853125307
90;1;174;90;322,257894736842;139,997588930413
91;1;185;91;326,273684210526;145,553032636323
92;1;166;92;330,289473684211;147,77523275988
93;1;148;93;334,305263157895;129,997761149669
94;1;159;94;338,321052631579;158,886170169977
95;1;145;95;342,336842105263;146,664140784242
96;1;134;96;346,352631578947;141,904419391416
97;1;125;97;350,368421052632;136,270210199805
98;1;161;98;354,384210526316;139,842211371502
99;1;125;99;358,4;131,108853125307
100;1;142;100;362,415789473684;158,886170169977
101,001;1;132;101;366,431578947368;128,886669174031
102;1;126;102;370,447368421053;143,330880782707
103;1;129;103;374,463157894737;143,330864857327
104;1;127;104;378,478947368421;139,997604485434
105;1;127;105;382,494736842105;149,997416711157
106;1;113;106;386,510526315789;156,663985971796
107;1;115;107;390,526315789474;144,441972881797
108;1;110;108;394,542105263158;138,886496954775
109;1;100;109;398,557894736842;158,886170169977
110;1;104;110;402,573684210526;138,886512386344
111;1;100;111;406,589473684211;159,9972444919
112;1;120;112;410,605263157895;139,997604485434
113;1;116;113;414,621052631579;143,330880782707
114;1;92;114;418,636842105263;146,664157079979
115;1;94;115;422,652631578947;128,886683494527
116;1;117;116;426,668421052632;153,330709674523
117;1;103;117;430,684210526316;134,442143989981
118;1;96;118;434,7;139,997604485434
119;1;105;119;438,715789473684;133,33105189089
120;1;76;120;442,731578947368;146,664157079979
121;1;81;121;446,747368421053;136,664328188162
122;1;70;122;450,763157894737;153,160551213725
123;1;93;123;454,778947368421;152,149547790523
124;1;117;124;458,794736842105;144,441988930633
125;1;110;125;462,81052631579;165,552722764522
126;1;133;126;466,826315789474;158,886187823696
127;1;154;127;470,842105263158;139,997604485434
128;1;205;128;474,857894736842;125,553407197255
129;1;219;129;478,873684210526;142,219804485546
130;1;258;130;482,889473684211;149,997450043349
131;1;310;131;486,905263157895;153,330709674523
132;1;406;132;490,921052631579;142,219804485546
133;1;466;133;494,936842105263;147,775265598263
134;1;459;134;498,952631578947;134,292947078701
135;1;489;135;502,968421052632;164,161370627327
136;1;506;136;506,984210526316;164,441648936413
137;1;517;137;511;145,391521609953
138;1;477;138;515,015789473684;151,997416043927
139;1;449;139;519,031578947368;130,127928766771
140;1;382;140;523,047368421053;154,441818933523
141;1;350;141;527,063157894737;174,441478939302
142;1;252;142;531,078947368421;138,732383345766
143;1;238;143;535,094736842105;152,149578250378
144;1;182;144;539,110526315789;138,886527817916
145;1;175;145;543,126315789474;162,159418924745
146;1;110;146;547,142105263158;149,997450043349
147;1;100;147;551,157894736842;134,442158927743
148;1;97;148;555,173684210526;153,16056821239
149;1;72;149;559,189473684211;141,138739380811
150;1;46;150;563,205263157895;134,442173865508
151;1;40;151;567,221052631579;138,886527817916
152;1;43;152;571,236842105263;167,774944245386
153;1;37;153;575,252631578947;152,050692146959
154;1;29;154;579,268421052632;171,108221283374
155;1;29;155;583,284210526316;129,997804481524
156;1;36;156;587,3;138,886527817916
157;1;29;157;591,315789473684;158,886205477419
158;1;29;158;595,331578947368;138,886543249492
159;1;31;159;599,347368421053;135,553266211504
160;1;11;160;603,363157894737;133,331081519512
161;1;26;161;607,378947368421;156,490145782224
162;1;25;162;611,394736842105;162,219482515406
163;1;29;163;615,410526315789;128,886712135528
164;1;29;164;619,426315789474;144,442004979471
165;1;42;165;623,442105263158;166,663870417285
166;1;27;166;627,457894736842;144,442004979471
167;1;24;167;631,473684210526;146,664189671463
168;1;29;168;635,489473684211;153,330743747439
169;1;27;169;639,505263157895;144,442021028314
170;1;26;170;643,521052631579;117,775788675569
171;1;26;171;647,536842105263;143,330928558865
172;1;34;172;651,552631578947;136,6643585575
173;1;25;173;655,568421052632;152,990786961327
174;1;29;174;659,584210526316;154,306019698266
175;1;36;175;663,6;135,553266211504
176;1;24;176;667,615789473684;135,553281272725
177;1;27;177;671,631578947368;128,886712135528
178;1;24;178;675,647368421053;161,108408070042
179;1;29;179;679,663157894737;175,35777147353
180;1;34;180;683,678947368421;151,108559055447
181;1;28;181;687,694736842105;143,171851392946
182;1;28;182;691,710526315789;155,5529457228
183;1;31;183;695,726315789474;129,997818925482
184;1;24;184;699,742105263158;162,219500539491
185;1;23;185;703,757894736842;142,219836089417
186;1;20;186;707,773684210526;145,553113497762
187;1;24;187;711,789473684211;131,108911394931
188;1;24;188;715,805263157895;168,886055356182
189;1;21;189;719,821052631579;162,219500539491
190;1;21;190;723,836842105263;137,775481519752
191;1;17;191;727,852631578947;138,886558681071
192,002;1;23;192;731,868421052632;133,331096333828
193;1;21;193;735,884210526316;141,108743619968
194;1;25;194;739,9;156,664055599073
195;1;24;195;743,915789473684;144,442021028314
196;1;19;196;747,931578947368;144,44203707716
197;1;23;197;751,947368421053;167,774962886734
198;1;20;198;755,963157894737;137,775466211622
199;1;25;199;759,978947368421;151,108592634567
200;1;18;200;763,994736842105;159,8197410898
201;1;19;201;768,01052631579;177,774814864197
202;1;13;202;772,026315789474;138,135828960617
203;1;18;203;776,042105263158;137,622554827328
204;1;20;204;780,057894736842;159,315987329269
205;1;19;205;784,073684210526;156,664038192248
206;1;14;206;788,089473684211;156,664055599073
207,013;1;24;207;792,105263157895;151,108592634567
208;1;26;208;796,121052631579;134,442203741049
209;1;17;209;800,136842105263;144,44203707716
210;1;24;210;804,152631578947;152,219685227468
211;1;24;211;808,168421052632;146,664222262962
212;1;20;212;812,184210526316;113,331444475925
213;1;23;213;816,2;145,553129670061
214;1;13;214;820,215789473684;172,028212626871
215;1;24;215;824,231578947368;147,144687371092
216;1;16;216;828,247368421053;160,929618263847
217;1;22;217;832,263157894737;153,16060220973
218;1;17;218;836,278947368421;169,166358196651
219,001;1;19;219;840,294736842105;156,664055599073
220;1;23;220;844,31052631579;161,108443871318
221;1;21;221;848,326315789474;144,44203707716
222,001;1;19;222;852,342105263158;161,108425970678
223;1;24;223;856,357894736842;125,553462997839
224;1;23;224;860,373684210526;172,219351899691
225;1;18;225;864,389473684211;143,330960409655
226;1;22;226;868,405263157895;146,664222262962
227;1;12;227;872,421052631579;151,108609424133
228;1;15;228;876,436842105263;135,553311395178
229;1;32;229;880,452631578947;165,185723075559
230;1;16;230;884,468421052632;159,315987329269
231;1;23;231;888,484210526316;168,886092885796
232;1;19;232;892,5;169,997185602149
233;1;21;233;896,515789473684;165,552814736734
234;1;15;234;900,531578947368;131,108940529762
235;1;24;235;904,547368421053;138,88658954424
236;1;22;236;908,563157894737;131,108940529762
237;1;31;237;912,578947368421;138,88658954424
238;1;29;238;916,594736842105;128,886755097055
239;1;27;239;920,610526315789;136,664404111532
240;1;19;240;924,626315789474;155,552980289549
241,001;1;19;241;928,642105263158;146,664238558717
242,001;1;22;242;932,657894736842;143,171883173075
243;1;25;243;936,673684210526;152,149623940183
244;1;17;244;940,689473684211;131,108955097183
245;1;17;245;944,705263157895;139,997682260594
246;1;23;246;948,721052631579;152,219702140487
247;1;24;247;952,736842105263;139,997682260594
248;1;26;248;956,752631578947;134,442233616603
249,001;1;22;249;960,768421052632;165,552814736734
250;1;19;250;964,784210526316;171,108278318503
251;1;31;251;968,8;129,997862257376
252;1;19;252;972,815789473684;144,442053126009
253;1;23;253;976,831578947368;148,886440534089
254;1;18;254;980,847368421053;128,886755097055
255;1;20;255;984,863157894737;144,442069174862
256;1;20;256;988,878947368421;136,664419296216
257,001;1;20;257;992,894736842105;132,220033246116
258;1;19;258;996,910526315789;157,775183252542
259;1;22;259;1000,92631578947;144,442053126009
260;1;28;260;1004,94210526316;148,886440534089
261;1;19;261;1008,95789473684;151,108626213702
262;1;22;262;1012,97368421053;153,330794856841
263;1;17;263;1016,98947368421;151,108626213702
264;1;14;264;1021,00526315789;161,108461771962
265;1;21;265;1025,02105263158;142,139808715853
266;1;18;266;1029,03684210526;131,108955097183
267;1;14;267;1033,05263157895;146,664238558717
268;1;17;268;1037,06842105263;137,775512136023
269;1;15;269;1041,08421052632;142,219883495249
270;1;5;270;1045,1;152,219719053509
271;1;11;271;1049,11578947368;152,219719053509
272;1;8;272;1053,13157894737;147,775347694282
273;1;18;273;1057,14736842105;148,886440534089
274;1;11;274;1061,16315789474;135,553326456409
275;1;17;275;1065,17894736842;132,220047936989
276,001;1;8;276;1069,19473684211;159,99738670935
277;1;15;277;1073,21052631579;157,775183252542
278;1;10;278;1077,22631578947;155,552997572929
279;1;10;279;1081,24210526316;174,054793779437
280;1;7;280;1085,25789473684;151,148669831646
281;1;8;281;1089,27368421053;139,997697815636
282;1;9;282;1093,28947368421;147,775347694282
283,001;1;12;283;1097,30526315789;131,108969664607
284;1;9;284;1101,32105263158;161,108461771962
285;1;7;285;1105,33684210526;145,553178186978
286;1;8;286;1109,35263157895;163,330665599129
287;1;7;287;1113,36842105263;125,55349089815
288;1;4;288;1117,38421052632;162,219572635869
289;1;8;289;1121,4;139,997697815636
290;1;4;290;1125,41578947368;139,997713370682
291;1;4;291;1129,43157894737;123,331305218536
292;1;5;292;1133,44736842105;128,886783738088
293;1;2;293;1137,46315789474;166,663944488907
294;1;8;294;1141,47894736842;127,775690774828
295;1;3;295;1145,49473684211;161,10847967261
296;1;7;296;1149,51052631579;123,194424775265
297;1;6;297;1153,52631578947;157,154592973108
298;1;7;298;1157,54210526316;134,442248554385
299;1;7;299;1161,55789473684;164,441758562388
300;1;7;300;1165,57368421053;153,160653205769
;;7;301;1169,58947368421;
;;7;302;1173,60526315789;
;;4;303;1177,62105263158;
;;8;304;1181,63684210526;
;;6;305;1185,65263157895;
;;8;306;1189,66842105263;
;;9;307;1193,68421052632;
;;4;308;1197,7;
;;14;309;1201,71578947368;
;;16;310;1205,73157894737;
;;13;311;1209,74736842105;
;;9;312;1213,76315789474;
;;25;313;1217,77894736842;
;;26;314;1221,79473684211;
;;32;315;1225,81052631579;
;;25;316;1229,82631578947;
;;25;317;1233,84210526316;
;;29;318;1237,85789473684;
;;38;319;1241,87368421053;
;;36;320;1245,88947368421;
;;29;321;1249,90526315789;
;;42;322;1253,92105263158;
;;34;323;1257,93684210526;
;;43;324;1261,95263157895;
;;45;325;1265,96842105263;
;;45;326;1269,98421052632;
;;45;327;1274;
;;38;328;1278,01578947368;
;;42;329;1282,03157894737;
;;42;330;1286,04736842105;
;;23;331;1290,06315789474;
;;34;332;1294,07894736842;
;;38;333;1298,09473684211;
;;23;334;1302,11052631579;
;;25;335;1306,12631578947;
;;16;336;1310,14210526316;
;;18;337;1314,15789473684;
;;15;338;1318,17368421053;
;;11;339;1322,18947368421;
;;23;340;1326,20526315789;
;;4;341;1330,22105263158;
;;8;342;1334,23684210526;
;;8;343;1338,25263157895;
;;7;344;1342,26842105263;
;;1;345;1346,28421052632;
;;4;346;1350,3;
;;3;347;1354,31578947368;
;;3;348;1358,33157894737;
;;2;349;1362,34736842105;
;;2;350;1366,36315789474;
;;6;351;1370,37894736842;
;;7;352;1374,39473684211;
;;1;353;1378,41052631579;
;;1;354;1382,42631578947;
;;6;355;1386,44210526316;
;;3;356;1390,45789473684;
;;3;357;1394,47368421053;
;;1;358;1398,48947368421;
;;1;359;1402,50526315789;
;;3;360;1406,52105263158;
;;2;361;1410,53684210526;
;;1;362;1414,55263157895;
;;3;363;1418,56842105263;
;;3;364;1422,58421052632;
;;3;365;1426,6;
;;1;366;1430,61578947368;
;;5;367;1434,63157894737;
;;7;368;1438,64736842105;
;;4;369;1442,66315789474;
;;6;370;1446,67894736842;
;;7;371;1450,69473684211;
;;4;372;1454,71052631579;
;;7;373;1458,72631578947;
;;3;374;1462,74210526316;
;;5;375;1466,75789473684;
;;3;376;1470,77368421053;
;;0;377;1474,78947368421;
;;3;378;1478,80526315789;
;;1;379;1482,82105263158;
;;2;380;1486,83684210526;
;;2;381;1490,85263157895;
;;4;382;1494,86842105263;
;;8;383;1498,88421052632;
;;1;384;1502,9;
;;2;385;1506,91578947368;
;;3;386;1510,93157894737;
;;1;387;1514,94736842105;
;;0;388;1518,96315789474;
;;1;389;1522,97894736842;
;;1;390;1526,99473684211;
;;2;391;1531,01052631579;
;;0;392;1535,02631578947;
;;2;393;1539,04210526316;
;;1;394;1543,05789473684;
;;2;395;1547,07368421053;
;;2;396;1551,08947368421;
;;0;397;1555,10526315789;
;;0;398;1559,12105263158;
;;1;399;1563,13684210526;
;;1;400;1567,15263157895;
;;2;401;1571,16842105263;
;;1;402;1575,18421052632;
;;1;403;1579,2;
;;0;404;1583,21578947368;
;;2;405;1587,23157894737;
;;0;406;1591,24736842105;
;;0;407;1595,26315789474;
;;1;408;1599,27894736842;
;;0;409;1603,29473684211;
;;1;410;1607,31052631579;
;;1;411;1611,32631578947;
;;0;412;1615,34210526316;
;;1;413;1619,35789473684;
;;0;414;1623,37368421053;
;;0;415;1627,38947368421;
;;0;416;1631,40526315789;
;;0;417;1635,42105263158;
;;2;418;1639,43684210526;
;;1;419;1643,45263157895;
;;0;420;1647,46842105263;
;;1;421;1651,48421052632;
;;4;422;1655,5;
;;3;423;1659,51578947368;
;;0;424;1663,53157894737;
;;0;425;1667,54736842105;
;;0;426;1671,56315789474;
;;2;427;1675,57894736842;
;;1;428;1679,59473684211;
;;0;429;1683,61052631579;
;;1;430;1687,62631578947;
;;1;431;1691,64210526316;
;;0;432;1695,65789473684;
;;2;433;1699,67368421053;
;;0;434;1703,68947368421;
;;0;435;1707,70526315789;
;;0;436;1711,72105263158;
;;1;437;1715,73684210526;
;;1;438;1719,75263157895;
;;1;439;1723,76842105263;
;;0;440;1727,78421052632;
;;1;441;1731,8;
;;1;442;1735,81578947368;
;;1;443;1739,83157894737;
;;1;444;1743,84736842105;
;;0;445;1747,86315789474;
;;0;446;1751,87894736842;
;;2;447;1755,89473684211;
;;0;448;1759,91052631579;
;;0;449;1763,92631578947;
;;1;450;1767,94210526316;
;;1;451;1771,95789473684;
;;2;452;1775,97368421053;
;;0;453;1779,98947368421;
;;2;454;1784,00526315789;
;;0;455;1788,02105263158;
;;2;456;1792,03684210526;
;;0;457;1796,05263157895;
;;0;458;1800,06842105263;
;;0;459;1804,08421052632;
;;0;460;1808,1;
;;0;461;1812,11578947368;
;;0;462;1816,13157894737;
;;3;463;1820,14736842105;
;;1;464;1824,16315789474;
;;0;465;1828,17894736842;
;;0;466;1832,19473684211;
;;1;467;1836,21052631579;
;;0;468;1840,22631578947;
;;1;469;1844,24210526316;
;;1;470;1848,25789473684;
;;0;471;1852,27368421053;
;;0;472;1856,28947368421;
;;0;473;1860,30526315789;
;;0;474;1864,32105263158;
;;0;475;1868,33684210526;
;;1;476;1872,35263157895;
;;1;477;1876,36842105263;
;;0;478;1880,38421052632;
;;0;479;1884,4;
;;0;480;1888,41578947368;
;;0;481;1892,43157894737;
;;1;482;1896,44736842105;
;;1;483;1900,46315789474;
;;0;484;1904,47894736842;
;;0;485;1908,49473684211;
;;0;486;1912,51052631579;
;;1;487;1916,52631578947;
;;0;488;1920,54210526316;
;;0;489;1924,55789473684;
;;1;490;1928,57368421053;
;;0;491;1932,58947368421;
;;0;492;1936,60526315789;
;;1;493;1940,62105263158;
;;0;494;1944,63684210526;
;;0;495;1948,65263157895;
;;0;496;1952,66842105263;
;;1;497;1956,68421052632;
;;0;498;1960,7;
;;0;499;1964,71578947368;
;;0;500;1968,73157894737;
;;0;501;1972,74736842105;
;;0;502;1976,76315789474;
;;2;503;1980,77894736842;
;;0;504;1984,79473684211;
;;0;505;1988,81052631579;
;;0;506;1992,82631578947;
;;1;507;1996,84210526316;
;;0;508;2000,85789473684;
;;1;509;2004,87368421053;
;;0;510;2008,88947368421;
;;152;511;2012,90526315789;