Zeit t / s,Spannungsquelle S_1,Ereignisse N_A,Kanal n_A,Energie E_A / keV,Rate R_A / 1/s
0,1,1,0,0,
1,1,406,1,1,93.9199536808887
2,1,1370,2,2,120.237023243921
3,1,1654,3,3,147.995767321055
4,1,1659,4,4,143.329224562229
5,1,1693,5,5,152.217858643608
6,1,1789,6,6,125.551970349291
7,1,1714,7,7,148.884637405354
8,1,1877,8,8,169.995145694173
9,1,1920,9,9,128.885222820329
10,1,1869,10,10,115.552268735467
11,1,1708,11,11,147.773574440549
12,1,1535,12,12,162.217608032483
13,1,1364,13,13,146.662494933477
14,1,1241,14,14,109.996883421636
15,1,1163,15,15,138.884953815197
16,1,1122,16,16,135.551714923633
17,1,1067,17,17,136.662794554154
18,1,911,18,18,133.329570476567
19,1,769,19,19,132.218490722595
20,1,707,20,20,128.885251460681
21,1,609,21,21,129.996331214652
22,1,532,22,22,117.513320578334
23,1,479,23,23,138.272673712561
24,1,466,24,24,142.218224309917
25,1,907,25,25,128.885265780862
26,1,1861,26,26,158.884440124565
27,1,2342,27,27,136.662824922811
28,1,1553,28,28,116.663400091464
29,1,580,29,29,129.996374545554
30,1,229,30,30,126.663120099304
31,1,166,31,31,105.552611810493
32,1,155,32,32,143.329336037406
33,1,148,33,33,147.77365653469
34,1,152,34,34,148.8847532013
35,1,157,35,35,147.77365653469
36,1,140,36,36,139.996111219133
37,1,153,37,37,175.355844732388
38,1,118,38,38,115.552358606967
39,1,109,39,39,141.107191466904
40,1,91,40,40,169.995296796789
41,1,102,41,41,126.663162319176
42,1,104,42,42,128.885337381814
43,1,129,43,43,138.885046402605
44,1,111,44,44,135.131415301381
45,1,114,45,45,132.218578865827
46,1,117,46,46,108.88588847774
47,1,121,47,47,137.773996646981
48.001,1,132,48,48,128.885337381814
49,1,100,49,49,151.106964064431
50,1,96,50,50,151.106980853634
51,1,106,51,51,145.551560973827
52,1,72,52,52,125.552123797505
53,1,60,53,53,137.773996646981
54,1,43,54,54,138.885092696355
55,1,32,55,55,149.995900112064
56,1,37,56,56,159.995626786201
57,1,29,57,57,147.773755047779
58,1,33,58,58,132.218622937487
59,1,40,59,59,132.071880398369
60,1,62,60,60,165.551067282176
61.001,1,116,61,61,124.120744660406
62,1,188,62,62,125.552151697221
63,1,208,63,63,161.106743328292
64,1,180,64,64,136.66296158193
65,1,114,65,65,129.996490094767
66,1,83,66,66,145.996043507221
67,1,33,67,67,154.440274557031
68,1,17,68,68,148.884868997426
69,1,17,69,69,138.885154421403
70,1,20,70,70,135.551895654373
71,1,14,71,71,136.662991950661
72,1,16,72,72,135.55191071529
73,1,12,73,73,142.996167702706
74,1,11,74,74,139.996235656775
75.001,1,15,75,75,147.446154992294
76,1,8,76,76,145.141251465927
77,1,6,77,77,112.219217240961
78,1,7,78,78,137.774088493853
79,1,3,79,79,132.218696390318
80.001,1,11,80,80,137.996315498376
81,1,5,81,81,134.130549263598
82,1,1,82,82,128.885466263729
83,1,3,83,83,146.662755659849
84,1,7,84,84,127.774384658007
85,1,2,85,85,128.885466263729
86,1,2,86,86,134.440859354862
87,1,2,87,87,124.44115366727
88,1,3,88,88,157.773588012496
89,1,2,89,89,149.996016772443
90,1,6,90,90,123.330071938098
91,1,3,91,91,114.441418104721
92,1,3,92,92,138.885231577791
93,1,3,93,93,141.10737960485
94,1,5,94,94,154.268972059226
95,1,1,95,95,148.144233225468
96,1,0,96,96,136.663067872546
97,1,0,97,97,156.488669498927
98,1,0,98,98,127.123793149769
99,1,1,99,99,135.552001080861
100,1,2,100,100,135.552001080861
101,1,1,101,101,116.66362044991
102,1,1,102,102,117.774689463699
103,1,2,103,103,133.329851942755
104,1,2,104,104,136.663083056933
105,1,1,105,105,134.440934042278
106,1,2,106,106,151.107165535122
107,1,1,107,107,135.552031202744
108,1,2,108,108,126.663359345617
109,1,0,109,109,164.44016900005
110,1,2,110,110,138.885277871664
111,1,2,111,111,121.107962304091
112.001,1,3,112,112,135.40158890435
113,1,0,113,113,137.996425892569
114,1,1,114,114,143.329622688657
115,1,0,115,115,123.33014045303
116,1,1,116,116,149.996116767199
117,1,0,117,117,134.440963917267
118,1,0,118,118,128.885566505397
119,1,0,119,119,127.123844048872
120,1,1,120,120,118.88582427653
121,1,0,121,121,138.885308734264
122,1,0,122,122,122.219071686152
123,1,0,123,123,129.996663418972
124,1,0,124,124,146.66290231884
125.001,1,2,125,125,124.44125045235
126,1,2,126,126,126.663415638999
127,1,2,127,127,133.329911198946
128,1,0,128,128,124.44125045235
129.001,1,1,129,129,118.753905283217
130,1,2,130,130,124.120943447295
131,1,0,131,131,144.440769229316
132,1,1,132,132,139.996422313652
133,1,1,133,133,127.774512429127
134,1,0,134,134,128.885609466159
135,1,0,135,135,136.51151374732
136,1,2,136,136,132.128772701875
137,1,1,137,137,145.551852069542
138,1,1,138,138,147.774017749993
139,1,3,139,139,134.4410386048
140,1,0,140,140,144.440785277884
141,1,0,141,141,157.773780841996
142,1,0,142,142,118.885877113335
143,1,0,143,143,128.88562378642
144,1,0,144,144,134.441053542316
145,1,0,145,145,124.441305758177
146,1,0,146,146,155.551632197721
147,1,0,147,147,114.441557974038
148,1,1,148,148,152.218382936341
149.001,1,0,149,149,143.011921983782
150,1,0,150,150,149.294842384225
151,1,0,151,151,138.7312593491
152.001,1,0,152,152,139.135643338691
153,1,0,153,153,121.10806995291
154,1,0,154,154,136.511559199514
155,1,0,155,155,135.552166751387
156,1,1,156,156,139.996500087498
157,1,0,157,157,133.330000083331
158,1,0,158,158,151.996200094998
159,1,0,159,159,146.142503555217
160,1,0,160,160,152.218416761803
161,1,0,161,161,144.440849472191
162,1,0,162,162,126.663514152537
163.002,1,0,163,163,132.218931439929
164,1,0,164,164,155.551684046975
165,1,0,165,165,155.551701330067
166,1,0,166,166,143.329766014713
167,1,0,167,167,142.218698358918
168,1,0,168,168,148.719959539292
169,1,0,169,169,156.152295333639
170,1,0,170,170,122.219193902196
171,1,0,171,171,146.663048978125
172,1,0,172,172,129.996793412429
173,1,1,173,173,155.551718613163
174,1,0,174,174,152.218467500024
175,1,1,175,175,117.774872664252
176,1,0,176,176,138.885478478806
177,1,0,177,177,144.440881569366
178,1,0,178,178,138.885478478806
179,1,0,179,179,144.440897617959
180,1,0,180,180,133.182082881208
181,1,0,181,181,145.551981445789
182,1,0,182,182,136.663326007586
183,1,0,183,183,125.413128046471
184,1,1,184,184,148.847520599897
185,1,0,185,185,132.261295415222
186,1,0,186,186,125.552486494775
187,1,0,187,187,136.663326007586
188,1,0,188,188,134.441173042567
189,1,0,189,189,149.996350088815
190,1,0,190,190,117.774911921588
191,1,0,191,191,137.774425266763
192,1,0,192,192,143.329845640423
193,1,0,193,193,136.663356376479
194,1,0,194,194,123.330332295247
195,1,0,195,195,135.552272178296
196,1,0,196,196,149.829893128002
197,1,0,197,197,144.440945763758
198,1,0,198,198,111.108419818276
199,1,0,199,199,123.120152957271
200,1,0,200,200,172.218050718327
201,1,0,201,201,135.552287239297
202,1,1,202,202,142.218793169098
203,1,0,203,203,162.218310958502
204,1,0,204,204,134.441202917663
205,1,0,205,205,149.996400086398
206,1,0,206,206,134.441202917663
207,1,0,207,207,129.996880074878
208,1,0,208,208,123.330373404372
209,1,0,209,209,139.996640080638
210,1,0,210,210,148.885315641313
211,1,0,211,211,129.996894518631
212,1,0,212,212,148.885332183731
213,1,0,213,213,139.996655635449
214,1,0,214,214,131.107979087166
215,1,0,215,215,128.885809950096
216,1,0,216,216,142.218824772519
217,1,0,217,217,133.330163038346
218,1,0,218,218,136.511725857818
219,1,0,219,219,121.118235621614
220,1,0,220,220,158.885110954028
221,1,0,221,221,152.218602802111
222,1,0,222,222,153.159514302324
223,1,0,223,223,149.996433418139
224,1,0,224,224,131.108008221583
225,1,0,225,225,132.21909303702
226,1,0,226,226,138.885586498277
227,1,0,227,227,148.885381811006
228,1,0,228,228,145.552110822266
229,1,1,229,229,129.996923406146
230,1,0,230,230,152.218636627671
231,1,0,231,231,152.218619714889
232,1,0,232,232,133.330192666573
233,1,0,233,233,129.996937849908
234,1,0,234,234,133.330192666573
235,1,0,235,235,136.663447483237
236,1,0,236,236,129.996952293674
237,1,0,237,237,135.552377605369
238,1,0,238,238,116.147705811799
239,1,0,239,239,140.558960819491
240,1,0,240,240,128.742823003812
241,1,0,241,241,129.126104553707
242,1,0,242,242,113.330676358588
243,1,0,243,243,109.997433393221
244,1,0,244,244,156.663011196405
245,1,0,245,245,127.774796365863
246,1,0,246,246,134.441307480603
247,1,0,247,247,138.885648223764
248,1,0,248,248,128.885881551653
249,1,1,249,249,118.886128088803
250,1,0,250,250,152.218670453245
251,1,0,251,251,153.329772675279
252,1,0,252,252,137.774578345903
253,1,0,253,253,136.663493036662
254,1,0,254,254,144.441106249989
255,1,0,255,255,127.774810562732
256,1,0,256,256,137.774593653836
257,1,0,257,257,145.552175510591
258,1,0,258,258,185.345332760354
259,1,1,259,259,163.15939040849
260.001,1,0,260,260,124.441568461529
261,1,1,261,261,134.143248137959
262,1,0,262,262,130.257519115291
263,1,0,263,263,121.108325619622
264,1,0,264,264,160.928600197532
265,1,0,265,265,131.128112165586
266,1,0,266,266,156.663063416208
267,1,0,267,267,131.108095624912
268,1,0,268,268,113.330726726619
269,1,0,269,269,156.663080822817
270,1,0,270,270,134.441367230928
271,1,0,271,271,146.663293410918
272,1,0,272,272,139.9967956289
273,1,0,273,273,102.219882522689
274,1,0,274,274,133.330296365472
275,1,0,275,275,124.441596114578
276,1,0,276,276,155.552012426384
277,1,0,277,277,133.330281551333
278,1,0,278,278,162.218527244657
279,1,0,279,279,135.552467971563
280,1,0,280,280,139.996811183745
281,1,0,281,281,142.06114067327
282,1,0,282,282,131.128151542503
283,1,0,283,283,138.885740812097
284,1,0,284,284,120.117390725956
285,1,0,285,285,134.44139710611
286,1,0,286,286,136.511892516529
287,1,0,287,287,136.133056449374
288,1,0,288,288,145.552256371078
289,1,0,289,289,162.218545268529
290,1,0,290,290,134.441412043706
291,1,1,291,291,123.330537841142
292,1,0,292,292,141.107928343394
293,1,0,293,293,154.44096094277
294,1,0,294,294,135.161790311317
295,1,1,295,295,116.664035244538
296,1,0,296,296,142.2190301951
297,1,0,297,297,145.552272543186
298,1,0,298,298,139.996857848302
299,1,0,299,299,138.885771674902
300,1,0,300,300,139.996857848302
,,0,301,301,
,,1,302,302,
,,0,303,303,
,,1,304,304,
,,0,305,305,
,,0,306,306,
,,0,307,307,
,,0,308,308,
,,0,309,309,
,,0,310,310,
,,0,311,311,
,,0,312,312,
,,0,313,313,
,,0,314,314,
,,0,315,315,
,,0,316,316,
,,0,317,317,
,,1,318,318,
,,0,319,319,
,,0,320,320,
,,1,321,321,
,,0,322,322,
,,0,323,323,
,,0,324,324,
,,0,325,325,
,,0,326,326,
,,0,327,327,
,,0,328,328,
,,0,329,329,
,,0,330,330,
,,0,331,331,
,,0,332,332,
,,0,333,333,
,,0,334,334,
,,0,335,335,
,,0,336,336,
,,0,337,337,
,,0,338,338,
,,0,339,339,
,,0,340,340,
,,0,341,341,
,,0,342,342,
,,0,343,343,
,,0,344,344,
,,0,345,345,
,,0,346,346,
,,0,347,347,
,,0,348,348,
,,0,349,349,
,,0,350,350,
,,0,351,351,
,,0,352,352,
,,0,353,353,
,,0,354,354,
,,0,355,355,
,,0,356,356,
,,1,357,357,
,,0,358,358,
,,0,359,359,
,,0,360,360,
,,0,361,361,
,,0,362,362,
,,0,363,363,
,,0,364,364,
,,0,365,365,
,,0,366,366,
,,0,367,367,
,,1,368,368,
,,1,369,369,
,,0,370,370,
,,0,371,371,
,,0,372,372,
,,1,373,373,
,,0,374,374,
,,1,375,375,
,,0,376,376,
,,0,377,377,
,,0,378,378,
,,0,379,379,
,,0,380,380,
,,0,381,381,
,,0,382,382,
,,0,383,383,
,,0,384,384,
,,0,385,385,
,,0,386,386,
,,0,387,387,
,,1,388,388,
,,0,389,389,
,,0,390,390,
,,1,391,391,
,,0,392,392,
,,0,393,393,
,,0,394,394,
,,0,395,395,
,,0,396,396,
,,0,397,397,
,,0,398,398,
,,0,399,399,
,,0,400,400,
,,0,401,401,
,,0,402,402,
,,0,403,403,
,,0,404,404,
,,0,405,405,
,,0,406,406,
,,0,407,407,
,,0,408,408,
,,0,409,409,
,,0,410,410,
,,0,411,411,
,,0,412,412,
,,0,413,413,
,,0,414,414,
,,0,415,415,
,,0,416,416,
,,0,417,417,
,,0,418,418,
,,0,419,419,
,,0,420,420,
,,0,421,421,
,,0,422,422,
,,0,423,423,
,,0,424,424,
,,0,425,425,
,,0,426,426,
,,0,427,427,
,,0,428,428,
,,0,429,429,
,,0,430,430,
,,0,431,431,
,,0,432,432,
,,1,433,433,
,,0,434,434,
,,0,435,435,
,,0,436,436,
,,0,437,437,
,,0,438,438,
,,0,439,439,
,,0,440,440,
,,0,441,441,
,,1,442,442,
,,0,443,443,
,,0,444,444,
,,0,445,445,
,,0,446,446,
,,0,447,447,
,,0,448,448,
,,0,449,449,
,,0,450,450,
,,0,451,451,
,,0,452,452,
,,0,453,453,
,,0,454,454,
,,0,455,455,
,,0,456,456,
,,0,457,457,
,,1,458,458,
,,0,459,459,
,,0,460,460,
,,0,461,461,
,,0,462,462,
,,0,463,463,
,,0,464,464,
,,0,465,465,
,,0,466,466,
,,0,467,467,
,,1,468,468,
,,0,469,469,
,,0,470,470,
,,0,471,471,
,,0,472,472,
,,0,473,473,
,,0,474,474,
,,0,475,475,
,,0,476,476,
,,0,477,477,
,,0,478,478,
,,0,479,479,
,,0,480,480,
,,0,481,481,
,,0,482,482,
,,0,483,483,
,,1,484,484,
,,0,485,485,
,,0,486,486,
,,0,487,487,
,,0,488,488,
,,0,489,489,
,,0,490,490,
,,0,491,491,
,,0,492,492,
,,0,493,493,
,,0,494,494,
,,0,495,495,
,,0,496,496,
,,0,497,497,
,,0,498,498,
,,1,499,499,
,,1,500,500,
,,1,501,501,
,,0,502,502,
,,0,503,503,
,,0,504,504,
,,0,505,505,
,,0,506,506,
,,1,507,507,
,,0,508,508,
,,0,509,509,
,,0,510,510,
,,67,511,511,
