Date,Time,Time since 1970-01-01T00:00:00Z,,t,,I,
2026-04-16,13:54:03.306492,1776340443.306492,s,4e-06,s,116.9,mV
2026-04-16,13:54:03.557300,1776340443.5573,s,0.250812,s,116.9,mV
2026-04-16,13:54:03.807324,1776340443.807324,s,0.500836,s,116.9,mV
2026-04-16,13:54:04.057775,1776340444.057775,s,0.751287,s,116.9,mV
2026-04-16,13:54:04.307741,1776340444.307741,s,1.001253,s,116.9,mV
2026-04-16,13:54:04.558209,1776340444.558209,s,1.251721,s,116.9,mV
2026-04-16,13:54:04.808234,1776340444.808234,s,1.501746,s,116.9,mV
2026-04-16,13:54:05.058633,1776340445.058633,s,1.752145,s,116.9,mV
2026-04-16,13:54:05.308678,1776340445.308678,s,2.00219,s,116.9,mV
2026-04-16,13:54:05.559174,1776340445.559174,s,2.252686,s,116.9,mV
2026-04-16,13:54:05.809079,1776340445.809079,s,2.502591,s,116.9,mV
2026-04-16,13:54:06.059517,1776340446.059517,s,2.753029,s,100.3,mV
2026-04-16,13:54:06.309392,1776340446.309392,s,3.002904,s,100.3,mV
2026-04-16,13:54:06.560038,1776340446.560038,s,3.25355,s,99.2,mV
2026-04-16,13:54:06.809689,1776340446.809689,s,3.503201,s,99.2,mV
2026-04-16,13:54:07.060432,1776340447.060432,s,3.753944,s,99.2,mV
2026-04-16,13:54:07.309901,1776340447.309901,s,4.003413,s,97.6,mV
2026-04-16,13:54:07.560837,1776340447.560837,s,4.254349,s,97.6,mV
2026-04-16,13:54:07.810187,1776340447.810187,s,4.503699,s,97.4,mV
2026-04-16,13:54:08.061292,1776340448.061292,s,4.754804,s,97.4,mV
2026-04-16,13:54:08.310450,1776340448.31045,s,5.003962,s,97.4,mV
2026-04-16,13:54:08.561778,1776340448.561778,s,5.25529,s,97.6,mV
2026-04-16,13:54:08.810736,1776340448.810736,s,5.504248,s,97.6,mV
2026-04-16,13:54:09.062156,1776340449.062156,s,5.755668,s,97.6,mV
2026-04-16,13:54:09.310938,1776340449.310938,s,6.00445,s,97.6,mV
2026-04-16,13:54:09.562547,1776340449.562547,s,6.256059,s,99.6,mV
2026-04-16,13:54:09.811401,1776340449.811401,s,6.504913,s,99.6,mV
2026-04-16,13:54:10.062871,1776340450.062871,s,6.756383,s,100.0,mV
2026-04-16,13:54:10.311764,1776340450.311764,s,7.005276,s,100.0,mV
2026-04-16,13:54:10.563354,1776340450.563354,s,7.256866,s,100.0,mV
2026-04-16,13:54:10.812011,1776340450.812011,s,7.505523,s,94.1,mV
2026-04-16,13:54:11.063811,1776340451.063811,s,7.757323,s,94.1,mV
2026-04-16,13:54:11.312455,1776340451.312455,s,8.005967,s,81.4,mV
2026-04-16,13:54:11.564219,1776340451.564219,s,8.257731,s,81.4,mV
2026-04-16,13:54:11.812955,1776340451.812955,s,8.506467,s,81.4,mV
2026-04-16,13:54:12.064586,1776340452.064586,s,8.758098,s,84.7,mV
2026-04-16,13:54:12.313410,1776340452.31341,s,9.006922,s,84.7,mV
2026-04-16,13:54:12.564857,1776340452.564857,s,9.258369,s,87.4,mV
2026-04-16,13:54:12.813878,1776340452.813878,s,9.50739,s,87.4,mV
2026-04-16,13:54:13.065143,1776340453.065143,s,9.758655,s,87.4,mV
2026-04-16,13:54:13.314390,1776340453.31439,s,10.007902,s,92.9,mV
2026-04-16,13:54:13.565429,1776340453.565429,s,10.258941,s,92.9,mV
2026-04-16,13:54:13.814831,1776340453.814831,s,10.508343,s,97.9,mV
2026-04-16,13:54:14.065671,1776340454.065671,s,10.759183,s,97.9,mV
2026-04-16,13:54:14.315229,1776340454.315229,s,11.008741,s,97.9,mV
2026-04-16,13:54:14.566149,1776340454.566149,s,11.259661,s,98.0,mV
2026-04-16,13:54:14.815646,1776340454.815646,s,11.509158,s,98.0,mV
2026-04-16,13:54:15.066556,1776340455.066556,s,11.760068,s,98.1,mV
2026-04-16,13:54:15.316056,1776340455.316056,s,12.009568,s,98.1,mV
2026-04-16,13:54:15.566957,1776340455.566957,s,12.260469,s,98.1,mV
2026-04-16,13:54:15.816462,1776340455.816462,s,12.509974,s,98.3,mV
2026-04-16,13:54:16.067315,1776340456.067315,s,12.760827,s,98.3,mV
2026-04-16,13:54:16.316863,1776340456.316863,s,13.010375,s,98.3,mV
2026-04-16,13:54:16.567677,1776340456.567677,s,13.261189,s,98.3,mV
2026-04-16,13:54:16.817274,1776340456.817274,s,13.510786,s,98.1,mV
2026-04-16,13:54:17.067957,1776340457.067957,s,13.761469,s,98.1,mV
2026-04-16,13:54:17.317675,1776340457.317675,s,14.011187,s,98.3,mV
2026-04-16,13:54:17.568454,1776340457.568454,s,14.261966,s,98.3,mV
2026-04-16,13:54:17.818081,1776340457.818081,s,14.511593,s,98.3,mV
2026-04-16,13:54:18.068997,1776340458.068997,s,14.762509,s,95.6,mV
2026-04-16,13:54:18.318457,1776340458.318457,s,15.011969,s,95.6,mV
2026-04-16,13:54:18.569444,1776340458.569444,s,15.262956,s,89.4,mV
2026-04-16,13:54:18.818876,1776340458.818876,s,15.512388,s,89.4,mV
2026-04-16,13:54:19.069936,1776340459.069936,s,15.763448,s,87.0,mV
2026-04-16,13:54:19.319172,1776340459.319172,s,16.012684,s,87.0,mV
2026-04-16,13:54:19.570409,1776340459.570409,s,16.263921,s,87.0,mV
2026-04-16,13:54:19.819454,1776340459.819454,s,16.512966,s,86.6,mV
2026-04-16,13:54:20.070868,1776340460.070868,s,16.76438,s,86.6,mV
2026-04-16,13:54:20.319729,1776340460.319729,s,17.013241,s,85.8,mV
2026-04-16,13:54:20.571342,1776340460.571342,s,17.264854,s,85.8,mV
2026-04-16,13:54:20.819929,1776340460.819929,s,17.513441,s,88.1,mV
2026-04-16,13:54:21.071841,1776340461.071841,s,17.765353,s,88.1,mV
2026-04-16,13:54:21.320200,1776340461.3202,s,18.013712,s,88.1,mV
2026-04-16,13:54:21.572071,1776340461.572071,s,18.265583,s,86.5,mV
2026-04-16,13:54:21.820653,1776340461.820653,s,18.514165,s,86.5,mV
2026-04-16,13:54:22.072386,1776340462.072386,s,18.765898,s,79.4,mV
2026-04-16,13:54:22.321082,1776340462.321082,s,19.014594,s,79.4,mV
2026-04-16,13:54:22.572705,1776340462.572705,s,19.266217,s,79.4,mV
2026-04-16,13:54:22.821503,1776340462.821503,s,19.515015,s,77.8,mV
2026-04-16,13:54:23.072887,1776340463.072887,s,19.766399,s,77.8,mV
2026-04-16,13:54:23.321979,1776340463.321979,s,20.015491,s,78.1,mV
2026-04-16,13:54:23.573305,1776340463.573305,s,20.266817,s,78.1,mV
2026-04-16,13:54:23.822461,1776340463.822461,s,20.515973,s,78.1,mV
2026-04-16,13:54:24.073632,1776340464.073632,s,20.767144,s,78.5,mV
2026-04-16,13:54:24.322951,1776340464.322951,s,21.016463,s,78.5,mV
2026-04-16,13:54:24.574115,1776340464.574115,s,21.267627,s,79.0,mV
2026-04-16,13:54:24.823425,1776340464.823425,s,21.516937,s,79.0,mV
2026-04-16,13:54:25.074438,1776340465.074438,s,21.76795,s,88.7,mV
2026-04-16,13:54:25.323828,1776340465.323828,s,22.01734,s,88.7,mV
2026-04-16,13:54:25.574657,1776340465.574657,s,22.268169,s,88.7,mV
2026-04-16,13:54:25.824254,1776340465.824254,s,22.517766,s,88.7,mV
2026-04-16,13:54:26.074947,1776340466.074947,s,22.768459,s,88.7,mV
2026-04-16,13:54:26.324550,1776340466.32455,s,23.018062,s,110.1,mV
2026-04-16,13:54:26.575169,1776340466.575169,s,23.268681,s,110.1,mV
2026-04-16,13:54:26.824874,1776340466.824874,s,23.518386,s,110.1,mV
2026-04-16,13:54:27.075459,1776340467.075459,s,23.768971,s,114.8,mV
2026-04-16,13:54:27.325323,1776340467.325323,s,24.018835,s,114.8,mV
2026-04-16,13:54:27.575785,1776340467.575785,s,24.269297,s,129.6,mV
2026-04-16,13:54:27.825781,1776340467.825781,s,24.519293,s,129.6,mV
2026-04-16,13:54:28.075983,1776340468.075983,s,24.769495,s,129.6,mV
2026-04-16,13:54:28.326264,1776340468.326264,s,25.019776,s,133.8,mV
2026-04-16,13:54:28.576283,1776340468.576283,s,25.269795,s,133.8,mV
2026-04-16,13:54:28.826718,1776340468.826718,s,25.52023,s,134.1,mV
2026-04-16,13:54:29.076508,1776340469.076508,s,25.77002,s,134.1,mV
2026-04-16,13:54:29.327140,1776340469.32714,s,26.020652,s,126.7,mV
2026-04-16,13:54:29.577032,1776340469.577032,s,26.270544,s,126.7,mV
2026-04-16,13:54:29.827556,1776340469.827556,s,26.521068,s,126.7,mV
2026-04-16,13:54:30.084681,1776340470.084681,s,26.778193,s,123.2,mV
2026-04-16,13:54:30.327978,1776340470.327978,s,27.02149,s,123.2,mV
2026-04-16,13:54:30.585342,1776340470.585342,s,27.278854,s,123.2,mV
2026-04-16,13:54:30.828211,1776340470.828211,s,27.521723,s,123.2,mV
2026-04-16,13:54:31.085872,1776340471.085872,s,27.779384,s,96.7,mV
2026-04-16,13:54:31.328630,1776340471.32863,s,28.022142,s,96.7,mV
2026-04-16,13:54:31.586390,1776340471.58639,s,28.279902,s,95.3,mV
2026-04-16,13:54:31.829060,1776340471.82906,s,28.522572,s,95.3,mV
2026-04-16,13:54:32.086785,1776340472.086785,s,28.780297,s,95.3,mV
2026-04-16,13:54:32.329466,1776340472.329466,s,29.022978,s,178.0,mV
2026-04-16,13:54:32.587275,1776340472.587275,s,29.280787,s,178.0,mV
2026-04-16,13:54:32.829676,1776340472.829676,s,29.523188,s,230.0,mV
2026-04-16,13:54:33.087789,1776340473.087789,s,29.781301,s,230.0,mV
2026-04-16,13:54:33.329862,1776340473.329862,s,30.023374,s,282.4,mV
2026-04-16,13:54:33.588319,1776340473.588319,s,30.281831,s,282.4,mV
2026-04-16,13:54:33.830155,1776340473.830155,s,30.523667,s,262.9,mV
2026-04-16,13:54:34.088790,1776340474.08879,s,30.782302,s,262.9,mV
2026-04-16,13:54:34.330542,1776340474.330542,s,31.024054,s,262.9,mV
2026-04-16,13:54:34.589327,1776340474.589327,s,31.282839,s,126.1,mV
2026-04-16,13:54:34.830901,1776340474.830901,s,31.524413,s,126.1,mV
2026-04-16,13:54:35.089693,1776340475.089693,s,31.783205,s,55.3,mV
2026-04-16,13:54:35.331378,1776340475.331378,s,32.02489,s,55.3,mV
2026-04-16,13:54:35.590127,1776340475.590127,s,32.283639,s,55.3,mV
2026-04-16,13:54:35.831863,1776340475.831863,s,32.525375,s,136.9,mV
2026-04-16,13:54:36.090557,1776340476.090557,s,32.784069,s,136.9,mV
2026-04-16,13:54:36.332321,1776340476.332321,s,33.025833,s,209.4,mV
2026-04-16,13:54:36.590981,1776340476.590981,s,33.284493,s,209.4,mV
2026-04-16,13:54:36.832771,1776340476.832771,s,33.526283,s,269.0,mV
2026-04-16,13:54:37.091377,1776340477.091377,s,33.784889,s,269.0,mV
2026-04-16,13:54:37.333197,1776340477.333197,s,34.026709,s,269.0,mV
2026-04-16,13:54:37.591867,1776340477.591867,s,34.285379,s,233.3,mV
2026-04-16,13:54:37.833660,1776340477.83366,s,34.527172,s,233.3,mV
2026-04-16,13:54:38.092084,1776340478.092084,s,34.785596,s,101.0,mV
2026-04-16,13:54:38.334093,1776340478.334093,s,35.027605,s,101.0,mV
2026-04-16,13:54:38.592528,1776340478.592528,s,35.28604,s,53.0,mV
2026-04-16,13:54:38.834454,1776340478.834454,s,35.527966,s,53.0,mV
2026-04-16,13:54:39.092810,1776340479.09281,s,35.786322,s,53.0,mV
2026-04-16,13:54:39.334931,1776340479.334931,s,36.028443,s,87.5,mV
2026-04-16,13:54:39.593233,1776340479.593233,s,36.286745,s,87.5,mV
2026-04-16,13:54:39.835324,1776340479.835324,s,36.528836,s,214.1,mV
2026-04-16,13:54:40.093578,1776340480.093578,s,36.78709,s,214.1,mV
2026-04-16,13:54:40.335669,1776340480.335669,s,37.029181,s,259.6,mV
2026-04-16,13:54:40.594065,1776340480.594065,s,37.287577,s,259.6,mV
2026-04-16,13:54:40.835922,1776340480.835922,s,37.529434,s,259.6,mV
2026-04-16,13:54:41.094425,1776340481.094425,s,37.787937,s,155.0,mV
2026-04-16,13:54:41.336148,1776340481.336148,s,38.02966,s,155.0,mV
2026-04-16,13:54:41.594742,1776340481.594742,s,38.288254,s,92.5,mV
2026-04-16,13:54:41.836607,1776340481.836607,s,38.530119,s,92.5,mV
2026-04-16,13:54:42.094975,1776340482.094975,s,38.788487,s,92.5,mV
2026-04-16,13:54:42.336884,1776340482.336884,s,39.030396,s,56.8,mV
2026-04-16,13:54:42.595244,1776340482.595244,s,39.288756,s,56.8,mV
2026-04-16,13:54:42.837293,1776340482.837293,s,39.530805,s,149.2,mV
2026-04-16,13:54:43.095656,1776340483.095656,s,39.789168,s,149.2,mV
2026-04-16,13:54:43.337661,1776340483.337661,s,40.031173,s,149.2,mV
2026-04-16,13:54:43.595902,1776340483.595902,s,40.289414,s,253.5,mV
2026-04-16,13:54:43.838082,1776340483.838082,s,40.531594,s,253.5,mV
2026-04-16,13:54:44.096233,1776340484.096233,s,40.789745,s,262.2,mV
2026-04-16,13:54:44.338489,1776340484.338489,s,41.032001,s,262.2,mV
2026-04-16,13:54:44.596550,1776340484.59655,s,41.290062,s,262.2,mV
2026-04-16,13:54:44.838821,1776340484.838821,s,41.532333,s,262.2,mV
2026-04-16,13:54:45.096906,1776340485.096906,s,41.790418,s,262.2,mV
2026-04-16,13:54:45.339043,1776340485.339043,s,42.032555,s,60.0,mV
2026-04-16,13:54:45.597226,1776340485.597226,s,42.290738,s,60.0,mV
2026-04-16,13:54:45.839357,1776340485.839357,s,42.532869,s,56.1,mV
2026-04-16,13:54:46.097594,1776340486.097594,s,42.791106,s,56.1,mV
2026-04-16,13:54:46.339668,1776340486.339668,s,43.03318,s,56.1,mV
2026-04-16,13:54:46.597913,1776340486.597913,s,43.291425,s,158.7,mV
2026-04-16,13:54:46.839895,1776340486.839895,s,43.533407,s,158.7,mV
2026-04-16,13:54:47.098429,1776340487.098429,s,43.791941,s,221.1,mV
2026-04-16,13:54:47.340169,1776340487.340169,s,44.033681,s,221.1,mV
2026-04-16,13:54:47.598765,1776340487.598765,s,44.292277,s,221.1,mV
2026-04-16,13:54:47.840432,1776340487.840432,s,44.533944,s,256.5,mV
2026-04-16,13:54:48.098977,1776340488.098977,s,44.792489,s,256.5,mV
2026-04-16,13:54:48.340622,1776340488.340622,s,45.034134,s,150.3,mV
2026-04-16,13:54:48.599475,1776340488.599475,s,45.292987,s,150.3,mV
2026-04-16,13:54:48.840773,1776340488.840773,s,45.534285,s,54.7,mV
2026-04-16,13:54:49.099972,1776340489.099972,s,45.793484,s,54.7,mV
2026-04-16,13:54:49.341012,1776340489.341012,s,46.034524,s,54.7,mV
2026-04-16,13:54:49.600496,1776340489.600496,s,46.294008,s,57.3,mV
2026-04-16,13:54:49.841484,1776340489.841484,s,46.534996,s,57.3,mV
2026-04-16,13:54:50.100936,1776340490.100936,s,46.794448,s,153.6,mV
2026-04-16,13:54:50.341962,1776340490.341962,s,47.035474,s,153.6,mV
2026-04-16,13:54:50.601372,1776340490.601372,s,47.294884,s,257.6,mV
2026-04-16,13:54:50.842381,1776340490.842381,s,47.535893,s,257.6,mV
2026-04-16,13:54:51.101770,1776340491.10177,s,47.795282,s,257.6,mV
2026-04-16,13:54:51.342844,1776340491.342844,s,48.036356,s,266.1,mV
2026-04-16,13:54:51.602183,1776340491.602183,s,48.295695,s,266.1,mV
2026-04-16,13:54:51.843298,1776340491.843298,s,48.53681,s,179.5,mV
2026-04-16,13:54:52.102550,1776340492.10255,s,48.796062,s,179.5,mV
2026-04-16,13:54:52.343777,1776340492.343777,s,49.037289,s,69.6,mV
2026-04-16,13:54:52.602999,1776340492.602999,s,49.296511,s,69.6,mV
2026-04-16,13:54:52.844258,1776340492.844258,s,49.53777,s,69.6,mV
2026-04-16,13:54:53.103433,1776340493.103433,s,49.796945,s,46.7,mV
2026-04-16,13:54:53.344721,1776340493.344721,s,50.038233,s,46.7,mV
2026-04-16,13:54:53.604022,1776340493.604022,s,50.297534,s,46.7,mV
2026-04-16,13:54:53.845204,1776340493.845204,s,50.538716,s,111.7,mV
2026-04-16,13:54:54.104436,1776340494.104436,s,50.797948,s,111.7,mV
2026-04-16,13:54:54.345607,1776340494.345607,s,51.039119,s,227.9,mV
2026-04-16,13:54:54.604736,1776340494.604736,s,51.298248,s,227.9,mV
2026-04-16,13:54:54.846016,1776340494.846016,s,51.539528,s,227.9,mV
2026-04-16,13:54:55.104955,1776340495.104955,s,51.798467,s,244.9,mV
2026-04-16,13:54:55.346464,1776340495.346464,s,52.039976,s,244.9,mV
2026-04-16,13:54:55.605398,1776340495.605398,s,52.29891,s,192.0,mV
2026-04-16,13:54:55.846893,1776340495.846893,s,52.540405,s,192.0,mV
2026-04-16,13:54:56.105714,1776340496.105714,s,52.799226,s,75.0,mV
2026-04-16,13:54:56.347360,1776340496.34736,s,53.040872,s,75.0,mV
2026-04-16,13:54:56.606094,1776340496.606094,s,53.299606,s,75.0,mV
2026-04-16,13:54:56.847779,1776340496.847779,s,53.541291,s,66.7,mV
2026-04-16,13:54:57.106296,1776340497.106296,s,53.799808,s,66.7,mV
2026-04-16,13:54:57.348001,1776340497.348001,s,54.041513,s,114.3,mV
2026-04-16,13:54:57.606636,1776340497.606636,s,54.300148,s,114.3,mV
2026-04-16,13:54:57.848362,1776340497.848362,s,54.541874,s,114.3,mV
2026-04-16,13:54:58.107129,1776340498.107129,s,54.800641,s,234.1,mV
2026-04-16,13:54:58.348765,1776340498.348765,s,55.042277,s,234.1,mV
2026-04-16,13:54:58.607604,1776340498.607604,s,55.301116,s,251.7,mV
2026-04-16,13:54:58.848941,1776340498.848941,s,55.542453,s,251.7,mV
2026-04-16,13:54:59.108050,1776340499.10805,s,55.801562,s,202.7,mV
2026-04-16,13:54:59.349144,1776340499.349144,s,56.042656,s,202.7,mV
2026-04-16,13:54:59.608528,1776340499.608528,s,56.30204,s,202.7,mV
2026-04-16,13:54:59.849459,1776340499.849459,s,56.542971,s,76.8,mV
2026-04-16,13:55:00.108979,1776340500.108979,s,56.802491,s,76.8,mV
2026-04-16,13:55:00.349793,1776340500.349793,s,57.043305,s,49.3,mV
2026-04-16,13:55:00.609498,1776340500.609498,s,57.30301,s,49.3,mV
2026-04-16,13:55:00.850008,1776340500.850008,s,57.54352,s,104.2,mV
2026-04-16,13:55:01.109950,1776340501.10995,s,57.803462,s,104.2,mV
2026-04-16,13:55:01.350281,1776340501.350281,s,58.043793,s,104.2,mV
2026-04-16,13:55:01.610475,1776340501.610475,s,58.303987,s,226.9,mV
2026-04-16,13:55:01.850546,1776340501.850546,s,58.544058,s,226.9,mV
2026-04-16,13:55:02.110864,1776340502.110864,s,58.804376,s,269.8,mV
2026-04-16,13:55:02.350847,1776340502.350847,s,59.044359,s,269.8,mV
2026-04-16,13:55:02.611299,1776340502.611299,s,59.304811,s,269.8,mV
2026-04-16,13:55:02.851266,1776340502.851266,s,59.544778,s,239.5,mV
2026-04-16,13:55:03.111632,1776340503.111632,s,59.805144,s,239.5,mV
2026-04-16,13:55:03.351907,1776340503.351907,s,60.045419,s,108.9,mV
2026-04-16,13:55:03.612166,1776340503.612166,s,60.305678,s,108.9,mV
2026-04-16,13:55:03.852440,1776340503.85244,s,60.545952,s,59.2,mV
2026-04-16,13:55:04.112636,1776340504.112636,s,60.806148,s,59.2,mV
2026-04-16,13:55:04.352920,1776340504.35292,s,61.046432,s,59.2,mV
2026-04-16,13:55:04.613145,1776340504.613145,s,61.306657,s,82.2,mV
2026-04-16,13:55:04.853338,1776340504.853338,s,61.54685,s,82.2,mV
2026-04-16,13:55:05.113605,1776340505.113605,s,61.807117,s,192.2,mV
2026-04-16,13:55:05.353789,1776340505.353789,s,62.047301,s,192.2,mV
2026-04-16,13:55:05.613878,1776340505.613878,s,62.30739,s,244.6,mV
2026-04-16,13:55:05.854141,1776340505.854141,s,62.547653,s,244.6,mV
2026-04-16,13:55:06.114297,1776340506.114297,s,62.807809,s,244.6,mV
2026-04-16,13:55:06.354617,1776340506.354617,s,63.048129,s,263.8,mV
2026-04-16,13:55:06.614771,1776340506.614771,s,63.308283,s,263.8,mV
2026-04-16,13:55:06.854964,1776340506.854964,s,63.548476,s,263.8,mV
2026-04-16,13:55:07.114978,1776340507.114978,s,63.80849,s,150.2,mV
2026-04-16,13:55:07.355479,1776340507.355479,s,64.048991,s,150.2,mV
2026-04-16,13:55:07.615364,1776340507.615364,s,64.308876,s,90.3,mV
2026-04-16,13:55:07.855800,1776340507.8558,s,64.549312,s,90.3,mV
2026-04-16,13:55:08.115693,1776340508.115693,s,64.809205,s,90.3,mV
2026-04-16,13:55:08.356049,1776340508.356049,s,65.049561,s,90.3,mV
2026-04-16,13:55:08.615951,1776340508.615951,s,65.309463,s,90.3,mV
2026-04-16,13:55:08.856407,1776340508.856407,s,65.549919,s,151.8,mV
2026-04-16,13:55:09.116264,1776340509.116264,s,65.809776,s,151.8,mV
2026-04-16,13:55:09.356894,1776340509.356894,s,66.050406,s,151.8,mV
2026-04-16,13:55:09.616593,1776340509.616593,s,66.310105,s,259.2,mV
2026-04-16,13:55:09.857416,1776340509.857416,s,66.550928,s,259.2,mV
2026-04-16,13:55:10.116866,1776340510.116866,s,66.810378,s,263.9,mV
2026-04-16,13:55:10.357904,1776340510.357904,s,67.051416,s,263.9,mV
2026-04-16,13:55:10.617161,1776340510.617161,s,67.310673,s,182.1,mV
2026-04-16,13:55:10.858225,1776340510.858225,s,67.551737,s,182.1,mV
2026-04-16,13:55:11.117579,1776340511.117579,s,67.811091,s,117.0,mV
2026-04-16,13:55:11.358619,1776340511.358619,s,68.052131,s,117.0,mV
2026-04-16,13:55:11.617995,1776340511.617995,s,68.311507,s,117.0,mV
2026-04-16,13:55:11.858875,1776340511.858875,s,68.552387,s,45.4,mV
2026-04-16,13:55:12.118480,1776340512.11848,s,68.811992,s,45.4,mV
2026-04-16,13:55:12.359094,1776340512.359094,s,69.052606,s,96.0,mV
2026-04-16,13:55:12.618909,1776340512.618909,s,69.312421,s,96.0,mV
2026-04-16,13:55:12.859409,1776340512.859409,s,69.552921,s,156.8,mV
2026-04-16,13:55:13.119396,1776340513.119396,s,69.812908,s,156.8,mV
2026-04-16,13:55:13.359724,1776340513.359724,s,70.053236,s,156.8,mV
2026-04-16,13:55:13.619810,1776340513.61981,s,70.313322,s,255.8,mV
2026-04-16,13:55:13.859950,1776340513.85995,s,70.553462,s,255.8,mV
2026-04-16,13:55:14.120276,1776340514.120276,s,70.813788,s,237.7,mV
2026-04-16,13:55:14.360262,1776340514.360262,s,71.053774,s,237.7,mV
2026-04-16,13:55:14.620735,1776340514.620735,s,71.314247,s,237.7,mV
2026-04-16,13:55:14.860583,1776340514.860583,s,71.554095,s,237.7,mV
2026-04-16,13:55:15.121153,1776340515.121153,s,71.814665,s,237.7,mV
2026-04-16,13:55:15.360885,1776340515.360885,s,72.054397,s,70.9,mV
2026-04-16,13:55:15.621673,1776340515.621673,s,72.315185,s,70.9,mV
2026-04-16,13:55:15.861141,1776340515.861141,s,72.554653,s,70.9,mV
2026-04-16,13:55:16.122156,1776340516.122156,s,72.815668,s,61.6,mV
2026-04-16,13:55:16.361416,1776340516.361416,s,73.054928,s,61.6,mV
2026-04-16,13:55:16.622671,1776340516.622671,s,73.316183,s,114.3,mV
2026-04-16,13:55:16.861781,1776340516.861781,s,73.555293,s,114.3,mV
2026-04-16,13:55:17.123118,1776340517.123118,s,73.81663,s,229.0,mV
2026-04-16,13:55:17.362046,1776340517.362046,s,74.055558,s,229.0,mV
2026-04-16,13:55:17.623584,1776340517.623584,s,74.317096,s,229.0,mV
2026-04-16,13:55:17.862565,1776340517.862565,s,74.556077,s,260.6,mV
2026-04-16,13:55:18.123969,1776340518.123969,s,74.817481,s,260.6,mV
2026-04-16,13:55:18.363015,1776340518.363015,s,75.056527,s,260.6,mV
2026-04-16,13:55:18.624410,1776340518.62441,s,75.317922,s,172.9,mV
2026-04-16,13:55:18.863517,1776340518.863517,s,75.557029,s,172.9,mV
2026-04-16,13:55:19.124853,1776340519.124853,s,75.818365,s,102.9,mV
2026-04-16,13:55:19.363966,1776340519.363966,s,76.057478,s,102.9,mV
2026-04-16,13:55:19.625301,1776340519.625301,s,76.318813,s,44.8,mV
2026-04-16,13:55:19.864476,1776340519.864476,s,76.557988,s,44.8,mV
2026-04-16,13:55:20.125738,1776340520.125738,s,76.81925,s,44.8,mV
2026-04-16,13:55:20.364932,1776340520.364932,s,77.058444,s,106.6,mV
2026-04-16,13:55:20.626174,1776340520.626174,s,77.319686,s,106.6,mV
2026-04-16,13:55:20.865162,1776340520.865162,s,77.558674,s,106.6,mV
2026-04-16,13:55:21.126569,1776340521.126569,s,77.820081,s,225.0,mV
2026-04-16,13:55:21.365769,1776340521.365769,s,78.059281,s,225.0,mV
2026-04-16,13:55:21.626974,1776340521.626974,s,78.320486,s,263.1,mV
2026-04-16,13:55:21.866171,1776340521.866171,s,78.559683,s,263.1,mV
2026-04-16,13:55:22.127365,1776340522.127365,s,78.820877,s,236.1,mV
2026-04-16,13:55:22.366674,1776340522.366674,s,79.060186,s,236.1,mV
2026-04-16,13:55:22.627777,1776340522.627777,s,79.321289,s,236.1,mV
2026-04-16,13:55:22.867129,1776340522.867129,s,79.560641,s,173.6,mV
2026-04-16,13:55:23.128165,1776340523.128165,s,79.821677,s,173.6,mV
2026-04-16,13:55:23.367579,1776340523.367579,s,80.061091,s,62.6,mV
2026-04-16,13:55:23.628558,1776340523.628558,s,80.32207,s,62.6,mV
2026-04-16,13:55:23.868039,1776340523.868039,s,80.561551,s,62.6,mV
2026-04-16,13:55:24.128926,1776340524.128926,s,80.822438,s,62.1,mV
2026-04-16,13:55:24.368494,1776340524.368494,s,81.062006,s,62.1,mV
2026-04-16,13:55:24.629281,1776340524.629281,s,81.322793,s,110.6,mV
2026-04-16,13:55:24.868847,1776340524.868847,s,81.562359,s,110.6,mV
2026-04-16,13:55:25.129610,1776340525.12961,s,81.823122,s,224.1,mV
2026-04-16,13:55:25.369293,1776340525.369293,s,82.062805,s,224.1,mV
2026-04-16,13:55:25.629877,1776340525.629877,s,82.323389,s,224.1,mV
2026-04-16,13:55:25.869542,1776340525.869542,s,82.563054,s,259.9,mV
2026-04-16,13:55:26.130264,1776340526.130264,s,82.823776,s,259.9,mV
2026-04-16,13:55:26.369737,1776340526.369737,s,83.063249,s,230.4,mV
2026-04-16,13:55:26.630723,1776340526.630723,s,83.324235,s,230.4,mV
2026-04-16,13:55:26.870140,1776340526.87014,s,83.563652,s,110.3,mV
2026-04-16,13:55:27.131251,1776340527.131251,s,83.824763,s,110.3,mV
2026-04-16,13:55:27.370519,1776340527.370519,s,84.064031,s,110.3,mV
2026-04-16,13:55:27.631779,1776340527.631779,s,84.325291,s,59.6,mV
2026-04-16,13:55:27.870822,1776340527.870822,s,84.564334,s,59.6,mV
2026-04-16,13:55:28.132044,1776340528.132044,s,84.825556,s,63.4,mV
2026-04-16,13:55:28.371038,1776340528.371038,s,85.06455,s,63.4,mV
2026-04-16,13:55:28.632540,1776340528.63254,s,85.326052,s,160.0,mV
2026-04-16,13:55:28.871337,1776340528.871337,s,85.564849,s,160.0,mV
2026-04-16,13:55:29.132959,1776340529.132959,s,85.826471,s,160.0,mV
2026-04-16,13:55:29.371648,1776340529.371648,s,86.06516,s,251.3,mV
2026-04-16,13:55:29.633475,1776340529.633475,s,86.326987,s,251.3,mV
2026-04-16,13:55:29.871886,1776340529.871886,s,86.565398,s,257.7,mV
2026-04-16,13:55:30.133944,1776340530.133944,s,86.827456,s,257.7,mV
2026-04-16,13:55:30.372191,1776340530.372191,s,87.065703,s,191.4,mV
2026-04-16,13:55:30.634270,1776340530.63427,s,87.327782,s,191.4,mV
2026-04-16,13:55:30.872483,1776340530.872483,s,87.565995,s,191.4,mV
2026-04-16,13:55:31.134579,1776340531.134579,s,87.828091,s,78.2,mV
2026-04-16,13:55:31.372777,1776340531.372777,s,88.066289,s,78.2,mV
2026-04-16,13:55:31.634898,1776340531.634898,s,88.32841,s,47.5,mV
2026-04-16,13:55:31.873022,1776340531.873022,s,88.566534,s,47.5,mV
2026-04-16,13:55:32.135218,1776340532.135218,s,88.82873,s,47.5,mV
2026-04-16,13:55:32.373299,1776340532.373299,s,89.066811,s,82.0,mV
2026-04-16,13:55:32.635663,1776340532.635663,s,89.329175,s,82.0,mV
2026-04-16,13:55:32.873644,1776340532.873644,s,89.567156,s,194.1,mV
2026-04-16,13:55:33.136174,1776340533.136174,s,89.829686,s,194.1,mV
2026-04-16,13:55:33.374098,1776340533.374098,s,90.06761,s,194.1,mV
2026-04-16,13:55:33.636685,1776340533.636685,s,90.330197,s,251.2,mV
2026-04-16,13:55:33.874627,1776340533.874627,s,90.568139,s,251.2,mV
2026-04-16,13:55:34.137127,1776340534.137127,s,90.830639,s,263.4,mV
2026-04-16,13:55:34.375049,1776340534.375049,s,91.068561,s,263.4,mV
2026-04-16,13:55:34.637336,1776340534.637336,s,91.330848,s,263.4,mV
2026-04-16,13:55:34.875473,1776340534.875473,s,91.568985,s,162.2,mV
2026-04-16,13:55:35.137697,1776340535.137697,s,91.831209,s,162.2,mV
2026-04-16,13:55:35.375915,1776340535.375915,s,92.069427,s,60.9,mV
2026-04-16,13:55:35.638161,1776340535.638161,s,92.331673,s,60.9,mV
2026-04-16,13:55:35.876165,1776340535.876165,s,92.569677,s,43.7,mV
2026-04-16,13:55:36.138533,1776340536.138533,s,92.832045,s,43.7,mV
2026-04-16,13:55:36.376628,1776340536.376628,s,93.07014,s,43.7,mV
2026-04-16,13:55:36.638978,1776340536.638978,s,93.33249,s,100.9,mV
2026-04-16,13:55:36.877090,1776340536.87709,s,93.570602,s,100.9,mV
2026-04-16,13:55:37.139415,1776340537.139415,s,93.832927,s,170.3,mV
2026-04-16,13:55:37.377511,1776340537.377511,s,94.071023,s,170.3,mV
2026-04-16,13:55:37.639859,1776340537.639859,s,94.333371,s,170.3,mV
2026-04-16,13:55:37.877959,1776340537.877959,s,94.571471,s,267.4,mV
2026-04-16,13:55:38.140226,1776340538.140226,s,94.833738,s,267.4,mV
2026-04-16,13:55:38.378427,1776340538.378427,s,95.071939,s,253.0,mV
2026-04-16,13:55:38.640698,1776340538.640698,s,95.33421,s,253.0,mV
2026-04-16,13:55:38.878927,1776340538.878927,s,95.572439,s,208.4,mV
2026-04-16,13:55:39.140946,1776340539.140946,s,95.834458,s,208.4,mV
2026-04-16,13:55:39.379372,1776340539.379372,s,96.072884,s,208.4,mV
2026-04-16,13:55:39.641242,1776340539.641242,s,96.334754,s,80.5,mV
2026-04-16,13:55:39.879852,1776340539.879852,s,96.573364,s,80.5,mV
2026-04-16,13:55:40.141511,1776340540.141511,s,96.835023,s,47.3,mV
2026-04-16,13:55:40.380250,1776340540.38025,s,97.073762,s,47.3,mV
2026-04-16,13:55:40.641807,1776340540.641807,s,97.335319,s,47.3,mV
2026-04-16,13:55:40.880551,1776340540.880551,s,97.574063,s,127.0,mV
2026-04-16,13:55:41.142276,1776340541.142276,s,97.835788,s,127.0,mV
2026-04-16,13:55:41.380796,1776340541.380796,s,98.074308,s,186.7,mV
2026-04-16,13:55:41.642600,1776340541.6426,s,98.336112,s,186.7,mV
2026-04-16,13:55:41.881244,1776340541.881244,s,98.574756,s,266.5,mV
2026-04-16,13:55:42.143109,1776340542.143109,s,98.836621,s,266.5,mV
2026-04-16,13:55:42.381651,1776340542.381651,s,99.075163,s,266.5,mV
2026-04-16,13:55:42.643621,1776340542.643621,s,99.337133,s,244.1,mV
2026-04-16,13:55:42.882111,1776340542.882111,s,99.575623,s,244.1,mV
2026-04-16,13:55:43.144152,1776340543.144152,s,99.837664,s,191.2,mV
2026-04-16,13:55:43.382396,1776340543.382396,s,100.075908,s,191.2,mV
2026-04-16,13:55:43.644855,1776340543.644855,s,100.338367,s,81.3,mV
2026-04-16,13:55:43.882757,1776340543.882757,s,100.576269,s,81.3,mV
2026-04-16,13:55:44.145309,1776340544.145309,s,100.838821,s,42.8,mV
2026-04-16,13:55:44.383223,1776340544.383223,s,101.076735,s,42.8,mV
2026-04-16,13:55:44.645527,1776340544.645527,s,101.339039,s,42.8,mV
2026-04-16,13:55:44.883720,1776340544.88372,s,101.577232,s,60.9,mV
2026-04-16,13:55:45.146058,1776340545.146058,s,101.83957,s,60.9,mV
2026-04-16,13:55:45.384160,1776340545.38416,s,102.077672,s,164.1,mV
2026-04-16,13:55:45.646593,1776340545.646593,s,102.340105,s,164.1,mV
2026-04-16,13:55:45.884403,1776340545.884403,s,102.577915,s,249.5,mV
2026-04-16,13:55:46.147048,1776340546.147048,s,102.84056,s,249.5,mV
2026-04-16,13:55:46.384694,1776340546.384694,s,103.078206,s,249.5,mV
2026-04-16,13:55:46.647496,1776340546.647496,s,103.341008,s,247.6,mV
2026-04-16,13:55:46.885011,1776340546.885011,s,103.578523,s,247.6,mV
2026-04-16,13:55:47.148020,1776340547.14802,s,103.841532,s,207.9,mV
2026-04-16,13:55:47.385473,1776340547.385473,s,104.078985,s,207.9,mV
2026-04-16,13:55:47.648372,1776340547.648372,s,104.341884,s,207.9,mV
2026-04-16,13:55:47.885742,1776340547.885742,s,104.579254,s,92.1,mV
2026-04-16,13:55:48.148833,1776340548.148833,s,104.842345,s,92.1,mV
2026-04-16,13:55:48.386242,1776340548.386242,s,105.079754,s,50.3,mV
2026-04-16,13:55:48.649255,1776340548.649255,s,105.342767,s,50.3,mV
2026-04-16,13:55:48.886698,1776340548.886698,s,105.58021,s,62.2,mV
2026-04-16,13:55:49.149737,1776340549.149737,s,105.843249,s,62.2,mV
2026-04-16,13:55:49.387160,1776340549.38716,s,106.080672,s,62.2,mV
2026-04-16,13:55:49.650096,1776340549.650096,s,106.343608,s,153.9,mV
2026-04-16,13:55:49.887515,1776340549.887515,s,106.581027,s,153.9,mV
2026-04-16,13:55:50.150536,1776340550.150536,s,106.844048,s,202.6,mV
2026-04-16,13:55:50.388044,1776340550.388044,s,107.081556,s,202.6,mV
2026-04-16,13:55:50.650977,1776340550.650977,s,107.344489,s,264.0,mV
2026-04-16,13:55:50.888615,1776340550.888615,s,107.582127,s,264.0,mV
2026-04-16,13:55:51.151404,1776340551.151404,s,107.844916,s,264.0,mV
2026-04-16,13:55:51.389075,1776340551.389075,s,108.082587,s,208.8,mV
2026-04-16,13:55:51.651739,1776340551.651739,s,108.345251,s,208.8,mV
2026-04-16,13:55:51.889372,1776340551.889372,s,108.582884,s,95.4,mV
2026-04-16,13:55:52.152202,1776340552.152202,s,108.845714,s,95.4,mV
2026-04-16,13:55:52.389605,1776340552.389605,s,109.083117,s,95.4,mV
2026-04-16,13:55:52.652617,1776340552.652617,s,109.346129,s,58.1,mV
2026-04-16,13:55:52.889885,1776340552.889885,s,109.583397,s,58.1,mV
2026-04-16,13:55:53.153019,1776340553.153019,s,109.846531,s,61.0,mV
2026-04-16,13:55:53.390351,1776340553.390351,s,110.083863,s,61.0,mV
2026-04-16,13:55:53.653334,1776340553.653334,s,110.346846,s,98.5,mV
2026-04-16,13:55:53.890838,1776340553.890838,s,110.58435,s,98.5,mV
2026-04-16,13:55:54.153540,1776340554.15354,s,110.847052,s,98.5,mV
2026-04-16,13:55:54.391291,1776340554.391291,s,111.084803,s,214.9,mV
2026-04-16,13:55:54.653840,1776340554.65384,s,111.347352,s,214.9,mV
2026-04-16,13:55:54.891717,1776340554.891717,s,111.585229,s,268.0,mV
2026-04-16,13:55:55.154115,1776340555.154115,s,111.847627,s,268.0,mV
2026-04-16,13:55:55.392215,1776340555.392215,s,112.085727,s,249.8,mV
2026-04-16,13:55:55.654605,1776340555.654605,s,112.348117,s,249.8,mV
2026-04-16,13:55:55.892699,1776340555.892699,s,112.586211,s,249.8,mV
2026-04-16,13:55:56.154949,1776340556.154949,s,112.848461,s,154.4,mV
2026-04-16,13:55:56.392981,1776340556.392981,s,113.086493,s,154.4,mV
2026-04-16,13:55:56.655394,1776340556.655394,s,113.348906,s,58.8,mV
2026-04-16,13:55:56.893455,1776340556.893455,s,113.586967,s,58.8,mV
2026-04-16,13:55:57.155791,1776340557.155791,s,113.849303,s,58.8,mV
2026-04-16,13:55:57.393976,1776340557.393976,s,114.087488,s,43.9,mV
2026-04-16,13:55:57.656299,1776340557.656299,s,114.349811,s,43.9,mV
2026-04-16,13:55:57.894444,1776340557.894444,s,114.587956,s,107.0,mV
2026-04-16,13:55:58.156772,1776340558.156772,s,114.850284,s,107.0,mV
2026-04-16,13:55:58.394826,1776340558.394826,s,115.088338,s,107.0,mV
2026-04-16,13:55:58.657293,1776340558.657293,s,115.350805,s,219.2,mV
2026-04-16,13:55:58.895288,1776340558.895288,s,115.5888,s,219.2,mV
2026-04-16,13:55:59.157740,1776340559.15774,s,115.851252,s,253.0,mV
2026-04-16,13:55:59.395793,1776340559.395793,s,116.089305,s,253.0,mV
2026-04-16,13:55:59.658205,1776340559.658205,s,116.351717,s,235.2,mV
2026-04-16,13:55:59.896278,1776340559.896278,s,116.58979,s,235.2,mV
2026-04-16,13:56:00.158717,1776340560.158717,s,116.852229,s,235.2,mV
2026-04-16,13:56:00.396700,1776340560.3967,s,117.090212,s,235.2,mV
2026-04-16,13:56:00.659224,1776340560.659224,s,117.352736,s,235.2,mV
2026-04-16,13:56:00.896932,1776340560.896932,s,117.590444,s,79.6,mV
2026-04-16,13:56:01.159737,1776340561.159737,s,117.853249,s,79.6,mV
2026-04-16,13:56:01.397151,1776340561.397151,s,118.090663,s,44.4,mV
2026-04-16,13:56:01.660252,1776340561.660252,s,118.353764,s,44.4,mV
2026-04-16,13:56:01.897598,1776340561.897598,s,118.59111,s,44.4,mV
2026-04-16,13:56:02.160698,1776340562.160698,s,118.85421,s,122.6,mV
2026-04-16,13:56:02.398044,1776340562.398044,s,119.091556,s,122.6,mV
2026-04-16,13:56:02.661175,1776340562.661175,s,119.354687,s,191.9,mV
2026-04-16,13:56:02.898487,1776340562.898487,s,119.591999,s,191.9,mV
2026-04-16,13:56:03.161648,1776340563.161648,s,119.85516,s,259.3,mV
2026-04-16,13:56:03.398950,1776340563.39895,s,120.092462,s,259.3,mV
2026-04-16,13:56:03.662102,1776340563.662102,s,120.355614,s,259.3,mV
2026-04-16,13:56:03.899431,1776340563.899431,s,120.592943,s,225.0,mV
2026-04-16,13:56:04.162538,1776340564.162538,s,120.85605,s,225.0,mV
2026-04-16,13:56:04.399790,1776340564.39979,s,121.093302,s,225.0,mV
2026-04-16,13:56:04.662913,1776340564.662913,s,121.356425,s,225.0,mV
2026-04-16,13:56:04.900269,1776340564.900269,s,121.593781,s,225.0,mV
2026-04-16,13:56:05.163375,1776340565.163375,s,121.856887,s,64.3,mV
2026-04-16,13:56:05.400857,1776340565.400857,s,122.094369,s,64.3,mV
2026-04-16,13:56:05.663824,1776340565.663824,s,122.357336,s,64.3,mV
2026-04-16,13:56:05.901372,1776340565.901372,s,122.594884,s,49.0,mV
2026-04-16,13:56:06.164038,1776340566.164038,s,122.85755,s,49.0,mV
2026-04-16,13:56:06.401970,1776340566.40197,s,123.095482,s,85.0,mV
2026-04-16,13:56:06.664477,1776340566.664477,s,123.357989,s,85.0,mV
2026-04-16,13:56:06.902437,1776340566.902437,s,123.595949,s,195.6,mV
2026-04-16,13:56:07.164887,1776340567.164887,s,123.858399,s,195.6,mV
2026-04-16,13:56:07.402895,1776340567.402895,s,124.096407,s,195.6,mV
2026-04-16,13:56:07.665344,1776340567.665344,s,124.358856,s,267.1,mV
2026-04-16,13:56:07.903355,1776340567.903355,s,124.596867,s,267.1,mV
2026-04-16,13:56:08.165612,1776340568.165612,s,124.859124,s,267.1,mV
2026-04-16,13:56:08.403826,1776340568.403826,s,125.097338,s,234.4,mV
2026-04-16,13:56:08.666031,1776340568.666031,s,125.359543,s,234.4,mV
2026-04-16,13:56:08.904050,1776340568.90405,s,125.597562,s,176.4,mV
2026-04-16,13:56:09.166430,1776340569.16643,s,125.859942,s,176.4,mV
2026-04-16,13:56:09.404504,1776340569.404504,s,126.098016,s,80.1,mV
2026-04-16,13:56:09.666858,1776340569.666858,s,126.36037,s,80.1,mV
2026-04-16,13:56:09.904968,1776340569.904968,s,126.59848,s,38.4,mV
2026-04-16,13:56:10.167149,1776340570.167149,s,126.860661,s,38.4,mV
2026-04-16,13:56:10.405508,1776340570.405508,s,127.09902,s,38.4,mV
2026-04-16,13:56:10.667517,1776340570.667517,s,127.361029,s,38.4,mV
2026-04-16,13:56:10.905797,1776340570.905797,s,127.599309,s,38.4,mV
2026-04-16,13:56:11.167780,1776340571.16778,s,127.861292,s,144.0,mV
2026-04-16,13:56:11.406136,1776340571.406136,s,128.099648,s,144.0,mV
2026-04-16,13:56:11.668348,1776340571.668348,s,128.36186,s,144.0,mV
2026-04-16,13:56:11.906529,1776340571.906529,s,128.600041,s,249.6,mV
2026-04-16,13:56:12.168847,1776340572.168847,s,128.862359,s,249.6,mV
2026-04-16,13:56:12.406949,1776340572.406949,s,129.100461,s,265.4,mV
2026-04-16,13:56:12.669314,1776340572.669314,s,129.362826,s,265.4,mV
2026-04-16,13:56:12.907322,1776340572.907322,s,129.600834,s,265.4,mV
2026-04-16,13:56:13.169794,1776340573.169794,s,129.863306,s,226.8,mV
2026-04-16,13:56:13.407776,1776340573.407776,s,130.101288,s,226.8,mV
2026-04-16,13:56:13.670242,1776340573.670242,s,130.363754,s,118.8,mV
2026-04-16,13:56:13.908185,1776340573.908185,s,130.601697,s,118.8,mV
2026-04-16,13:56:14.170678,1776340574.170678,s,130.86419,s,44.0,mV
2026-04-16,13:56:14.408598,1776340574.408598,s,131.10211,s,44.0,mV
2026-04-16,13:56:14.670964,1776340574.670964,s,131.364476,s,44.0,mV
2026-04-16,13:56:14.909015,1776340574.909015,s,131.602527,s,49.0,mV
2026-04-16,13:56:15.171463,1776340575.171463,s,131.864975,s,49.0,mV
2026-04-16,13:56:15.409375,1776340575.409375,s,132.102887,s,144.2,mV
2026-04-16,13:56:15.671836,1776340575.671836,s,132.365348,s,144.2,mV
2026-04-16,13:56:15.909678,1776340575.909678,s,132.60319,s,144.2,mV
2026-04-16,13:56:16.172327,1776340576.172327,s,132.865839,s,206.2,mV
2026-04-16,13:56:16.409878,1776340576.409878,s,133.10339,s,206.2,mV
2026-04-16,13:56:16.672609,1776340576.672609,s,133.366121,s,266.6,mV
2026-04-16,13:56:16.910349,1776340576.910349,s,133.603861,s,266.6,mV
2026-04-16,13:56:17.173032,1776340577.173032,s,133.866544,s,231.5,mV
2026-04-16,13:56:17.410934,1776340577.410934,s,134.104446,s,231.5,mV
2026-04-16,13:56:17.673365,1776340577.673365,s,134.366877,s,231.5,mV
2026-04-16,13:56:17.911384,1776340577.911384,s,134.604896,s,231.5,mV
2026-04-16,13:56:18.173781,1776340578.173781,s,134.867293,s,231.5,mV
2026-04-16,13:56:18.411834,1776340578.411834,s,135.105346,s,76.2,mV
2026-04-16,13:56:18.674023,1776340578.674023,s,135.367535,s,76.2,mV
2026-04-16,13:56:18.912230,1776340578.91223,s,135.605742,s,76.2,mV
2026-04-16,13:56:19.174474,1776340579.174474,s,135.867986,s,39.4,mV
2026-04-16,13:56:19.412692,1776340579.412692,s,136.106204,s,39.4,mV
2026-04-16,13:56:19.674903,1776340579.674903,s,136.368415,s,62.4,mV
2026-04-16,13:56:19.913218,1776340579.913218,s,136.60673,s,62.4,mV
2026-04-16,13:56:20.175343,1776340580.175343,s,136.868855,s,164.9,mV
2026-04-16,13:56:20.413734,1776340580.413734,s,137.107246,s,164.9,mV
2026-04-16,13:56:20.675658,1776340580.675658,s,137.36917,s,164.9,mV
2026-04-16,13:56:20.914183,1776340580.914183,s,137.607695,s,251.0,mV
2026-04-16,13:56:21.175948,1776340581.175948,s,137.86946,s,251.0,mV
2026-04-16,13:56:21.414614,1776340581.414614,s,138.108126,s,260.4,mV
2026-04-16,13:56:21.676256,1776340581.676256,s,138.369768,s,260.4,mV
2026-04-16,13:56:21.915005,1776340581.915005,s,138.608517,s,260.4,mV
2026-04-16,13:56:22.176710,1776340582.17671,s,138.870222,s,194.4,mV
2026-04-16,13:56:22.415504,1776340582.415504,s,139.109016,s,194.4,mV
2026-04-16,13:56:22.676948,1776340582.676948,s,139.37046,s,90.1,mV
2026-04-16,13:56:22.915854,1776340582.915854,s,139.609366,s,90.1,mV
2026-04-16,13:56:23.177253,1776340583.177253,s,139.870765,s,49.4,mV
2026-04-16,13:56:23.416312,1776340583.416312,s,140.109824,s,49.4,mV
2026-04-16,13:56:23.677561,1776340583.677561,s,140.371073,s,49.4,mV
2026-04-16,13:56:23.916630,1776340583.91663,s,140.610142,s,42.9,mV
2026-04-16,13:56:24.178006,1776340584.178006,s,140.871518,s,42.9,mV
2026-04-16,13:56:24.417088,1776340584.417088,s,141.1106,s,73.5,mV
2026-04-16,13:56:24.678307,1776340584.678307,s,141.371819,s,73.5,mV
2026-04-16,13:56:24.917514,1776340584.917514,s,141.611026,s,180.9,mV
2026-04-16,13:56:25.178553,1776340585.178553,s,141.872065,s,180.9,mV
2026-04-16,13:56:25.417869,1776340585.417869,s,142.111381,s,180.9,mV
2026-04-16,13:56:25.678910,1776340585.67891,s,142.372422,s,257.1,mV
2026-04-16,13:56:25.918114,1776340585.918114,s,142.611626,s,257.1,mV
2026-04-16,13:56:26.179454,1776340586.179454,s,142.872966,s,248.1,mV
2026-04-16,13:56:26.418589,1776340586.418589,s,143.112101,s,248.1,mV
2026-04-16,13:56:26.679822,1776340586.679822,s,143.373334,s,209.7,mV
2026-04-16,13:56:26.919028,1776340586.919028,s,143.61254,s,209.7,mV
2026-04-16,13:56:27.180204,1776340587.180204,s,143.873716,s,209.7,mV
2026-04-16,13:56:27.419470,1776340587.41947,s,144.112982,s,105.2,mV
2026-04-16,13:56:27.680540,1776340587.68054,s,144.374052,s,105.2,mV
2026-04-16,13:56:27.919915,1776340587.919915,s,144.613427,s,58.3,mV
2026-04-16,13:56:28.181040,1776340588.18104,s,144.874552,s,58.3,mV
2026-04-16,13:56:28.420417,1776340588.420417,s,145.113929,s,42.4,mV
2026-04-16,13:56:28.681390,1776340588.68139,s,145.374902,s,42.4,mV
2026-04-16,13:56:28.920760,1776340588.92076,s,145.614272,s,42.4,mV
2026-04-16,13:56:29.181861,1776340589.181861,s,145.875373,s,118.4,mV
2026-04-16,13:56:29.421304,1776340589.421304,s,146.114816,s,118.4,mV
2026-04-16,13:56:29.682192,1776340589.682192,s,146.375704,s,180.1,mV
2026-04-16,13:56:29.921559,1776340589.921559,s,146.615071,s,180.1,mV
2026-04-16,13:56:30.182726,1776340590.182726,s,146.876238,s,258.0,mV
2026-04-16,13:56:30.422017,1776340590.422017,s,147.115529,s,258.0,mV
2026-04-16,13:56:30.682951,1776340590.682951,s,147.376463,s,258.0,mV
2026-04-16,13:56:30.922439,1776340590.922439,s,147.615951,s,261.6,mV
2026-04-16,13:56:31.183401,1776340591.183401,s,147.876913,s,261.6,mV
2026-04-16,13:56:31.422743,1776340591.422743,s,148.116255,s,196.2,mV
2026-04-16,13:56:31.683761,1776340591.683761,s,148.377273,s,196.2,mV
2026-04-16,13:56:31.922950,1776340591.92295,s,148.616462,s,196.2,mV
2026-04-16,13:56:32.184257,1776340592.184257,s,148.877769,s,100.5,mV
2026-04-16,13:56:32.423251,1776340592.423251,s,149.116763,s,100.5,mV
2026-04-16,13:56:32.684614,1776340592.684614,s,149.378126,s,38.8,mV
2026-04-16,13:56:32.923745,1776340592.923745,s,149.617257,s,38.8,mV
2026-04-16,13:56:33.184883,1776340593.184883,s,149.878395,s,38.8,mV
2026-04-16,13:56:33.424003,1776340593.424003,s,150.117515,s,38.8,mV
2026-04-16,13:56:33.685215,1776340593.685215,s,150.378727,s,38.8,mV
2026-04-16,13:56:33.924522,1776340593.924522,s,150.618034,s,141.4,mV
2026-04-16,13:56:34.185541,1776340594.185541,s,150.879053,s,141.4,mV
2026-04-16,13:56:34.424968,1776340594.424968,s,151.11848,s,232.2,mV
2026-04-16,13:56:34.685846,1776340594.685846,s,151.379358,s,232.2,mV
2026-04-16,13:56:34.925468,1776340594.925468,s,151.61898,s,256.0,mV
2026-04-16,13:56:35.186059,1776340595.186059,s,151.879571,s,256.0,mV
2026-04-16,13:56:35.425810,1776340595.42581,s,152.119322,s,256.0,mV
2026-04-16,13:56:35.686466,1776340595.686466,s,152.379978,s,230.5,mV
2026-04-16,13:56:35.926304,1776340595.926304,s,152.619816,s,230.5,mV
2026-04-16,13:56:36.186949,1776340596.186949,s,152.880461,s,230.5,mV
2026-04-16,13:56:36.426793,1776340596.426793,s,153.120305,s,230.5,mV
2026-04-16,13:56:36.687375,1776340596.687375,s,153.380887,s,230.5,mV
2026-04-16,13:56:36.927240,1776340596.92724,s,153.620752,s,80.1,mV
2026-04-16,13:56:37.187808,1776340597.187808,s,153.88132,s,80.1,mV
2026-04-16,13:56:37.427703,1776340597.427703,s,154.121215,s,36.2,mV
2026-04-16,13:56:37.688025,1776340597.688025,s,154.381537,s,36.2,mV
2026-04-16,13:56:37.928175,1776340597.928175,s,154.621687,s,36.2,mV
2026-04-16,13:56:38.188452,1776340598.188452,s,154.881964,s,36.2,mV
2026-04-16,13:56:38.428674,1776340598.428674,s,155.122186,s,36.2,mV
2026-04-16,13:56:38.688761,1776340598.688761,s,155.382273,s,164.7,mV
2026-04-16,13:56:38.929142,1776340598.929142,s,155.622654,s,164.7,mV
2026-04-16,13:56:39.188939,1776340599.188939,s,155.882451,s,164.7,mV
2026-04-16,13:56:39.429570,1776340599.42957,s,156.123082,s,216.9,mV
2026-04-16,13:56:39.689247,1776340599.689247,s,156.382759,s,216.9,mV
2026-04-16,13:56:39.930034,1776340599.930034,s,156.623546,s,260.1,mV
2026-04-16,13:56:40.189555,1776340600.189555,s,156.883067,s,260.1,mV
2026-04-16,13:56:40.430458,1776340600.430458,s,157.12397,s,203.7,mV
2026-04-16,13:56:40.689858,1776340600.689858,s,157.38337,s,203.7,mV
2026-04-16,13:56:40.930851,1776340600.930851,s,157.624363,s,150.5,mV
2026-04-16,13:56:41.190347,1776340601.190347,s,157.883859,s,150.5,mV
2026-04-16,13:56:41.431283,1776340601.431283,s,158.124795,s,150.5,mV
2026-04-16,13:56:41.690829,1776340601.690829,s,158.384341,s,58.4,mV
2026-04-16,13:56:41.931742,1776340601.931742,s,158.625254,s,58.4,mV
2026-04-16,13:56:42.191314,1776340602.191314,s,158.884826,s,43.9,mV
2026-04-16,13:56:42.432149,1776340602.432149,s,159.125661,s,43.9,mV
2026-04-16,13:56:42.691782,1776340602.691782,s,159.385294,s,43.9,mV
2026-04-16,13:56:42.932521,1776340602.932521,s,159.626033,s,71.9,mV
2026-04-16,13:56:43.192292,1776340603.192292,s,159.885804,s,71.9,mV
2026-04-16,13:56:43.432978,1776340603.432978,s,160.12649,s,168.0,mV
2026-04-16,13:56:43.692804,1776340603.692804,s,160.386316,s,168.0,mV
2026-04-16,13:56:43.933423,1776340603.933423,s,160.626935,s,168.0,mV
2026-04-16,13:56:44.193301,1776340604.193301,s,160.886813,s,258.2,mV
2026-04-16,13:56:44.433885,1776340604.433885,s,161.127397,s,258.2,mV
2026-04-16,13:56:44.693821,1776340604.693821,s,161.387333,s,272.7,mV
2026-04-16,13:56:44.934158,1776340604.934158,s,161.62767,s,272.7,mV
2026-04-16,13:56:45.194314,1776340605.194314,s,161.887826,s,228.8,mV
2026-04-16,13:56:45.434652,1776340605.434652,s,162.128164,s,228.8,mV
2026-04-16,13:56:45.694854,1776340605.694854,s,162.388366,s,228.8,mV
2026-04-16,13:56:45.935126,1776340605.935126,s,162.628638,s,122.2,mV
2026-04-16,13:56:46.195301,1776340606.195301,s,162.888813,s,122.2,mV
2026-04-16,13:56:46.435528,1776340606.435528,s,163.12904,s,67.7,mV
2026-04-16,13:56:46.695820,1776340606.69582,s,163.389332,s,67.7,mV
2026-04-16,13:56:46.935879,1776340606.935879,s,163.629391,s,35.2,mV
2026-04-16,13:56:47.196242,1776340607.196242,s,163.889754,s,35.2,mV
2026-04-16,13:56:47.436102,1776340607.436102,s,164.129614,s,35.2,mV
2026-04-16,13:56:47.696726,1776340607.696726,s,164.390238,s,91.0,mV
2026-04-16,13:56:47.936366,1776340607.936366,s,164.629878,s,91.0,mV
2026-04-16,13:56:48.197208,1776340608.197208,s,164.89072,s,148.6,mV
2026-04-16,13:56:48.436692,1776340608.436692,s,165.130204,s,148.6,mV
2026-04-16,13:56:48.697653,1776340608.697653,s,165.391165,s,148.6,mV
2026-04-16,13:56:48.937243,1776340608.937243,s,165.630755,s,247.6,mV
2026-04-16,13:56:49.198209,1776340609.198209,s,165.891721,s,247.6,mV
2026-04-16,13:56:49.437691,1776340609.437691,s,166.131203,s,254.9,mV
2026-04-16,13:56:49.698708,1776340609.698708,s,166.39222,s,254.9,mV
2026-04-16,13:56:49.938134,1776340609.938134,s,166.631646,s,224.4,mV
2026-04-16,13:56:50.199215,1776340610.199215,s,166.892727,s,224.4,mV
2026-04-16,13:56:50.438785,1776340610.438785,s,167.132297,s,224.4,mV
2026-04-16,13:56:50.699644,1776340610.699644,s,167.393156,s,119.7,mV
2026-04-16,13:56:50.939221,1776340610.939221,s,167.632733,s,119.7,mV
2026-04-16,13:56:51.200099,1776340611.200099,s,167.893611,s,44.6,mV
2026-04-16,13:56:51.439720,1776340611.43972,s,168.133232,s,44.6,mV
2026-04-16,13:56:51.700486,1776340611.700486,s,168.393998,s,44.6,mV
2026-04-16,13:56:51.939995,1776340611.939995,s,168.633507,s,35.0,mV
2026-04-16,13:56:52.200900,1776340612.2009,s,168.894412,s,35.0,mV
2026-04-16,13:56:52.440421,1776340612.440421,s,169.133933,s,35.0,mV
2026-04-16,13:56:52.701400,1776340612.7014,s,169.394912,s,88.3,mV
2026-04-16,13:56:52.940913,1776340612.940913,s,169.634425,s,88.3,mV
2026-04-16,13:56:53.201855,1776340613.201855,s,169.895367,s,189.4,mV
2026-04-16,13:56:53.441391,1776340613.441391,s,170.134903,s,189.4,mV
2026-04-16,13:56:53.702245,1776340613.702245,s,170.395757,s,256.6,mV
2026-04-16,13:56:53.941908,1776340613.941908,s,170.63542,s,256.6,mV
2026-04-16,13:56:54.202654,1776340614.202654,s,170.896166,s,260.8,mV
2026-04-16,13:56:54.442358,1776340614.442358,s,171.13587,s,260.8,mV
2026-04-16,13:56:54.702947,1776340614.702947,s,171.396459,s,203.6,mV
2026-04-16,13:56:54.942873,1776340614.942873,s,171.636385,s,203.6,mV
2026-04-16,13:56:55.203262,1776340615.203262,s,171.896774,s,203.6,mV
2026-04-16,13:56:55.443321,1776340615.443321,s,172.136833,s,107.9,mV
2026-04-16,13:56:55.703579,1776340615.703579,s,172.397091,s,107.9,mV
2026-04-16,13:56:55.943779,1776340615.943779,s,172.637291,s,68.5,mV
2026-04-16,13:56:56.203865,1776340616.203865,s,172.897377,s,68.5,mV
2026-04-16,13:56:56.444237,1776340616.444237,s,173.137749,s,33.8,mV
2026-04-16,13:56:56.704099,1776340616.704099,s,173.397611,s,33.8,mV
2026-04-16,13:56:56.944641,1776340616.944641,s,173.638153,s,33.8,mV
2026-04-16,13:56:57.204561,1776340617.204561,s,173.898073,s,33.8,mV
2026-04-16,13:56:57.444974,1776340617.444974,s,174.138486,s,33.8,mV
2026-04-16,13:56:57.705045,1776340617.705045,s,174.398557,s,133.7,mV
2026-04-16,13:56:57.945310,1776340617.94531,s,174.638822,s,133.7,mV
2026-04-16,13:56:58.205556,1776340618.205556,s,174.899068,s,133.7,mV
2026-04-16,13:56:58.445674,1776340618.445674,s,175.139186,s,229.6,mV
2026-04-16,13:56:58.706040,1776340618.70604,s,175.399552,s,229.6,mV
2026-04-16,13:56:58.946061,1776340618.946061,s,175.639573,s,258.5,mV
2026-04-16,13:56:59.206286,1776340619.206286,s,175.899798,s,258.5,mV
2026-04-16,13:56:59.446470,1776340619.44647,s,176.139982,s,243.5,mV
2026-04-16,13:56:59.706665,1776340619.706665,s,176.400177,s,243.5,mV
2026-04-16,13:56:59.946844,1776340619.946844,s,176.640356,s,243.5,mV
2026-04-16,13:57:00.207199,1776340620.207199,s,176.900711,s,243.5,mV
2026-04-16,13:57:00.447328,1776340620.447328,s,177.14084,s,243.5,mV
2026-04-16,13:57:00.707696,1776340620.707696,s,177.401208,s,80.2,mV
2026-04-16,13:57:00.947723,1776340620.947723,s,177.641235,s,80.2,mV
2026-04-16,13:57:01.208180,1776340621.20818,s,177.901692,s,80.2,mV
2026-04-16,13:57:01.448142,1776340621.448142,s,178.141654,s,34.2,mV
2026-04-16,13:57:01.708540,1776340621.70854,s,178.402052,s,34.2,mV
2026-04-16,13:57:01.948598,1776340621.948598,s,178.64211,s,67.4,mV
2026-04-16,13:57:02.209083,1776340622.209083,s,178.902595,s,67.4,mV
2026-04-16,13:57:02.448860,1776340622.44886,s,179.142372,s,67.4,mV
2026-04-16,13:57:02.709593,1776340622.709593,s,179.403105,s,118.7,mV
2026-04-16,13:57:02.949122,1776340622.949122,s,179.642634,s,118.7,mV
2026-04-16,13:57:03.210018,1776340623.210018,s,179.90353,s,223.8,mV
2026-04-16,13:57:03.449380,1776340623.44938,s,180.142892,s,223.8,mV
2026-04-16,13:57:03.710351,1776340623.710351,s,180.403863,s,223.8,mV
2026-04-16,13:57:03.949780,1776340623.94978,s,180.643292,s,261.7,mV
2026-04-16,13:57:04.210725,1776340624.210725,s,180.904237,s,261.7,mV
2026-04-16,13:57:04.450219,1776340624.450219,s,181.143731,s,211.4,mV
2026-04-16,13:57:04.710959,1776340624.710959,s,181.404471,s,211.4,mV
2026-04-16,13:57:04.950685,1776340624.950685,s,181.644197,s,211.4,mV
2026-04-16,13:57:05.211245,1776340625.211245,s,181.904757,s,163.4,mV
2026-04-16,13:57:05.451162,1776340625.451162,s,182.144674,s,163.4,mV
2026-04-16,13:57:05.711670,1776340625.71167,s,182.405182,s,63.6,mV
2026-04-16,13:57:05.951653,1776340625.951653,s,182.645165,s,63.6,mV
2026-04-16,13:57:06.212129,1776340626.212129,s,182.905641,s,63.6,mV
2026-04-16,13:57:06.452213,1776340626.452213,s,183.145725,s,37.6,mV
2026-04-16,13:57:06.712512,1776340626.712512,s,183.406024,s,37.6,mV
2026-04-16,13:57:06.952564,1776340626.952564,s,183.646076,s,92.6,mV
2026-04-16,13:57:07.212953,1776340627.212953,s,183.906465,s,92.6,mV
2026-04-16,13:57:07.453127,1776340627.453127,s,184.146639,s,92.6,mV
2026-04-16,13:57:07.713377,1776340627.713377,s,184.406889,s,147.1,mV
2026-04-16,13:57:07.953639,1776340627.953639,s,184.647151,s,147.1,mV
2026-04-16,13:57:08.213793,1776340628.213793,s,184.907305,s,237.8,mV
2026-04-16,13:57:08.454111,1776340628.454111,s,185.147623,s,237.8,mV
2026-04-16,13:57:08.714223,1776340628.714223,s,185.407735,s,260.9,mV
2026-04-16,13:57:08.954619,1776340628.954619,s,185.648131,s,260.9,mV
2026-04-16,13:57:09.214683,1776340629.214683,s,185.908195,s,260.9,mV
2026-04-16,13:57:09.455041,1776340629.455041,s,186.148553,s,242.6,mV
2026-04-16,13:57:09.714909,1776340629.714909,s,186.408421,s,242.6,mV
2026-04-16,13:57:09.955456,1776340629.955456,s,186.648968,s,242.6,mV
2026-04-16,13:57:10.215197,1776340630.215197,s,186.908709,s,242.6,mV
2026-04-16,13:57:10.455863,1776340630.455863,s,187.149375,s,242.6,mV
2026-04-16,13:57:10.715519,1776340630.715519,s,187.409031,s,60.7,mV
2026-04-16,13:57:10.956306,1776340630.956306,s,187.649818,s,60.7,mV
2026-04-16,13:57:11.215838,1776340631.215838,s,187.90935,s,36.9,mV
2026-04-16,13:57:11.456781,1776340631.456781,s,188.150293,s,36.9,mV
2026-04-16,13:57:11.716062,1776340631.716062,s,188.409574,s,51.1,mV
2026-04-16,13:57:11.957191,1776340631.957191,s,188.650703,s,51.1,mV
2026-04-16,13:57:12.216610,1776340632.21661,s,188.910122,s,51.1,mV
2026-04-16,13:57:12.457536,1776340632.457536,s,189.151048,s,127.9,mV
2026-04-16,13:57:12.717152,1776340632.717152,s,189.410664,s,127.9,mV
2026-04-16,13:57:12.957964,1776340632.957964,s,189.651476,s,181.4,mV
2026-04-16,13:57:13.217586,1776340633.217586,s,189.911098,s,181.4,mV
2026-04-16,13:57:13.458395,1776340633.458395,s,190.151907,s,181.4,mV
2026-04-16,13:57:13.718005,1776340633.718005,s,190.411517,s,250.1,mV
2026-04-16,13:57:13.958744,1776340633.958744,s,190.652256,s,250.1,mV
2026-04-16,13:57:14.218438,1776340634.218438,s,190.91195,s,239.5,mV
2026-04-16,13:57:14.459204,1776340634.459204,s,191.152716,s,239.5,mV
2026-04-16,13:57:14.718990,1776340634.71899,s,191.412502,s,168.0,mV
2026-04-16,13:57:14.959537,1776340634.959537,s,191.653049,s,168.0,mV
2026-04-16,13:57:15.219489,1776340635.219489,s,191.913001,s,168.0,mV
2026-04-16,13:57:15.459970,1776340635.45997,s,192.153482,s,115.6,mV
2026-04-16,13:57:15.720017,1776340635.720017,s,192.413529,s,115.6,mV
2026-04-16,13:57:15.960457,1776340635.960457,s,192.653969,s,40.8,mV
2026-04-16,13:57:16.220555,1776340636.220555,s,192.914067,s,40.8,mV
2026-04-16,13:57:16.460923,1776340636.460923,s,193.154435,s,40.8,mV
2026-04-16,13:57:16.721090,1776340636.72109,s,193.414602,s,40.8,mV
2026-04-16,13:57:16.961369,1776340636.961369,s,193.654881,s,40.8,mV
2026-04-16,13:57:17.221583,1776340637.221583,s,193.915095,s,67.3,mV
2026-04-16,13:57:17.461703,1776340637.461703,s,194.155215,s,67.3,mV
2026-04-16,13:57:17.721857,1776340637.721857,s,194.415369,s,155.6,mV
2026-04-16,13:57:17.961992,1776340637.961992,s,194.655504,s,155.6,mV
2026-04-16,13:57:18.222358,1776340638.222358,s,194.91587,s,155.6,mV
2026-04-16,13:57:18.462511,1776340638.462511,s,195.156023,s,239.6,mV
2026-04-16,13:57:18.722702,1776340638.722702,s,195.416214,s,239.6,mV
2026-04-16,13:57:18.962875,1776340638.962875,s,195.656387,s,261.2,mV
2026-04-16,13:57:19.223145,1776340639.223145,s,195.916657,s,261.2,mV
2026-04-16,13:57:19.463181,1776340639.463181,s,196.156693,s,243.2,mV
2026-04-16,13:57:19.723614,1776340639.723614,s,196.417126,s,243.2,mV
2026-04-16,13:57:19.963669,1776340639.963669,s,196.657181,s,243.2,mV
2026-04-16,13:57:20.224053,1776340640.224053,s,196.917565,s,149.3,mV
2026-04-16,13:57:20.464175,1776340640.464175,s,197.157687,s,149.3,mV
2026-04-16,13:57:20.724482,1776340640.724482,s,197.417994,s,97.5,mV
2026-04-16,13:57:20.964637,1776340640.964637,s,197.658149,s,97.5,mV
2026-04-16,13:57:21.224948,1776340641.224948,s,197.91846,s,97.5,mV
2026-04-16,13:57:21.465113,1776340641.465113,s,198.158625,s,37.8,mV
2026-04-16,13:57:21.725428,1776340641.725428,s,198.41894,s,37.8,mV
2026-04-16,13:57:21.965532,1776340641.965532,s,198.659044,s,53.9,mV
2026-04-16,13:57:22.225847,1776340642.225847,s,198.919359,s,53.9,mV
2026-04-16,13:57:22.465910,1776340642.46591,s,199.159422,s,53.9,mV
2026-04-16,13:57:22.726275,1776340642.726275,s,199.419787,s,93.9,mV
2026-04-16,13:57:22.966384,1776340642.966384,s,199.659896,s,93.9,mV
2026-04-16,13:57:23.226566,1776340643.226566,s,199.920078,s,198.2,mV
2026-04-16,13:57:23.466775,1776340643.466775,s,200.160287,s,198.2,mV
2026-04-16,13:57:23.726955,1776340643.726955,s,200.420467,s,198.2,mV
2026-04-16,13:57:23.967117,1776340643.967117,s,200.660629,s,264.5,mV
2026-04-16,13:57:24.227366,1776340644.227366,s,200.920878,s,264.5,mV
2026-04-16,13:57:24.467661,1776340644.467661,s,201.161173,s,274.1,mV
2026-04-16,13:57:24.727670,1776340644.72767,s,201.421182,s,274.1,mV
2026-04-16,13:57:24.968119,1776340644.968119,s,201.661631,s,226.1,mV
2026-04-16,13:57:25.227861,1776340645.227861,s,201.921373,s,226.1,mV
2026-04-16,13:57:25.468570,1776340645.46857,s,202.162082,s,226.1,mV
2026-04-16,13:57:25.728133,1776340645.728133,s,202.421645,s,226.1,mV
2026-04-16,13:57:25.969068,1776340645.969068,s,202.66258,s,226.1,mV
2026-04-16,13:57:26.228411,1776340646.228411,s,202.921923,s,72.6,mV
2026-04-16,13:57:26.469560,1776340646.46956,s,203.163072,s,72.6,mV
2026-04-16,13:57:26.728633,1776340646.728633,s,203.422145,s,36.8,mV
2026-04-16,13:57:26.969973,1776340646.969973,s,203.663485,s,36.8,mV
2026-04-16,13:57:27.229197,1776340647.229197,s,203.922709,s,36.8,mV
2026-04-16,13:57:27.470400,1776340647.4704,s,204.163912,s,36.8,mV
2026-04-16,13:57:27.729623,1776340647.729623,s,204.423135,s,36.8,mV
2026-04-16,13:57:27.970802,1776340647.970802,s,204.664314,s,120.7,mV
2026-04-16,13:57:28.229949,1776340648.229949,s,204.923461,s,120.7,mV
2026-04-16,13:57:28.471033,1776340648.471033,s,205.164545,s,204.3,mV
2026-04-16,13:57:28.730278,1776340648.730278,s,205.42379,s,204.3,mV
2026-04-16,13:57:28.971472,1776340648.971472,s,205.664984,s,261.7,mV
2026-04-16,13:57:29.230827,1776340649.230827,s,205.924339,s,261.7,mV
2026-04-16,13:57:29.471882,1776340649.471882,s,206.165394,s,261.7,mV
2026-04-16,13:57:29.731379,1776340649.731379,s,206.424891,s,268.7,mV
2026-04-16,13:57:29.972394,1776340649.972394,s,206.665906,s,268.7,mV
2026-04-16,13:57:30.231922,1776340650.231922,s,206.925434,s,214.3,mV
2026-04-16,13:57:30.472886,1776340650.472886,s,207.166398,s,214.3,mV
2026-04-16,13:57:30.732253,1776340650.732253,s,207.425765,s,214.3,mV
2026-04-16,13:57:30.973355,1776340650.973355,s,207.666867,s,162.9,mV
2026-04-16,13:57:31.232700,1776340651.2327,s,207.926212,s,162.9,mV
2026-04-16,13:57:31.473825,1776340651.473825,s,208.167337,s,62.6,mV
2026-04-16,13:57:31.732898,1776340651.732898,s,208.42641,s,62.6,mV
2026-04-16,13:57:31.974115,1776340651.974115,s,208.667627,s,33.3,mV
2026-04-16,13:57:32.233356,1776340652.233356,s,208.926868,s,33.3,mV
2026-04-16,13:57:32.474554,1776340652.474554,s,209.168066,s,33.3,mV
2026-04-16,13:57:32.733676,1776340652.733676,s,209.427188,s,33.3,mV
2026-04-16,13:57:32.974811,1776340652.974811,s,209.668323,s,33.3,mV
2026-04-16,13:57:33.234148,1776340653.234148,s,209.92766,s,132.1,mV
2026-04-16,13:57:33.475154,1776340653.475154,s,210.168666,s,132.1,mV
2026-04-16,13:57:33.734641,1776340653.734641,s,210.428153,s,132.1,mV
2026-04-16,13:57:33.975642,1776340653.975642,s,210.669154,s,229.4,mV
2026-04-16,13:57:34.234930,1776340654.23493,s,210.928442,s,229.4,mV
2026-04-16,13:57:34.476177,1776340654.476177,s,211.169689,s,258.1,mV
2026-04-16,13:57:34.735483,1776340654.735483,s,211.428995,s,258.1,mV
2026-04-16,13:57:34.976677,1776340654.976677,s,211.670189,s,258.1,mV
2026-04-16,13:57:35.235987,1776340655.235987,s,211.929499,s,214.3,mV
2026-04-16,13:57:35.477219,1776340655.477219,s,212.170731,s,214.3,mV
2026-04-16,13:57:35.736424,1776340655.736424,s,212.429936,s,166.9,mV
2026-04-16,13:57:35.977717,1776340655.977717,s,212.671229,s,166.9,mV
2026-04-16,13:57:36.236820,1776340656.23682,s,212.930332,s,78.5,mV
2026-04-16,13:57:36.478240,1776340656.47824,s,213.171752,s,78.5,mV
2026-04-16,13:57:36.737031,1776340656.737031,s,213.430543,s,78.5,mV
2026-04-16,13:57:36.978656,1776340656.978656,s,213.672168,s,33.2,mV
2026-04-16,13:57:37.237433,1776340657.237433,s,213.930945,s,33.2,mV
2026-04-16,13:57:37.479162,1776340657.479162,s,214.172674,s,33.4,mV
2026-04-16,13:57:37.737786,1776340657.737786,s,214.431298,s,33.4,mV
2026-04-16,13:57:37.979688,1776340657.979688,s,214.6732,s,85.2,mV
2026-04-16,13:57:38.238011,1776340658.238011,s,214.931523,s,85.2,mV
2026-04-16,13:57:38.479941,1776340658.479941,s,215.173453,s,85.2,mV
2026-04-16,13:57:38.738329,1776340658.738329,s,215.431841,s,172.1,mV
2026-04-16,13:57:38.980247,1776340658.980247,s,215.673759,s,172.1,mV
2026-04-16,13:57:39.238653,1776340659.238653,s,215.932165,s,211.3,mV
2026-04-16,13:57:39.480609,1776340659.480609,s,216.174121,s,211.3,mV
2026-04-16,13:57:39.738944,1776340659.738944,s,216.432456,s,258.6,mV
2026-04-16,13:57:39.981150,1776340659.98115,s,216.674662,s,258.6,mV
2026-04-16,13:57:40.239236,1776340660.239236,s,216.932748,s,258.6,mV
2026-04-16,13:57:40.481509,1776340660.481509,s,217.175021,s,251.2,mV
2026-04-16,13:57:40.739514,1776340660.739514,s,217.433026,s,251.2,mV
2026-04-16,13:57:40.981948,1776340660.981948,s,217.67546,s,177.2,mV
2026-04-16,13:57:41.239798,1776340661.239798,s,217.93331,s,177.2,mV
2026-04-16,13:57:41.482343,1776340661.482343,s,218.175855,s,177.2,mV
2026-04-16,13:57:41.739998,1776340661.739998,s,218.43351,s,97.1,mV
2026-04-16,13:57:41.982812,1776340661.982812,s,218.676324,s,97.1,mV
2026-04-16,13:57:42.240479,1776340662.240479,s,218.933991,s,60.0,mV
2026-04-16,13:57:42.483169,1776340662.483169,s,219.176681,s,60.0,mV
2026-04-16,13:57:42.740819,1776340662.740819,s,219.434331,s,31.7,mV
2026-04-16,13:57:42.983499,1776340662.983499,s,219.677011,s,31.7,mV
2026-04-16,13:57:43.241229,1776340663.241229,s,219.934741,s,31.7,mV
2026-04-16,13:57:43.483855,1776340663.483855,s,220.177367,s,70.2,mV
2026-04-16,13:57:43.741740,1776340663.74174,s,220.435252,s,70.2,mV
2026-04-16,13:57:43.984310,1776340663.98431,s,220.677822,s,149.1,mV
2026-04-16,13:57:44.242289,1776340664.242289,s,220.935801,s,149.1,mV
2026-04-16,13:57:44.484613,1776340664.484613,s,221.178125,s,149.1,mV
2026-04-16,13:57:44.742642,1776340664.742642,s,221.436154,s,196.3,mV
2026-04-16,13:57:44.984878,1776340664.984878,s,221.67839,s,196.3,mV
2026-04-16,13:57:45.242911,1776340665.242911,s,221.936423,s,257.1,mV
2026-04-16,13:57:45.485298,1776340665.485298,s,222.17881,s,257.1,mV
2026-04-16,13:57:45.743275,1776340665.743275,s,222.436787,s,237.8,mV
2026-04-16,13:57:45.985764,1776340665.985764,s,222.679276,s,237.8,mV
2026-04-16,13:57:46.243598,1776340666.243598,s,222.93711,s,237.8,mV
2026-04-16,13:57:46.486215,1776340666.486215,s,223.179727,s,202.3,mV
2026-04-16,13:57:46.744023,1776340666.744023,s,223.437535,s,202.3,mV
2026-04-16,13:57:46.986523,1776340666.986523,s,223.680035,s,106.5,mV
2026-04-16,13:57:47.244465,1776340667.244465,s,223.937977,s,106.5,mV
2026-04-16,13:57:47.486839,1776340667.486839,s,224.180351,s,106.5,mV
2026-04-16,13:57:47.744911,1776340667.744911,s,224.438423,s,39.7,mV
2026-04-16,13:57:47.987139,1776340667.987139,s,224.680651,s,39.7,mV
2026-04-16,13:57:48.245396,1776340668.245396,s,224.938908,s,41.4,mV
2026-04-16,13:57:48.487549,1776340668.487549,s,225.181061,s,41.4,mV
2026-04-16,13:57:48.745772,1776340668.745772,s,225.439284,s,71.7,mV
2026-04-16,13:57:48.987808,1776340668.987808,s,225.68132,s,71.7,mV
2026-04-16,13:57:49.245981,1776340669.245981,s,225.939493,s,71.7,mV
2026-04-16,13:57:49.488015,1776340669.488015,s,226.181527,s,165.8,mV
2026-04-16,13:57:49.746402,1776340669.746402,s,226.439914,s,165.8,mV
2026-04-16,13:57:49.988478,1776340669.988478,s,226.68199,s,217.5,mV
2026-04-16,13:57:50.246834,1776340670.246834,s,226.940346,s,217.5,mV
2026-04-16,13:57:50.488788,1776340670.488788,s,227.1823,s,217.5,mV
2026-04-16,13:57:50.747262,1776340670.747262,s,227.440774,s,257.0,mV
2026-04-16,13:57:50.989214,1776340670.989214,s,227.682726,s,257.0,mV
2026-04-16,13:57:51.247684,1776340671.247684,s,227.941196,s,213.9,mV
2026-04-16,13:57:51.489787,1776340671.489787,s,228.183299,s,213.9,mV
2026-04-16,13:57:51.747879,1776340671.747879,s,228.441391,s,213.9,mV
2026-04-16,13:57:51.990294,1776340671.990294,s,228.683806,s,178.9,mV
2026-04-16,13:57:52.248318,1776340672.248318,s,228.94183,s,178.9,mV
2026-04-16,13:57:52.490730,1776340672.49073,s,229.184242,s,88.9,mV
2026-04-16,13:57:52.748733,1776340672.748733,s,229.442245,s,88.9,mV
2026-04-16,13:57:52.991236,1776340672.991236,s,229.684748,s,34.9,mV
2026-04-16,13:57:53.249159,1776340673.249159,s,229.942671,s,34.9,mV
2026-04-16,13:57:53.491553,1776340673.491553,s,230.185065,s,34.9,mV
2026-04-16,13:57:53.749477,1776340673.749477,s,230.442989,s,27.8,mV
2026-04-16,13:57:53.991867,1776340673.991867,s,230.685379,s,27.8,mV
2026-04-16,13:57:54.249896,1776340674.249896,s,230.943408,s,71.1,mV
2026-04-16,13:57:54.492392,1776340674.492392,s,231.185904,s,71.1,mV
2026-04-16,13:57:54.750205,1776340674.750205,s,231.443717,s,71.1,mV
2026-04-16,13:57:54.992882,1776340674.992882,s,231.686394,s,155.4,mV
2026-04-16,13:57:55.250510,1776340675.25051,s,231.944022,s,155.4,mV
2026-04-16,13:57:55.493313,1776340675.493313,s,232.186825,s,228.8,mV
2026-04-16,13:57:55.750818,1776340675.750818,s,232.44433,s,228.8,mV
2026-04-16,13:57:55.993757,1776340675.993757,s,232.687269,s,250.2,mV
2026-04-16,13:57:56.251010,1776340676.25101,s,232.944522,s,250.2,mV
2026-04-16,13:57:56.494189,1776340676.494189,s,233.187701,s,250.2,mV
2026-04-16,13:57:56.751469,1776340676.751469,s,233.444981,s,245.1,mV
2026-04-16,13:57:56.994618,1776340676.994618,s,233.68813,s,245.1,mV
2026-04-16,13:57:57.252056,1776340677.252056,s,233.945568,s,177.9,mV
2026-04-16,13:57:57.495063,1776340677.495063,s,234.188575,s,177.9,mV
2026-04-16,13:57:57.752381,1776340677.752381,s,234.445893,s,91.6,mV
2026-04-16,13:57:57.995491,1776340677.995491,s,234.689003,s,91.6,mV
2026-04-16,13:57:58.252696,1776340678.252696,s,234.946208,s,91.6,mV
2026-04-16,13:57:58.495904,1776340678.495904,s,235.189416,s,55.1,mV
2026-04-16,13:57:58.753201,1776340678.753201,s,235.446713,s,55.1,mV
2026-04-16,13:57:58.996261,1776340678.996261,s,235.689773,s,29.7,mV
2026-04-16,13:57:59.253670,1776340679.25367,s,235.947182,s,29.7,mV
2026-04-16,13:57:59.496567,1776340679.496567,s,236.190079,s,29.7,mV
2026-04-16,13:57:59.754152,1776340679.754152,s,236.447664,s,54.9,mV
2026-04-16,13:57:59.997016,1776340679.997016,s,236.690528,s,54.9,mV
2026-04-16,13:58:00.254608,1776340680.254608,s,236.94812,s,84.9,mV
2026-04-16,13:58:00.497430,1776340680.49743,s,237.190942,s,84.9,mV
2026-04-16,13:58:00.755108,1776340680.755108,s,237.44862,s,183.1,mV
2026-04-16,13:58:00.997848,1776340680.997848,s,237.69136,s,183.1,mV
2026-04-16,13:58:01.255560,1776340681.25556,s,237.949072,s,183.1,mV
2026-04-16,13:58:01.498262,1776340681.498262,s,238.191774,s,254.3,mV
2026-04-16,13:58:01.756031,1776340681.756031,s,238.449543,s,254.3,mV
2026-04-16,13:58:01.998678,1776340681.998678,s,238.69219,s,265.9,mV
2026-04-16,13:58:02.256509,1776340682.256509,s,238.950021,s,265.9,mV
2026-04-16,13:58:02.498926,1776340682.498926,s,239.192438,s,265.9,mV
2026-04-16,13:58:02.756927,1776340682.756927,s,239.450439,s,223.0,mV
2026-04-16,13:58:02.999221,1776340682.999221,s,239.692733,s,223.0,mV
2026-04-16,13:58:03.257391,1776340683.257391,s,239.950903,s,223.0,mV
2026-04-16,13:58:03.499593,1776340683.499593,s,240.193105,s,223.0,mV
2026-04-16,13:58:03.757804,1776340683.757804,s,240.451316,s,75.0,mV
2026-04-16,13:58:04.000219,1776340684.000219,s,240.693731,s,75.0,mV
2026-04-16,13:58:04.258245,1776340684.258245,s,240.951757,s,75.0,mV
2026-04-16,13:58:04.500682,1776340684.500682,s,241.194194,s,44.9,mV
2026-04-16,13:58:04.758710,1776340684.75871,s,241.452222,s,44.9,mV
2026-04-16,13:58:05.001174,1776340685.001174,s,241.694686,s,43.4,mV
2026-04-16,13:58:05.259158,1776340685.259158,s,241.95267,s,43.4,mV
2026-04-16,13:58:05.501521,1776340685.501521,s,242.195033,s,112.7,mV
2026-04-16,13:58:05.759573,1776340685.759573,s,242.453085,s,112.7,mV
2026-04-16,13:58:06.002002,1776340686.002002,s,242.695514,s,112.7,mV
2026-04-16,13:58:06.259989,1776340686.259989,s,242.953501,s,203.9,mV
2026-04-16,13:58:06.502514,1776340686.502514,s,243.196026,s,203.9,mV
2026-04-16,13:58:06.760374,1776340686.760374,s,243.453886,s,239.6,mV
2026-04-16,13:58:07.003019,1776340687.003019,s,243.696531,s,239.6,mV
2026-04-16,13:58:07.260679,1776340687.260679,s,243.954191,s,266.9,mV
2026-04-16,13:58:07.503555,1776340687.503555,s,244.197067,s,266.9,mV
2026-04-16,13:58:07.760885,1776340687.760885,s,244.454397,s,266.9,mV
2026-04-16,13:58:08.003809,1776340688.003809,s,244.697321,s,221.5,mV
2026-04-16,13:58:08.261096,1776340688.261096,s,244.954608,s,221.5,mV
2026-04-16,13:58:08.504199,1776340688.504199,s,245.197711,s,221.5,mV
2026-04-16,13:58:08.761405,1776340688.761405,s,245.454917,s,143.7,mV
2026-04-16,13:58:09.004552,1776340689.004552,s,245.698064,s,143.7,mV
2026-04-16,13:58:09.261674,1776340689.261674,s,245.955186,s,101.4,mV
2026-04-16,13:58:09.504882,1776340689.504882,s,246.198394,s,101.4,mV
2026-04-16,13:58:09.761881,1776340689.761881,s,246.455393,s,34.8,mV
2026-04-16,13:58:10.005096,1776340690.005096,s,246.698608,s,34.8,mV
2026-04-16,13:58:10.262102,1776340690.262102,s,246.955614,s,34.8,mV
2026-04-16,13:58:10.505494,1776340690.505494,s,247.199006,s,41.4,mV
2026-04-16,13:58:10.762390,1776340690.76239,s,247.455902,s,41.4,mV
2026-04-16,13:58:11.005922,1776340691.005922,s,247.699434,s,70.2,mV
2026-04-16,13:58:11.262706,1776340691.262706,s,247.956218,s,70.2,mV
2026-04-16,13:58:11.506295,1776340691.506295,s,248.199807,s,70.2,mV
2026-04-16,13:58:11.762933,1776340691.762933,s,248.456445,s,144.6,mV
2026-04-16,13:58:12.006739,1776340692.006739,s,248.700251,s,144.6,mV
2026-04-16,13:58:12.263148,1776340692.263148,s,248.95666,s,218.2,mV
2026-04-16,13:58:12.507194,1776340692.507194,s,249.200706,s,218.2,mV
2026-04-16,13:58:12.763414,1776340692.763414,s,249.456926,s,248.5,mV
2026-04-16,13:58:13.007568,1776340693.007568,s,249.70108,s,248.5,mV
2026-04-16,13:58:13.263880,1776340693.26388,s,249.957392,s,248.5,mV
2026-04-16,13:58:13.507847,1776340693.507847,s,250.201359,s,252.5,mV
2026-04-16,13:58:13.764154,1776340693.764154,s,250.457666,s,252.5,mV
2026-04-16,13:58:14.008347,1776340694.008347,s,250.701859,s,197.7,mV
2026-04-16,13:58:14.264422,1776340694.264422,s,250.957934,s,197.7,mV
2026-04-16,13:58:14.508680,1776340694.50868,s,251.202192,s,197.7,mV
2026-04-16,13:58:14.764907,1776340694.764907,s,251.458419,s,115.8,mV
2026-04-16,13:58:15.008943,1776340695.008943,s,251.702455,s,115.8,mV
2026-04-16,13:58:15.265205,1776340695.265205,s,251.958717,s,49.3,mV
2026-04-16,13:58:15.509264,1776340695.509264,s,252.202776,s,49.3,mV
2026-04-16,13:58:15.765422,1776340695.765422,s,252.458934,s,30.4,mV
2026-04-16,13:58:16.009575,1776340696.009575,s,252.703087,s,30.4,mV
2026-04-16,13:58:16.265734,1776340696.265734,s,252.959246,s,30.4,mV
2026-04-16,13:58:16.510024,1776340696.510024,s,253.203536,s,41.5,mV
2026-04-16,13:58:16.766281,1776340696.766281,s,253.459793,s,41.5,mV
2026-04-16,13:58:17.010475,1776340697.010475,s,253.703987,s,106.2,mV
2026-04-16,13:58:17.266761,1776340697.266761,s,253.960273,s,106.2,mV
