Date,Time,Time since 1970-01-01T00:00:00Z,,Time since start of measurement,,I,
2026-03-19,15:23:15.071931,1773930195.071931,s,4e-06,s,12.32,mV
2026-03-19,15:23:15.322572,1773930195.322572,s,0.250645,s,11.24,mV
2026-03-19,15:23:15.572664,1773930195.572664,s,0.500737,s,11.24,mV
2026-03-19,15:23:15.822916,1773930195.822916,s,0.750989,s,11.32,mV
2026-03-19,15:23:16.073116,1773930196.073116,s,1.001189,s,11.32,mV
2026-03-19,15:23:16.323215,1773930196.323215,s,1.251288,s,11.69,mV
2026-03-19,15:23:16.573589,1773930196.573589,s,1.501662,s,11.69,mV
2026-03-19,15:23:16.823578,1773930196.823578,s,1.751651,s,11.69,mV
2026-03-19,15:23:17.074027,1773930197.074027,s,2.0021,s,11.74,mV
2026-03-19,15:23:17.324106,1773930197.324106,s,2.252179,s,11.74,mV
2026-03-19,15:23:17.574468,1773930197.574468,s,2.502541,s,11.59,mV
2026-03-19,15:23:17.824607,1773930197.824607,s,2.75268,s,11.59,mV
2026-03-19,15:23:18.074902,1773930198.074902,s,3.002975,s,12.34,mV
2026-03-19,15:23:18.325117,1773930198.325117,s,3.25319,s,12.34,mV
2026-03-19,15:23:18.575354,1773930198.575354,s,3.503427,s,12.34,mV
2026-03-19,15:23:18.825656,1773930198.825656,s,3.753729,s,12.05,mV
2026-03-19,15:23:19.075748,1773930199.075748,s,4.003821,s,12.05,mV
2026-03-19,15:23:19.326187,1773930199.326187,s,4.25426,s,11.66,mV
2026-03-19,15:23:19.576183,1773930199.576183,s,4.504256,s,11.66,mV
2026-03-19,15:23:19.826627,1773930199.826627,s,4.7547,s,11.66,mV
2026-03-19,15:23:20.076432,1773930200.076432,s,5.004505,s,11.66,mV
2026-03-19,15:23:20.327110,1773930200.32711,s,5.255183,s,11.66,mV
2026-03-19,15:23:20.576764,1773930200.576764,s,5.504837,s,11.91,mV
2026-03-19,15:23:20.827634,1773930200.827634,s,5.755707,s,11.91,mV
2026-03-19,15:23:21.077055,1773930201.077055,s,6.005128,s,11.45,mV
2026-03-19,15:23:21.328179,1773930201.328179,s,6.256252,s,11.45,mV
2026-03-19,15:23:21.577268,1773930201.577268,s,6.505341,s,11.46,mV
2026-03-19,15:23:21.828650,1773930201.82865,s,6.756723,s,11.46,mV
2026-03-19,15:23:22.077546,1773930202.077546,s,7.005619,s,11.46,mV
2026-03-19,15:23:22.329107,1773930202.329107,s,7.25718,s,12.39,mV
2026-03-19,15:23:22.577832,1773930202.577832,s,7.505905,s,12.39,mV
2026-03-19,15:23:22.829606,1773930202.829606,s,7.757679,s,11.54,mV
2026-03-19,15:23:23.078224,1773930203.078224,s,8.006297,s,11.54,mV
2026-03-19,15:23:23.330064,1773930203.330064,s,8.258137,s,11.54,mV
2026-03-19,15:23:23.578712,1773930203.578712,s,8.506785,s,11.59,mV
2026-03-19,15:23:23.830325,1773930203.830325,s,8.758398,s,11.59,mV
2026-03-19,15:23:24.079201,1773930204.079201,s,9.007274,s,12.04,mV
2026-03-19,15:23:24.330645,1773930204.330645,s,9.258718,s,12.04,mV
2026-03-19,15:23:24.579679,1773930204.579679,s,9.507752,s,12.04,mV
2026-03-19,15:23:24.830989,1773930204.830989,s,9.759062,s,12.04,mV
2026-03-19,15:23:25.080013,1773930205.080013,s,10.008086,s,11.26,mV
2026-03-19,15:23:25.331260,1773930205.33126,s,10.259333,s,11.26,mV
2026-03-19,15:23:25.580424,1773930205.580424,s,10.508497,s,11.26,mV
2026-03-19,15:23:25.831567,1773930205.831567,s,10.75964,s,11.93,mV
2026-03-19,15:23:26.080839,1773930206.080839,s,11.008912,s,11.93,mV
2026-03-19,15:23:26.331885,1773930206.331885,s,11.259958,s,12.06,mV
2026-03-19,15:23:26.581172,1773930206.581172,s,11.509245,s,12.06,mV
2026-03-19,15:23:26.832299,1773930206.832299,s,11.760372,s,12.06,mV
2026-03-19,15:23:27.081431,1773930207.081431,s,12.009504,s,12.06,mV
2026-03-19,15:23:27.332648,1773930207.332648,s,12.260721,s,12.06,mV
2026-03-19,15:23:27.581865,1773930207.581865,s,12.509938,s,12.15,mV
2026-03-19,15:23:27.833108,1773930207.833108,s,12.761181,s,12.15,mV
2026-03-19,15:23:28.082196,1773930208.082196,s,13.010269,s,12.15,mV
2026-03-19,15:23:28.333536,1773930208.333536,s,13.261609,s,12.15,mV
2026-03-19,15:23:28.582419,1773930208.582419,s,13.510492,s,12.59,mV
2026-03-19,15:23:28.833991,1773930208.833991,s,13.762064,s,12.59,mV
2026-03-19,15:23:29.082742,1773930209.082742,s,14.010815,s,12.59,mV
2026-03-19,15:23:29.334456,1773930209.334456,s,14.262529,s,12.21,mV
2026-03-19,15:23:29.583057,1773930209.583057,s,14.51113,s,12.21,mV
2026-03-19,15:23:29.834864,1773930209.834864,s,14.762937,s,12.21,mV
2026-03-19,15:23:30.083269,1773930210.083269,s,15.011342,s,12.21,mV
2026-03-19,15:23:30.335312,1773930210.335312,s,15.263385,s,12.21,mV
2026-03-19,15:23:30.583510,1773930210.58351,s,15.511583,s,11.07,mV
2026-03-19,15:23:30.835781,1773930210.835781,s,15.763854,s,11.07,mV
2026-03-19,15:23:31.083835,1773930211.083835,s,16.011908,s,11.04,mV
2026-03-19,15:23:31.336239,1773930211.336239,s,16.264312,s,11.04,mV
2026-03-19,15:23:31.584051,1773930211.584051,s,16.512124,s,11.18,mV
2026-03-19,15:23:31.836593,1773930211.836593,s,16.764666,s,11.18,mV
2026-03-19,15:23:32.084293,1773930212.084293,s,17.012366,s,11.18,mV
2026-03-19,15:23:32.336994,1773930212.336994,s,17.265067,s,11.81,mV
2026-03-19,15:23:32.584776,1773930212.584776,s,17.512849,s,11.81,mV
2026-03-19,15:23:32.837451,1773930212.837451,s,17.765524,s,11.44,mV
2026-03-19,15:23:33.085117,1773930213.085117,s,18.01319,s,11.44,mV
2026-03-19,15:23:33.337795,1773930213.337795,s,18.265868,s,11.44,mV
2026-03-19,15:23:33.585573,1773930213.585573,s,18.513646,s,11.44,mV
2026-03-19,15:23:33.838139,1773930213.838139,s,18.766212,s,11.44,mV
2026-03-19,15:23:34.085935,1773930214.085935,s,19.014008,s,11.44,mV
2026-03-19,15:23:34.338396,1773930214.338396,s,19.266469,s,11.44,mV
2026-03-19,15:23:34.586400,1773930214.5864,s,19.514473,s,11.53,mV
2026-03-19,15:23:34.838734,1773930214.838734,s,19.766807,s,11.53,mV
2026-03-19,15:23:35.086848,1773930215.086848,s,20.014921,s,11.53,mV
2026-03-19,15:23:35.339064,1773930215.339064,s,20.267137,s,11.53,mV
2026-03-19,15:23:35.587262,1773930215.587262,s,20.515335,s,11.53,mV
2026-03-19,15:23:35.839275,1773930215.839275,s,20.767348,s,11.56,mV
2026-03-19,15:23:36.087698,1773930216.087698,s,21.015771,s,11.56,mV
2026-03-19,15:23:36.339633,1773930216.339633,s,21.267706,s,11.56,mV
2026-03-19,15:23:36.588224,1773930216.588224,s,21.516297,s,11.56,mV
2026-03-19,15:23:36.839961,1773930216.839961,s,21.768034,s,11.24,mV
2026-03-19,15:23:37.088656,1773930217.088656,s,22.016729,s,11.24,mV
2026-03-19,15:23:37.340177,1773930217.340177,s,22.26825,s,11.24,mV
2026-03-19,15:23:37.589055,1773930217.589055,s,22.517128,s,12.42,mV
2026-03-19,15:23:37.840468,1773930217.840468,s,22.768541,s,12.42,mV
2026-03-19,15:23:38.089540,1773930218.08954,s,23.017613,s,12.42,mV
2026-03-19,15:23:38.340706,1773930218.340706,s,23.268779,s,12.42,mV
2026-03-19,15:23:38.589802,1773930218.589802,s,23.517875,s,12.04,mV
2026-03-19,15:23:38.841009,1773930218.841009,s,23.769082,s,12.04,mV
2026-03-19,15:23:39.090211,1773930219.090211,s,24.018284,s,12.04,mV
2026-03-19,15:23:39.341519,1773930219.341519,s,24.269592,s,11.61,mV
2026-03-19,15:23:39.590629,1773930219.590629,s,24.518702,s,11.61,mV
2026-03-19,15:23:39.841966,1773930219.841966,s,24.770039,s,11.61,mV
2026-03-19,15:23:40.091050,1773930220.09105,s,25.019123,s,11.61,mV
2026-03-19,15:23:40.342438,1773930220.342438,s,25.270511,s,9.84,mV
2026-03-19,15:23:40.591268,1773930220.591268,s,25.519341,s,9.84,mV
2026-03-19,15:23:40.842910,1773930220.84291,s,25.770983,s,11.72,mV
2026-03-19,15:23:41.091509,1773930221.091509,s,26.019582,s,11.72,mV
2026-03-19,15:23:41.343328,1773930221.343328,s,26.271401,s,11.72,mV
2026-03-19,15:23:41.591879,1773930221.591879,s,26.519952,s,11.72,mV
2026-03-19,15:23:41.843771,1773930221.843771,s,26.771844,s,11.72,mV
2026-03-19,15:23:42.092189,1773930222.092189,s,27.020262,s,11.44,mV
2026-03-19,15:23:42.344210,1773930222.34421,s,27.272283,s,11.44,mV
2026-03-19,15:23:42.592428,1773930222.592428,s,27.520501,s,11.44,mV
2026-03-19,15:23:42.844655,1773930222.844655,s,27.772728,s,11.44,mV
2026-03-19,15:23:43.092801,1773930223.092801,s,28.020874,s,11.44,mV
2026-03-19,15:23:43.345102,1773930223.345102,s,28.273175,s,11.44,mV
2026-03-19,15:23:43.593019,1773930223.593019,s,28.521092,s,11.44,mV
2026-03-19,15:23:43.845529,1773930223.845529,s,28.773602,s,12.54,mV
2026-03-19,15:23:44.093456,1773930224.093456,s,29.021529,s,12.54,mV
2026-03-19,15:23:44.345983,1773930224.345983,s,29.274056,s,12.88,mV
2026-03-19,15:23:44.593808,1773930224.593808,s,29.521881,s,12.88,mV
2026-03-19,15:23:44.846275,1773930224.846275,s,29.774348,s,12.88,mV
2026-03-19,15:23:45.094275,1773930225.094275,s,30.022348,s,12.91,mV
2026-03-19,15:23:45.346608,1773930225.346608,s,30.274681,s,12.91,mV
2026-03-19,15:23:45.594753,1773930225.594753,s,30.522826,s,11.73,mV
2026-03-19,15:23:45.846910,1773930225.84691,s,30.774983,s,11.73,mV
2026-03-19,15:23:46.095192,1773930226.095192,s,31.023265,s,11.19,mV
2026-03-19,15:23:46.347115,1773930226.347115,s,31.275188,s,11.19,mV
2026-03-19,15:23:46.595421,1773930226.595421,s,31.523494,s,11.19,mV
2026-03-19,15:23:46.847468,1773930226.847468,s,31.775541,s,11.19,mV
2026-03-19,15:23:47.095861,1773930227.095861,s,32.023934,s,11.19,mV
2026-03-19,15:23:47.347691,1773930227.347691,s,32.275764,s,12.54,mV
2026-03-19,15:23:47.596200,1773930227.5962,s,32.524273,s,12.54,mV
2026-03-19,15:23:47.847995,1773930227.847995,s,32.776068,s,12.44,mV
2026-03-19,15:23:48.096608,1773930228.096608,s,33.024681,s,12.44,mV
2026-03-19,15:23:48.348450,1773930228.34845,s,33.276523,s,12.44,mV
2026-03-19,15:23:48.597092,1773930228.597092,s,33.525165,s,12.45,mV
2026-03-19,15:23:48.848939,1773930228.848939,s,33.777012,s,12.45,mV
2026-03-19,15:23:49.097525,1773930229.097525,s,34.025598,s,13.42,mV
2026-03-19,15:23:49.349289,1773930229.349289,s,34.277362,s,13.42,mV
2026-03-19,15:23:49.597937,1773930229.597937,s,34.52601,s,16.56,mV
2026-03-19,15:23:49.849777,1773930229.849777,s,34.77785,s,16.56,mV
2026-03-19,15:23:50.098341,1773930230.098341,s,35.026414,s,15.73,mV
2026-03-19,15:23:50.350231,1773930230.350231,s,35.278304,s,15.73,mV
2026-03-19,15:23:50.598692,1773930230.598692,s,35.526765,s,15.73,mV
2026-03-19,15:23:50.850695,1773930230.850695,s,35.778768,s,16.55,mV
2026-03-19,15:23:51.098951,1773930231.098951,s,36.027024,s,16.55,mV
2026-03-19,15:23:51.351156,1773930231.351156,s,36.279229,s,15.59,mV
2026-03-19,15:23:51.599275,1773930231.599275,s,36.527348,s,15.59,mV
2026-03-19,15:23:51.851581,1773930231.851581,s,36.779654,s,15.59,mV
2026-03-19,15:23:52.099599,1773930232.099599,s,37.027672,s,13.59,mV
2026-03-19,15:23:52.352089,1773930232.352089,s,37.280162,s,13.59,mV
2026-03-19,15:23:52.599971,1773930232.599971,s,37.528044,s,13.59,mV
2026-03-19,15:23:52.852549,1773930232.852549,s,37.780622,s,13.59,mV
2026-03-19,15:23:53.100277,1773930233.100277,s,38.02835,s,13.59,mV
2026-03-19,15:23:53.352948,1773930233.352948,s,38.281021,s,13.59,mV
2026-03-19,15:23:53.600596,1773930233.600596,s,38.528669,s,9.98,mV
2026-03-19,15:23:53.853299,1773930233.853299,s,38.781372,s,9.98,mV
2026-03-19,15:23:54.100908,1773930234.100908,s,39.028981,s,9.98,mV
2026-03-19,15:23:54.353744,1773930234.353744,s,39.281817,s,9.35,mV
2026-03-19,15:23:54.601337,1773930234.601337,s,39.52941,s,9.35,mV
2026-03-19,15:23:54.854184,1773930234.854184,s,39.782257,s,9.35,mV
2026-03-19,15:23:55.101746,1773930235.101746,s,40.029819,s,9.35,mV
2026-03-19,15:23:55.354631,1773930235.354631,s,40.282704,s,12.25,mV
2026-03-19,15:23:55.602217,1773930235.602217,s,40.53029,s,12.25,mV
2026-03-19,15:23:55.855053,1773930235.855053,s,40.783126,s,12.25,mV
2026-03-19,15:23:56.102695,1773930236.102695,s,41.030768,s,13.02,mV
2026-03-19,15:23:56.355274,1773930236.355274,s,41.283347,s,13.02,mV
2026-03-19,15:23:56.603171,1773930236.603171,s,41.531244,s,13.55,mV
2026-03-19,15:23:56.855696,1773930236.855696,s,41.783769,s,13.55,mV
2026-03-19,15:23:57.103630,1773930237.10363,s,42.031703,s,15.4,mV
2026-03-19,15:23:57.356110,1773930237.35611,s,42.284183,s,15.4,mV
2026-03-19,15:23:57.603899,1773930237.603899,s,42.531972,s,15.4,mV
2026-03-19,15:23:57.856345,1773930237.856345,s,42.784418,s,16.91,mV
2026-03-19,15:23:58.104286,1773930238.104286,s,43.032359,s,16.91,mV
2026-03-19,15:23:58.356719,1773930238.356719,s,43.284792,s,17.2,mV
2026-03-19,15:23:58.604772,1773930238.604772,s,43.532845,s,17.2,mV
2026-03-19,15:23:58.857102,1773930238.857102,s,43.785175,s,13.72,mV
2026-03-19,15:23:59.105249,1773930239.105249,s,44.033322,s,13.72,mV
2026-03-19,15:23:59.357347,1773930239.357347,s,44.28542,s,14.08,mV
2026-03-19,15:23:59.605721,1773930239.605721,s,44.533794,s,14.08,mV
2026-03-19,15:23:59.857604,1773930239.857604,s,44.785677,s,14.08,mV
2026-03-19,15:24:00.106112,1773930240.106112,s,45.034185,s,12.14,mV
2026-03-19,15:24:00.357922,1773930240.357922,s,45.285995,s,12.14,mV
2026-03-19,15:24:00.606628,1773930240.606628,s,45.534701,s,11.42,mV
2026-03-19,15:24:00.858207,1773930240.858207,s,45.78628,s,11.42,mV
2026-03-19,15:24:01.107063,1773930241.107063,s,46.035136,s,11.42,mV
2026-03-19,15:24:01.358467,1773930241.358467,s,46.28654,s,9.4,mV
2026-03-19,15:24:01.607536,1773930241.607536,s,46.535609,s,9.4,mV
2026-03-19,15:24:01.858816,1773930241.858816,s,46.786889,s,9.4,mV
2026-03-19,15:24:02.108006,1773930242.108006,s,47.036079,s,9.4,mV
2026-03-19,15:24:02.359269,1773930242.359269,s,47.287342,s,9.73,mV
2026-03-19,15:24:02.608438,1773930242.608438,s,47.536511,s,9.73,mV
2026-03-19,15:24:02.859639,1773930242.859639,s,47.787712,s,9.73,mV
2026-03-19,15:24:03.108855,1773930243.108855,s,48.036928,s,11.37,mV
2026-03-19,15:24:03.359986,1773930243.359986,s,48.288059,s,11.37,mV
2026-03-19,15:24:03.609267,1773930243.609267,s,48.53734,s,13.53,mV
2026-03-19,15:24:03.860491,1773930243.860491,s,48.788564,s,13.53,mV
2026-03-19,15:24:04.109607,1773930244.109607,s,49.03768,s,13.42,mV
2026-03-19,15:24:04.360869,1773930244.360869,s,49.288942,s,13.42,mV
2026-03-19,15:24:04.609962,1773930244.609962,s,49.538035,s,13.42,mV
2026-03-19,15:24:04.861345,1773930244.861345,s,49.789418,s,16.72,mV
2026-03-19,15:24:05.110310,1773930245.11031,s,50.038383,s,16.72,mV
2026-03-19,15:24:05.362025,1773930245.362025,s,50.290098,s,17.21,mV
2026-03-19,15:24:05.610746,1773930245.610746,s,50.538819,s,17.21,mV
2026-03-19,15:24:05.862479,1773930245.862479,s,50.790552,s,17.21,mV
2026-03-19,15:24:06.111158,1773930246.111158,s,51.039231,s,16.04,mV
2026-03-19,15:24:06.362905,1773930246.362905,s,51.290978,s,16.04,mV
2026-03-19,15:24:06.611393,1773930246.611393,s,51.539466,s,13.94,mV
2026-03-19,15:24:06.863367,1773930246.863367,s,51.79144,s,13.94,mV
2026-03-19,15:24:07.111788,1773930247.111788,s,52.039861,s,13.43,mV
2026-03-19,15:24:07.363824,1773930247.363824,s,52.291897,s,13.43,mV
2026-03-19,15:24:07.612022,1773930247.612022,s,52.540095,s,13.43,mV
2026-03-19,15:24:07.864188,1773930247.864188,s,52.792261,s,11.66,mV
2026-03-19,15:24:08.112283,1773930248.112283,s,53.040356,s,11.66,mV
2026-03-19,15:24:08.364608,1773930248.364608,s,53.292681,s,11.66,mV
2026-03-19,15:24:08.612649,1773930248.612649,s,53.540722,s,11.66,mV
2026-03-19,15:24:08.864946,1773930248.864946,s,53.793019,s,12.97,mV
2026-03-19,15:24:09.113109,1773930249.113109,s,54.041182,s,12.97,mV
2026-03-19,15:24:09.365395,1773930249.365395,s,54.293468,s,9.03,mV
2026-03-19,15:24:09.613605,1773930249.613605,s,54.541678,s,9.03,mV
2026-03-19,15:24:09.865799,1773930249.865799,s,54.793872,s,9.03,mV
2026-03-19,15:24:10.113933,1773930250.113933,s,55.042006,s,12.92,mV
2026-03-19,15:24:10.366238,1773930250.366238,s,55.294311,s,12.92,mV
2026-03-19,15:24:10.614462,1773930250.614462,s,55.542535,s,11.69,mV
2026-03-19,15:24:10.866582,1773930250.866582,s,55.794655,s,11.69,mV
2026-03-19,15:24:11.114938,1773930251.114938,s,56.043011,s,13.57,mV
2026-03-19,15:24:11.366912,1773930251.366912,s,56.294985,s,13.57,mV
2026-03-19,15:24:11.615393,1773930251.615393,s,56.543466,s,13.57,mV
2026-03-19,15:24:11.867209,1773930251.867209,s,56.795282,s,15.9,mV
2026-03-19,15:24:12.115916,1773930252.115916,s,57.043989,s,15.9,mV
2026-03-19,15:24:12.367462,1773930252.367462,s,57.295535,s,16.97,mV
2026-03-19,15:24:12.616390,1773930252.61639,s,57.544463,s,16.97,mV
2026-03-19,15:24:12.867798,1773930252.867798,s,57.795871,s,16.66,mV
2026-03-19,15:24:13.116853,1773930253.116853,s,58.044926,s,16.66,mV
2026-03-19,15:24:13.368099,1773930253.368099,s,58.296172,s,16.66,mV
2026-03-19,15:24:13.617304,1773930253.617304,s,58.545377,s,15.29,mV
2026-03-19,15:24:13.868409,1773930253.868409,s,58.796482,s,15.29,mV
2026-03-19,15:24:14.117732,1773930254.117732,s,59.045805,s,14.33,mV
2026-03-19,15:24:14.368731,1773930254.368731,s,59.296804,s,14.33,mV
2026-03-19,15:24:14.618173,1773930254.618173,s,59.546246,s,14.19,mV
2026-03-19,15:24:14.869171,1773930254.869171,s,59.797244,s,14.19,mV
2026-03-19,15:24:15.118598,1773930255.118598,s,60.046671,s,12.61,mV
2026-03-19,15:24:15.369761,1773930255.369761,s,60.297834,s,12.61,mV
2026-03-19,15:24:15.618991,1773930255.618991,s,60.547064,s,12.61,mV
2026-03-19,15:24:15.870221,1773930255.870221,s,60.798294,s,11.44,mV
2026-03-19,15:24:16.119275,1773930256.119275,s,61.047348,s,11.44,mV
2026-03-19,15:24:16.370734,1773930256.370734,s,61.298807,s,11.44,mV
2026-03-19,15:24:16.619680,1773930256.61968,s,61.547753,s,11.44,mV
2026-03-19,15:24:16.871183,1773930256.871183,s,61.799256,s,12.89,mV
2026-03-19,15:24:17.119989,1773930257.119989,s,62.048062,s,12.89,mV
2026-03-19,15:24:17.371617,1773930257.371617,s,62.29969,s,12.89,mV
2026-03-19,15:24:17.620223,1773930257.620223,s,62.548296,s,12.89,mV
2026-03-19,15:24:17.872028,1773930257.872028,s,62.800101,s,12.89,mV
2026-03-19,15:24:18.120543,1773930258.120543,s,63.048616,s,12.85,mV
2026-03-19,15:24:18.372285,1773930258.372285,s,63.300358,s,12.85,mV
2026-03-19,15:24:18.620872,1773930258.620872,s,63.548945,s,12.85,mV
2026-03-19,15:24:18.872613,1773930258.872613,s,63.800686,s,13.03,mV
2026-03-19,15:24:19.121211,1773930259.121211,s,64.049284,s,13.03,mV
2026-03-19,15:24:19.373098,1773930259.373098,s,64.301171,s,13.62,mV
2026-03-19,15:24:19.621563,1773930259.621563,s,64.549636,s,13.62,mV
2026-03-19,15:24:19.873542,1773930259.873542,s,64.801615,s,15.53,mV
2026-03-19,15:24:20.121905,1773930260.121905,s,65.049978,s,15.53,mV
2026-03-19,15:24:20.373977,1773930260.373977,s,65.30205,s,15.89,mV
2026-03-19,15:24:20.622209,1773930260.622209,s,65.550282,s,15.89,mV
2026-03-19,15:24:20.874436,1773930260.874436,s,65.802509,s,15.89,mV
2026-03-19,15:24:21.122427,1773930261.122427,s,66.0505,s,17.49,mV
2026-03-19,15:24:21.374895,1773930261.374895,s,66.302968,s,17.49,mV
2026-03-19,15:24:21.623003,1773930261.623003,s,66.551076,s,14.95,mV
2026-03-19,15:24:21.875315,1773930261.875315,s,66.803388,s,14.95,mV
2026-03-19,15:24:22.123444,1773930262.123444,s,67.051517,s,14.95,mV
2026-03-19,15:24:22.375700,1773930262.3757,s,67.303773,s,15.1,mV
2026-03-19,15:24:22.623828,1773930262.623828,s,67.551901,s,15.1,mV
2026-03-19,15:24:22.876042,1773930262.876042,s,67.804115,s,14.45,mV
2026-03-19,15:24:23.124253,1773930263.124253,s,68.052326,s,14.45,mV
2026-03-19,15:24:23.376566,1773930263.376566,s,68.304639,s,12.96,mV
2026-03-19,15:24:23.624736,1773930263.624736,s,68.552809,s,12.96,mV
2026-03-19,15:24:23.876821,1773930263.876821,s,68.804894,s,12.96,mV
2026-03-19,15:24:24.125176,1773930264.125176,s,69.053249,s,12.96,mV
2026-03-19,15:24:24.377168,1773930264.377168,s,69.305241,s,12.96,mV
2026-03-19,15:24:24.625636,1773930264.625636,s,69.553709,s,12.96,mV
2026-03-19,15:24:24.877406,1773930264.877406,s,69.805479,s,12.96,mV
2026-03-19,15:24:25.125983,1773930265.125983,s,70.054056,s,9.95,mV
2026-03-19,15:24:25.377761,1773930265.377761,s,70.305834,s,9.95,mV
2026-03-19,15:24:25.626212,1773930265.626212,s,70.554285,s,9.95,mV
2026-03-19,15:24:25.878100,1773930265.8781,s,70.806173,s,9.31,mV
2026-03-19,15:24:26.126735,1773930266.126735,s,71.054808,s,9.31,mV
2026-03-19,15:24:26.378350,1773930266.37835,s,71.306423,s,9.31,mV
2026-03-19,15:24:26.627202,1773930266.627202,s,71.555275,s,9.31,mV
2026-03-19,15:24:26.878678,1773930266.878678,s,71.806751,s,12.58,mV
2026-03-19,15:24:27.127686,1773930267.127686,s,72.055759,s,12.58,mV
2026-03-19,15:24:27.379024,1773930267.379024,s,72.307097,s,12.58,mV
2026-03-19,15:24:27.628132,1773930267.628132,s,72.556205,s,14.77,mV
2026-03-19,15:24:27.879271,1773930267.879271,s,72.807344,s,14.77,mV
2026-03-19,15:24:28.128709,1773930268.128709,s,73.056782,s,14.69,mV
2026-03-19,15:24:28.379891,1773930268.379891,s,73.307964,s,14.69,mV
2026-03-19,15:24:28.629125,1773930268.629125,s,73.557198,s,14.69,mV
2026-03-19,15:24:28.880389,1773930268.880389,s,73.808462,s,15.71,mV
2026-03-19,15:24:29.129511,1773930269.129511,s,74.057584,s,15.71,mV
2026-03-19,15:24:29.380843,1773930269.380843,s,74.308916,s,16.92,mV
2026-03-19,15:24:29.629901,1773930269.629901,s,74.557974,s,16.92,mV
2026-03-19,15:24:29.881354,1773930269.881354,s,74.809427,s,15.47,mV
2026-03-19,15:24:30.130285,1773930270.130285,s,75.058358,s,15.47,mV
2026-03-19,15:24:30.381766,1773930270.381766,s,75.309839,s,15.47,mV
2026-03-19,15:24:30.630512,1773930270.630512,s,75.558585,s,14.45,mV
2026-03-19,15:24:30.882256,1773930270.882256,s,75.810329,s,14.45,mV
2026-03-19,15:24:31.130744,1773930271.130744,s,76.058817,s,13.83,mV
2026-03-19,15:24:31.382764,1773930271.382764,s,76.310837,s,13.83,mV
2026-03-19,15:24:31.631021,1773930271.631021,s,76.559094,s,12.49,mV
2026-03-19,15:24:31.883237,1773930271.883237,s,76.81131,s,12.49,mV
2026-03-19,15:24:32.131332,1773930272.131332,s,77.059405,s,12.49,mV
2026-03-19,15:24:32.383640,1773930272.38364,s,77.311713,s,12.49,mV
2026-03-19,15:24:32.631818,1773930272.631818,s,77.559891,s,12.49,mV
2026-03-19,15:24:32.884016,1773930272.884016,s,77.812089,s,12.49,mV
2026-03-19,15:24:33.132347,1773930273.132347,s,78.06042,s,12.49,mV
2026-03-19,15:24:33.384352,1773930273.384352,s,78.312425,s,12.52,mV
2026-03-19,15:24:33.632760,1773930273.63276,s,78.560833,s,12.52,mV
2026-03-19,15:24:33.884692,1773930273.884692,s,78.812765,s,9.68,mV
2026-03-19,15:24:34.133124,1773930274.133124,s,79.061197,s,9.68,mV
2026-03-19,15:24:34.385030,1773930274.38503,s,79.313103,s,9.68,mV
2026-03-19,15:24:34.633374,1773930274.633374,s,79.561447,s,11.99,mV
2026-03-19,15:24:34.885539,1773930274.885539,s,79.813612,s,11.99,mV
2026-03-19,15:24:35.133795,1773930275.133795,s,80.061868,s,13.25,mV
2026-03-19,15:24:35.385862,1773930275.385862,s,80.313935,s,13.25,mV
2026-03-19,15:24:35.634264,1773930275.634264,s,80.562337,s,13.86,mV
2026-03-19,15:24:35.886181,1773930275.886181,s,80.814254,s,13.86,mV
2026-03-19,15:24:36.134688,1773930276.134688,s,81.062761,s,16.47,mV
2026-03-19,15:24:36.386602,1773930276.386602,s,81.314675,s,16.47,mV
2026-03-19,15:24:36.635136,1773930276.635136,s,81.563209,s,16.47,mV
2026-03-19,15:24:36.886995,1773930276.886995,s,81.815068,s,14.2,mV
2026-03-19,15:24:37.135598,1773930277.135598,s,82.063671,s,14.2,mV
2026-03-19,15:24:37.387307,1773930277.387307,s,82.31538,s,16.55,mV
2026-03-19,15:24:37.636125,1773930277.636125,s,82.564198,s,16.55,mV
2026-03-19,15:24:37.887679,1773930277.887679,s,82.815752,s,14.37,mV
2026-03-19,15:24:38.136649,1773930278.136649,s,83.064722,s,14.37,mV
2026-03-19,15:24:38.388170,1773930278.38817,s,83.316243,s,14.37,mV
2026-03-19,15:24:38.636997,1773930278.636997,s,83.56507,s,15.71,mV
2026-03-19,15:24:38.888579,1773930278.888579,s,83.816652,s,15.71,mV
2026-03-19,15:24:39.137440,1773930279.13744,s,84.065513,s,13.94,mV
2026-03-19,15:24:39.388926,1773930279.388926,s,84.316999,s,13.94,mV
2026-03-19,15:24:39.637904,1773930279.637904,s,84.565977,s,12.89,mV
2026-03-19,15:24:39.889382,1773930279.889382,s,84.817455,s,12.89,mV
2026-03-19,15:24:40.138348,1773930280.138348,s,85.066421,s,12.89,mV
2026-03-19,15:24:40.389708,1773930280.389708,s,85.317781,s,11.62,mV
2026-03-19,15:24:40.638785,1773930280.638785,s,85.566858,s,11.62,mV
2026-03-19,15:24:40.890009,1773930280.890009,s,85.818082,s,11.57,mV
2026-03-19,15:24:41.139207,1773930281.139207,s,86.06728,s,11.57,mV
2026-03-19,15:24:41.390428,1773930281.390428,s,86.318501,s,9.59,mV
2026-03-19,15:24:41.639444,1773930281.639444,s,86.567517,s,9.59,mV
2026-03-19,15:24:41.890964,1773930281.890964,s,86.819037,s,9.59,mV
2026-03-19,15:24:42.139691,1773930282.139691,s,87.067764,s,11.27,mV
2026-03-19,15:24:42.391430,1773930282.39143,s,87.319503,s,11.27,mV
2026-03-19,15:24:42.640009,1773930282.640009,s,87.568082,s,11.26,mV
2026-03-19,15:24:42.891903,1773930282.891903,s,87.819976,s,11.26,mV
2026-03-19,15:24:43.140253,1773930283.140253,s,88.068326,s,12.7,mV
2026-03-19,15:24:43.392210,1773930283.39221,s,88.320283,s,12.7,mV
2026-03-19,15:24:43.640728,1773930283.640728,s,88.568801,s,13.47,mV
2026-03-19,15:24:43.892463,1773930283.892463,s,88.820536,s,13.47,mV
2026-03-19,15:24:44.141196,1773930284.141196,s,89.069269,s,13.47,mV
2026-03-19,15:24:44.392949,1773930284.392949,s,89.321022,s,15.77,mV
2026-03-19,15:24:44.641736,1773930284.641736,s,89.569809,s,15.77,mV
2026-03-19,15:24:44.893382,1773930284.893382,s,89.821455,s,15.68,mV
2026-03-19,15:24:45.142250,1773930285.14225,s,90.070323,s,15.68,mV
2026-03-19,15:24:45.393642,1773930285.393642,s,90.321715,s,15.68,mV
2026-03-19,15:24:45.642712,1773930285.642712,s,90.570785,s,17.27,mV
2026-03-19,15:24:45.894067,1773930285.894067,s,90.82214,s,17.27,mV
2026-03-19,15:24:46.143173,1773930286.143173,s,91.071246,s,15.0,mV
2026-03-19,15:24:46.394512,1773930286.394512,s,91.322585,s,15.0,mV
2026-03-19,15:24:46.643407,1773930286.643407,s,91.57148,s,16.57,mV
2026-03-19,15:24:46.894919,1773930286.894919,s,91.822992,s,16.57,mV
2026-03-19,15:24:47.143720,1773930287.14372,s,92.071793,s,16.57,mV
2026-03-19,15:24:47.395340,1773930287.39534,s,92.323413,s,16.35,mV
2026-03-19,15:24:47.644027,1773930287.644027,s,92.5721,s,16.35,mV
2026-03-19,15:24:47.895795,1773930287.895795,s,92.823868,s,14.08,mV
2026-03-19,15:24:48.144525,1773930288.144525,s,93.072598,s,14.08,mV
2026-03-19,15:24:48.396201,1773930288.396201,s,93.324274,s,12.09,mV
2026-03-19,15:24:48.644895,1773930288.644895,s,93.572968,s,12.09,mV
2026-03-19,15:24:48.896521,1773930288.896521,s,93.824594,s,12.09,mV
2026-03-19,15:24:49.145378,1773930289.145378,s,94.073451,s,12.09,mV
2026-03-19,15:24:49.396924,1773930289.396924,s,94.324997,s,12.09,mV
2026-03-19,15:24:49.645738,1773930289.645738,s,94.573811,s,11.5,mV
2026-03-19,15:24:49.897343,1773930289.897343,s,94.825416,s,11.5,mV
2026-03-19,15:24:50.146217,1773930290.146217,s,95.07429,s,9.87,mV
2026-03-19,15:24:50.397692,1773930290.397692,s,95.325765,s,9.87,mV
2026-03-19,15:24:50.646549,1773930290.646549,s,95.574622,s,9.87,mV
2026-03-19,15:24:50.898037,1773930290.898037,s,95.82611,s,9.87,mV
2026-03-19,15:24:51.147035,1773930291.147035,s,96.075108,s,9.87,mV
2026-03-19,15:24:51.398305,1773930291.398305,s,96.326378,s,11.88,mV
2026-03-19,15:24:51.647562,1773930291.647562,s,96.575635,s,11.88,mV
2026-03-19,15:24:51.898646,1773930291.898646,s,96.826719,s,11.81,mV
2026-03-19,15:24:52.147927,1773930292.147927,s,97.076,s,11.81,mV
2026-03-19,15:24:52.399074,1773930292.399074,s,97.327147,s,13.95,mV
2026-03-19,15:24:52.648393,1773930292.648393,s,97.576466,s,13.95,mV
2026-03-19,15:24:52.899349,1773930292.899349,s,97.827422,s,13.95,mV
2026-03-19,15:24:53.148848,1773930293.148848,s,98.076921,s,14.55,mV
2026-03-19,15:24:53.399588,1773930293.399588,s,98.327661,s,14.55,mV
2026-03-19,15:24:53.649165,1773930293.649165,s,98.577238,s,16.69,mV
2026-03-19,15:24:53.900014,1773930293.900014,s,98.828087,s,16.69,mV
2026-03-19,15:24:54.149556,1773930294.149556,s,99.077629,s,16.69,mV
2026-03-19,15:24:54.400413,1773930294.400413,s,99.328486,s,15.19,mV
2026-03-19,15:24:54.649897,1773930294.649897,s,99.57797,s,15.19,mV
2026-03-19,15:24:54.900966,1773930294.900966,s,99.829039,s,17.48,mV
2026-03-19,15:24:55.150213,1773930295.150213,s,100.078286,s,17.48,mV
2026-03-19,15:24:55.401483,1773930295.401483,s,100.329556,s,16.35,mV
2026-03-19,15:24:55.650442,1773930295.650442,s,100.578515,s,16.35,mV
2026-03-19,15:24:55.901812,1773930295.901812,s,100.829885,s,16.35,mV
2026-03-19,15:24:56.150913,1773930296.150913,s,101.078986,s,13.92,mV
2026-03-19,15:24:56.402178,1773930296.402178,s,101.330251,s,13.92,mV
2026-03-19,15:24:56.651361,1773930296.651361,s,101.579434,s,13.92,mV
2026-03-19,15:24:56.902646,1773930296.902646,s,101.830719,s,13.92,mV
2026-03-19,15:24:57.151805,1773930297.151805,s,102.079878,s,12.46,mV
2026-03-19,15:24:57.402988,1773930297.402988,s,102.331061,s,12.46,mV
2026-03-19,15:24:57.652143,1773930297.652143,s,102.580216,s,12.46,mV
2026-03-19,15:24:57.903454,1773930297.903454,s,102.831527,s,12.22,mV
2026-03-19,15:24:58.152686,1773930298.152686,s,103.080759,s,12.22,mV
2026-03-19,15:24:58.403887,1773930298.403887,s,103.33196,s,12.22,mV
2026-03-19,15:24:58.653126,1773930298.653126,s,103.581199,s,12.22,mV
2026-03-19,15:24:58.904355,1773930298.904355,s,103.832428,s,12.04,mV
2026-03-19,15:24:59.153355,1773930299.153355,s,104.081428,s,12.04,mV
2026-03-19,15:24:59.404586,1773930299.404586,s,104.332659,s,12.04,mV
2026-03-19,15:24:59.653621,1773930299.653621,s,104.581694,s,14.3,mV
2026-03-19,15:24:59.905039,1773930299.905039,s,104.833112,s,14.3,mV
2026-03-19,15:25:00.153943,1773930300.153943,s,105.082016,s,11.32,mV
2026-03-19,15:25:00.405532,1773930300.405532,s,105.333605,s,11.32,mV
2026-03-19,15:25:00.654342,1773930300.654342,s,105.582415,s,12.63,mV
2026-03-19,15:25:00.905965,1773930300.905965,s,105.834038,s,12.63,mV
2026-03-19,15:25:01.154838,1773930301.154838,s,106.082911,s,13.78,mV
2026-03-19,15:25:01.406359,1773930301.406359,s,106.334432,s,13.78,mV
2026-03-19,15:25:01.655166,1773930301.655166,s,106.583239,s,13.78,mV
2026-03-19,15:25:01.906759,1773930301.906759,s,106.834832,s,15.0,mV
2026-03-19,15:25:02.155621,1773930302.155621,s,107.083694,s,15.0,mV
2026-03-19,15:25:02.407149,1773930302.407149,s,107.335222,s,13.55,mV
2026-03-19,15:25:02.656065,1773930302.656065,s,107.584138,s,13.55,mV
2026-03-19,15:25:02.907530,1773930302.90753,s,107.835603,s,17.5,mV
2026-03-19,15:25:03.156507,1773930303.156507,s,108.08458,s,17.5,mV
2026-03-19,15:25:03.407892,1773930303.407892,s,108.335965,s,17.5,mV
2026-03-19,15:25:03.656965,1773930303.656965,s,108.585038,s,17.51,mV
2026-03-19,15:25:03.908153,1773930303.908153,s,108.836226,s,17.51,mV
2026-03-19,15:25:04.157488,1773930304.157488,s,109.085561,s,16.18,mV
2026-03-19,15:25:04.408487,1773930304.408487,s,109.33656,s,16.18,mV
2026-03-19,15:25:04.657955,1773930304.657955,s,109.586028,s,15.07,mV
2026-03-19,15:25:04.908770,1773930304.90877,s,109.836843,s,15.07,mV
2026-03-19,15:25:05.158436,1773930305.158436,s,110.086509,s,13.75,mV
2026-03-19,15:25:05.409065,1773930305.409065,s,110.337138,s,13.75,mV
2026-03-19,15:25:05.658860,1773930305.65886,s,110.586933,s,13.75,mV
2026-03-19,15:25:05.909365,1773930305.909365,s,110.837438,s,12.65,mV
2026-03-19,15:25:06.159344,1773930306.159344,s,111.087417,s,12.65,mV
2026-03-19,15:25:06.409714,1773930306.409714,s,111.337787,s,12.06,mV
2026-03-19,15:25:06.659785,1773930306.659785,s,111.587858,s,12.06,mV
2026-03-19,15:25:06.910033,1773930306.910033,s,111.838106,s,9.54,mV
2026-03-19,15:25:07.160237,1773930307.160237,s,112.08831,s,9.54,mV
2026-03-19,15:25:07.410251,1773930307.410251,s,112.338324,s,9.54,mV
2026-03-19,15:25:07.660668,1773930307.660668,s,112.588741,s,12.61,mV
2026-03-19,15:25:07.910463,1773930307.910463,s,112.838536,s,12.61,mV
2026-03-19,15:25:08.161087,1773930308.161087,s,113.08916,s,9.21,mV
2026-03-19,15:25:08.410806,1773930308.410806,s,113.338879,s,9.21,mV
2026-03-19,15:25:08.661538,1773930308.661538,s,113.589611,s,13.0,mV
2026-03-19,15:25:08.911144,1773930308.911144,s,113.839217,s,13.0,mV
2026-03-19,15:25:09.161935,1773930309.161935,s,114.090008,s,13.0,mV
2026-03-19,15:25:09.411416,1773930309.411416,s,114.339489,s,11.24,mV
2026-03-19,15:25:09.662386,1773930309.662386,s,114.590459,s,11.24,mV
2026-03-19,15:25:09.911785,1773930309.911785,s,114.839858,s,12.84,mV
2026-03-19,15:25:10.162857,1773930310.162857,s,115.09093,s,12.84,mV
2026-03-19,15:25:10.412285,1773930310.412285,s,115.340358,s,14.01,mV
2026-03-19,15:25:10.663206,1773930310.663206,s,115.591279,s,14.01,mV
2026-03-19,15:25:10.912537,1773930310.912537,s,115.84061,s,14.01,mV
2026-03-19,15:25:11.163704,1773930311.163704,s,116.091777,s,16.0,mV
2026-03-19,15:25:11.413012,1773930311.413012,s,116.341085,s,16.0,mV
2026-03-19,15:25:11.664139,1773930311.664139,s,116.592212,s,16.43,mV
2026-03-19,15:25:11.913286,1773930311.913286,s,116.841359,s,16.43,mV
2026-03-19,15:25:12.164573,1773930312.164573,s,117.092646,s,15.84,mV
2026-03-19,15:25:12.413769,1773930312.413769,s,117.341842,s,15.84,mV
2026-03-19,15:25:12.665024,1773930312.665024,s,117.593097,s,15.84,mV
2026-03-19,15:25:12.914254,1773930312.914254,s,117.842327,s,16.55,mV
2026-03-19,15:25:13.165288,1773930313.165288,s,118.093361,s,16.55,mV
2026-03-19,15:25:13.414688,1773930313.414688,s,118.342761,s,14.77,mV
2026-03-19,15:25:13.665586,1773930313.665586,s,118.593659,s,14.77,mV
2026-03-19,15:25:13.915142,1773930313.915142,s,118.843215,s,13.89,mV
2026-03-19,15:25:14.165877,1773930314.165877,s,119.09395,s,13.89,mV
2026-03-19,15:25:14.415586,1773930314.415586,s,119.343659,s,13.06,mV
2026-03-19,15:25:14.666310,1773930314.66631,s,119.594383,s,13.06,mV
2026-03-19,15:25:14.915948,1773930314.915948,s,119.844021,s,13.06,mV
2026-03-19,15:25:15.166912,1773930315.166912,s,120.094985,s,11.81,mV
2026-03-19,15:25:15.416222,1773930315.416222,s,120.344295,s,11.81,mV
2026-03-19,15:25:15.667231,1773930315.667231,s,120.595304,s,13.4,mV
2026-03-19,15:25:15.916722,1773930315.916722,s,120.844795,s,13.4,mV
2026-03-19,15:25:16.167748,1773930316.167748,s,121.095821,s,8.91,mV
2026-03-19,15:25:16.417051,1773930316.417051,s,121.345124,s,8.91,mV
2026-03-19,15:25:16.668102,1773930316.668102,s,121.596175,s,8.91,mV
2026-03-19,15:25:16.917281,1773930316.917281,s,121.845354,s,8.91,mV
2026-03-19,15:25:17.168376,1773930317.168376,s,122.096449,s,8.91,mV
2026-03-19,15:25:17.417670,1773930317.41767,s,122.345743,s,9.53,mV
2026-03-19,15:25:17.668845,1773930317.668845,s,122.596918,s,9.53,mV
2026-03-19,15:25:17.918117,1773930317.918117,s,122.84619,s,13.13,mV
2026-03-19,15:25:18.169304,1773930318.169304,s,123.097377,s,13.13,mV
2026-03-19,15:25:18.418415,1773930318.418415,s,123.346488,s,13.13,mV
2026-03-19,15:25:18.669762,1773930318.669762,s,123.597835,s,13.04,mV
2026-03-19,15:25:18.918863,1773930318.918863,s,123.846936,s,13.04,mV
2026-03-19,15:25:19.170185,1773930319.170185,s,124.098258,s,14.02,mV
2026-03-19,15:25:19.419343,1773930319.419343,s,124.347416,s,14.02,mV
2026-03-19,15:25:19.670425,1773930319.670425,s,124.598498,s,16.68,mV
2026-03-19,15:25:19.919797,1773930319.919797,s,124.84787,s,16.68,mV
2026-03-19,15:25:20.170765,1773930320.170765,s,125.098838,s,16.68,mV
2026-03-19,15:25:20.420226,1773930320.420226,s,125.348299,s,15.04,mV
2026-03-19,15:25:20.671211,1773930320.671211,s,125.599284,s,15.04,mV
2026-03-19,15:25:20.920667,1773930320.920667,s,125.84874,s,15.77,mV
2026-03-19,15:25:21.171596,1773930321.171596,s,126.099669,s,15.77,mV
2026-03-19,15:25:21.421276,1773930321.421276,s,126.349349,s,16.89,mV
2026-03-19,15:25:21.671944,1773930321.671944,s,126.600017,s,16.89,mV
2026-03-19,15:25:21.921684,1773930321.921684,s,126.849757,s,16.89,mV
2026-03-19,15:25:22.172234,1773930322.172234,s,127.100307,s,15.19,mV
2026-03-19,15:25:22.422159,1773930322.422159,s,127.350232,s,15.19,mV
2026-03-19,15:25:22.672576,1773930322.672576,s,127.600649,s,14.47,mV
2026-03-19,15:25:22.922633,1773930322.922633,s,127.850706,s,14.47,mV
2026-03-19,15:25:23.172962,1773930323.172962,s,128.101035,s,13.28,mV
2026-03-19,15:25:23.423107,1773930323.423107,s,128.35118,s,13.28,mV
2026-03-19,15:25:23.673201,1773930323.673201,s,128.601274,s,12.4,mV
2026-03-19,15:25:23.923559,1773930323.923559,s,128.851632,s,12.4,mV
2026-03-19,15:25:24.173499,1773930324.173499,s,129.101572,s,12.4,mV
2026-03-19,15:25:24.424000,1773930324.424,s,129.352073,s,11.68,mV
2026-03-19,15:25:24.673731,1773930324.673731,s,129.601804,s,11.68,mV
2026-03-19,15:25:24.924473,1773930324.924473,s,129.852546,s,12.87,mV
2026-03-19,15:25:25.174144,1773930325.174144,s,130.102217,s,12.87,mV
2026-03-19,15:25:25.424749,1773930325.424749,s,130.352822,s,12.87,mV
2026-03-19,15:25:25.674602,1773930325.674602,s,130.602675,s,12.46,mV
2026-03-19,15:25:25.925225,1773930325.925225,s,130.853298,s,12.46,mV
2026-03-19,15:25:26.175174,1773930326.175174,s,131.103247,s,12.46,mV
2026-03-19,15:25:26.425564,1773930326.425564,s,131.353637,s,12.46,mV
2026-03-19,15:25:26.675638,1773930326.675638,s,131.603711,s,12.67,mV
2026-03-19,15:25:26.926010,1773930326.92601,s,131.854083,s,12.67,mV
2026-03-19,15:25:27.176107,1773930327.176107,s,132.10418,s,12.34,mV
2026-03-19,15:25:27.426264,1773930327.426264,s,132.354337,s,12.34,mV
2026-03-19,15:25:27.676545,1773930327.676545,s,132.604618,s,12.34,mV
2026-03-19,15:25:27.926688,1773930327.926688,s,132.854761,s,13.29,mV
2026-03-19,15:25:28.176775,1773930328.176775,s,133.104848,s,13.29,mV
2026-03-19,15:25:28.427137,1773930328.427137,s,133.35521,s,13.79,mV
2026-03-19,15:25:28.677211,1773930328.677211,s,133.605284,s,13.79,mV
2026-03-19,15:25:28.927625,1773930328.927625,s,133.855698,s,16.8,mV
2026-03-19,15:25:29.177680,1773930329.17768,s,134.105753,s,16.8,mV
2026-03-19,15:25:29.427954,1773930329.427954,s,134.356027,s,16.8,mV
2026-03-19,15:25:29.678180,1773930329.67818,s,134.606253,s,17.02,mV
2026-03-19,15:25:29.928212,1773930329.928212,s,134.856285,s,17.02,mV
2026-03-19,15:25:30.178630,1773930330.17863,s,135.106703,s,17.93,mV
2026-03-19,15:25:30.428536,1773930330.428536,s,135.356609,s,17.93,mV
2026-03-19,15:25:30.679050,1773930330.67905,s,135.607123,s,15.69,mV
2026-03-19,15:25:30.928865,1773930330.928865,s,135.856938,s,15.69,mV
2026-03-19,15:25:31.179315,1773930331.179315,s,136.107388,s,15.69,mV
2026-03-19,15:25:31.429122,1773930331.429122,s,136.357195,s,16.14,mV
2026-03-19,15:25:31.679685,1773930331.679685,s,136.607758,s,16.14,mV
2026-03-19,15:25:31.929686,1773930331.929686,s,136.857759,s,13.48,mV
2026-03-19,15:25:32.180069,1773930332.180069,s,137.108142,s,13.48,mV
2026-03-19,15:25:32.430127,1773930332.430127,s,137.3582,s,11.95,mV
2026-03-19,15:25:32.680292,1773930332.680292,s,137.608365,s,11.95,mV
2026-03-19,15:25:32.930552,1773930332.930552,s,137.858625,s,12.65,mV
2026-03-19,15:25:33.180733,1773930333.180733,s,138.108806,s,12.65,mV
2026-03-19,15:25:33.431010,1773930333.43101,s,138.359083,s,12.65,mV
2026-03-19,15:25:33.681142,1773930333.681142,s,138.609215,s,9.94,mV
2026-03-19,15:25:33.931471,1773930333.931471,s,138.859544,s,9.94,mV
2026-03-19,15:25:34.181592,1773930334.181592,s,139.109665,s,13.08,mV
2026-03-19,15:25:34.431884,1773930334.431884,s,139.359957,s,13.08,mV
2026-03-19,15:25:34.681991,1773930334.681991,s,139.610064,s,13.08,mV
2026-03-19,15:25:34.932345,1773930334.932345,s,139.860418,s,13.08,mV
2026-03-19,15:25:35.182498,1773930335.182498,s,140.110571,s,13.08,mV
2026-03-19,15:25:35.432815,1773930335.432815,s,140.360888,s,13.08,mV
2026-03-19,15:25:35.682922,1773930335.682922,s,140.610995,s,13.08,mV
2026-03-19,15:25:35.933150,1773930335.93315,s,140.861223,s,13.08,mV
2026-03-19,15:25:36.183408,1773930336.183408,s,141.111481,s,13.08,mV
2026-03-19,15:25:36.433359,1773930336.433359,s,141.361432,s,13.08,mV
2026-03-19,15:25:36.683809,1773930336.683809,s,141.611882,s,11.86,mV
2026-03-19,15:25:36.933680,1773930336.93368,s,141.861753,s,11.86,mV
2026-03-19,15:25:37.184140,1773930337.18414,s,142.112213,s,13.89,mV
2026-03-19,15:25:37.434120,1773930337.43412,s,142.362193,s,13.89,mV
2026-03-19,15:25:37.684359,1773930337.684359,s,142.612432,s,14.52,mV
2026-03-19,15:25:37.934567,1773930337.934567,s,142.86264,s,14.52,mV
2026-03-19,15:25:38.184737,1773930338.184737,s,143.11281,s,14.52,mV
2026-03-19,15:25:38.435005,1773930338.435005,s,143.363078,s,15.16,mV
2026-03-19,15:25:38.685082,1773930338.685082,s,143.613155,s,15.16,mV
2026-03-19,15:25:38.935417,1773930338.935417,s,143.86349,s,16.58,mV
2026-03-19,15:25:39.185569,1773930339.185569,s,144.113642,s,16.58,mV
2026-03-19,15:25:39.435870,1773930339.43587,s,144.363943,s,16.58,mV
2026-03-19,15:25:39.685947,1773930339.685947,s,144.61402,s,17.62,mV
2026-03-19,15:25:39.936290,1773930339.93629,s,144.864363,s,17.62,mV
2026-03-19,15:25:40.186505,1773930340.186505,s,145.114578,s,16.76,mV
2026-03-19,15:25:40.436740,1773930340.43674,s,145.364813,s,16.76,mV
2026-03-19,15:25:40.686860,1773930340.68686,s,145.614933,s,16.72,mV
2026-03-19,15:25:40.937179,1773930340.937179,s,145.865252,s,16.72,mV
2026-03-19,15:25:41.187285,1773930341.187285,s,146.115358,s,16.72,mV
2026-03-19,15:25:41.437615,1773930341.437615,s,146.365688,s,14.66,mV
2026-03-19,15:25:41.687617,1773930341.687617,s,146.61569,s,14.66,mV
2026-03-19,15:25:41.938053,1773930341.938053,s,146.866126,s,13.57,mV
2026-03-19,15:25:42.188064,1773930342.188064,s,147.116137,s,13.57,mV
2026-03-19,15:25:42.438277,1773930342.438277,s,147.36635,s,11.34,mV
2026-03-19,15:25:42.688310,1773930342.68831,s,147.616383,s,11.34,mV
2026-03-19,15:25:42.938618,1773930342.938618,s,147.866691,s,11.34,mV
2026-03-19,15:25:43.188794,1773930343.188794,s,148.116867,s,11.51,mV
2026-03-19,15:25:43.438948,1773930343.438948,s,148.367021,s,11.51,mV
2026-03-19,15:25:43.689137,1773930343.689137,s,148.61721,s,11.51,mV
2026-03-19,15:25:43.939266,1773930343.939266,s,148.867339,s,11.51,mV
2026-03-19,15:25:44.189577,1773930344.189577,s,149.11765,s,9.74,mV
2026-03-19,15:25:44.439720,1773930344.43972,s,149.367793,s,9.74,mV
2026-03-19,15:25:44.689885,1773930344.689885,s,149.617958,s,11.13,mV
2026-03-19,15:25:44.940150,1773930344.94015,s,149.868223,s,11.13,mV
2026-03-19,15:25:45.190300,1773930345.1903,s,150.118373,s,11.13,mV
2026-03-19,15:25:45.440692,1773930345.440692,s,150.368765,s,11.13,mV
2026-03-19,15:25:45.690759,1773930345.690759,s,150.618832,s,11.13,mV
2026-03-19,15:25:45.941037,1773930345.941037,s,150.86911,s,11.73,mV
2026-03-19,15:25:46.191229,1773930346.191229,s,151.119302,s,11.73,mV
2026-03-19,15:25:46.441395,1773930346.441395,s,151.369468,s,13.31,mV
2026-03-19,15:25:46.691616,1773930346.691616,s,151.619689,s,13.31,mV
2026-03-19,15:25:46.941718,1773930346.941718,s,151.869791,s,13.31,mV
2026-03-19,15:25:47.192086,1773930347.192086,s,152.120159,s,14.79,mV
2026-03-19,15:25:47.442145,1773930347.442145,s,152.370218,s,14.79,mV
2026-03-19,15:25:47.692423,1773930347.692423,s,152.620496,s,16.01,mV
2026-03-19,15:25:47.942370,1773930347.94237,s,152.870443,s,16.01,mV
2026-03-19,15:25:48.192895,1773930348.192895,s,153.120968,s,13.52,mV
2026-03-19,15:25:48.442751,1773930348.442751,s,153.370824,s,13.52,mV
2026-03-19,15:25:48.693227,1773930348.693227,s,153.6213,s,17.44,mV
2026-03-19,15:25:48.943162,1773930348.943162,s,153.871235,s,17.44,mV
2026-03-19,15:25:49.193559,1773930349.193559,s,154.121632,s,17.44,mV
2026-03-19,15:25:49.443535,1773930349.443535,s,154.371608,s,16.68,mV
2026-03-19,15:25:49.693876,1773930349.693876,s,154.621949,s,16.68,mV
2026-03-19,15:25:49.943996,1773930349.943996,s,154.872069,s,13.06,mV
2026-03-19,15:25:50.194202,1773930350.194202,s,155.122275,s,13.06,mV
2026-03-19,15:25:50.444462,1773930350.444462,s,155.372535,s,13.39,mV
2026-03-19,15:25:50.694505,1773930350.694505,s,155.622578,s,13.39,mV
2026-03-19,15:25:50.944785,1773930350.944785,s,155.872858,s,13.39,mV
2026-03-19,15:25:51.194862,1773930351.194862,s,156.122935,s,13.1,mV
2026-03-19,15:25:51.445305,1773930351.445305,s,156.373378,s,13.1,mV
2026-03-19,15:25:51.695198,1773930351.695198,s,156.623271,s,11.92,mV
2026-03-19,15:25:51.945631,1773930351.945631,s,156.873704,s,11.92,mV
2026-03-19,15:25:52.195537,1773930352.195537,s,157.12361,s,11.92,mV
2026-03-19,15:25:52.446173,1773930352.446173,s,157.374246,s,11.92,mV
2026-03-19,15:25:52.695885,1773930352.695885,s,157.623958,s,11.92,mV
2026-03-19,15:25:52.946702,1773930352.946702,s,157.874775,s,11.23,mV
2026-03-19,15:25:53.196314,1773930353.196314,s,158.124387,s,11.23,mV
2026-03-19,15:25:53.447121,1773930353.447121,s,158.375194,s,9.5,mV
2026-03-19,15:25:53.696837,1773930353.696837,s,158.62491,s,9.5,mV
2026-03-19,15:25:53.947541,1773930353.947541,s,158.875614,s,9.5,mV
2026-03-19,15:25:54.197335,1773930354.197335,s,159.125408,s,9.5,mV
2026-03-19,15:25:54.447962,1773930354.447962,s,159.376035,s,9.5,mV
2026-03-19,15:25:54.697793,1773930354.697793,s,159.625866,s,11.8,mV
2026-03-19,15:25:54.948434,1773930354.948434,s,159.876507,s,11.8,mV
2026-03-19,15:25:55.198237,1773930355.198237,s,160.12631,s,12.01,mV
2026-03-19,15:25:55.448842,1773930355.448842,s,160.376915,s,12.01,mV
2026-03-19,15:25:55.698564,1773930355.698564,s,160.626637,s,12.01,mV
2026-03-19,15:25:55.949293,1773930355.949293,s,160.877366,s,13.27,mV
2026-03-19,15:25:56.198892,1773930356.198892,s,161.126965,s,13.27,mV
2026-03-19,15:25:56.449615,1773930356.449615,s,161.377688,s,13.8,mV
2026-03-19,15:25:56.699208,1773930356.699208,s,161.627281,s,13.8,mV
2026-03-19,15:25:56.949941,1773930356.949941,s,161.878014,s,15.12,mV
2026-03-19,15:25:57.199656,1773930357.199656,s,162.127729,s,15.12,mV
2026-03-19,15:25:57.450269,1773930357.450269,s,162.378342,s,15.12,mV
2026-03-19,15:25:57.699972,1773930357.699972,s,162.628045,s,14.17,mV
2026-03-19,15:25:57.950513,1773930357.950513,s,162.878586,s,14.17,mV
2026-03-19,15:25:58.200430,1773930358.20043,s,163.128503,s,14.48,mV
2026-03-19,15:25:58.450971,1773930358.450971,s,163.379044,s,14.48,mV
2026-03-19,15:25:58.700840,1773930358.70084,s,163.628913,s,15.05,mV
2026-03-19,15:25:58.951371,1773930358.951371,s,163.879444,s,15.05,mV
2026-03-19,15:25:59.201057,1773930359.201057,s,164.12913,s,15.05,mV
2026-03-19,15:25:59.451795,1773930359.451795,s,164.379868,s,16.65,mV
2026-03-19,15:25:59.701474,1773930359.701474,s,164.629547,s,16.65,mV
2026-03-19,15:25:59.952206,1773930359.952206,s,164.880279,s,13.98,mV
2026-03-19,15:26:00.201913,1773930360.201913,s,165.129986,s,13.98,mV
2026-03-19,15:26:00.452436,1773930360.452436,s,165.380509,s,15.04,mV
2026-03-19,15:26:00.702271,1773930360.702271,s,165.630344,s,15.04,mV
2026-03-19,15:26:00.952896,1773930360.952896,s,165.880969,s,15.04,mV
2026-03-19,15:26:01.202680,1773930361.20268,s,166.130753,s,13.06,mV
2026-03-19,15:26:01.453361,1773930361.453361,s,166.381434,s,13.06,mV
2026-03-19,15:26:01.703045,1773930361.703045,s,166.631118,s,11.84,mV
2026-03-19,15:26:01.953862,1773930361.953862,s,166.881935,s,11.84,mV
2026-03-19,15:26:02.203456,1773930362.203456,s,167.131529,s,11.84,mV
2026-03-19,15:26:02.454326,1773930362.454326,s,167.382399,s,11.28,mV
2026-03-19,15:26:02.703879,1773930362.703879,s,167.631952,s,11.28,mV
2026-03-19,15:26:02.954763,1773930362.954763,s,167.882836,s,9.91,mV
2026-03-19,15:26:03.204284,1773930363.204284,s,168.132357,s,9.91,mV
2026-03-19,15:26:03.455145,1773930363.455145,s,168.383218,s,9.91,mV
2026-03-19,15:26:03.704520,1773930363.70452,s,168.632593,s,9.91,mV
2026-03-19,15:26:03.955560,1773930363.95556,s,168.883633,s,9.91,mV
2026-03-19,15:26:04.204833,1773930364.204833,s,169.132906,s,11.27,mV
2026-03-19,15:26:04.456004,1773930364.456004,s,169.384077,s,11.27,mV
2026-03-19,15:26:04.705261,1773930364.705261,s,169.633334,s,11.27,mV
2026-03-19,15:26:04.956501,1773930364.956501,s,169.884574,s,11.27,mV
2026-03-19,15:26:05.205715,1773930365.205715,s,170.133788,s,12.5,mV
2026-03-19,15:26:05.456875,1773930365.456875,s,170.384948,s,12.5,mV
2026-03-19,15:26:05.706153,1773930365.706153,s,170.634226,s,13.0,mV
2026-03-19,15:26:05.957323,1773930365.957323,s,170.885396,s,13.0,mV
2026-03-19,15:26:06.206431,1773930366.206431,s,171.134504,s,13.0,mV
2026-03-19,15:26:06.457757,1773930366.457757,s,171.38583,s,14.26,mV
2026-03-19,15:26:06.706897,1773930366.706897,s,171.63497,s,14.26,mV
2026-03-19,15:26:06.958217,1773930366.958217,s,171.88629,s,14.3,mV
2026-03-19,15:26:07.207334,1773930367.207334,s,172.135407,s,14.3,mV
2026-03-19,15:26:07.458690,1773930367.45869,s,172.386763,s,16.49,mV
2026-03-19,15:26:07.707831,1773930367.707831,s,172.635904,s,16.49,mV
2026-03-19,15:26:07.959006,1773930367.959006,s,172.887079,s,16.49,mV
2026-03-19,15:26:08.208275,1773930368.208275,s,173.136348,s,17.01,mV
2026-03-19,15:26:08.459457,1773930368.459457,s,173.38753,s,17.01,mV
2026-03-19,15:26:08.708714,1773930368.708714,s,173.636787,s,14.22,mV
2026-03-19,15:26:08.959834,1773930368.959834,s,173.887907,s,14.22,mV
2026-03-19,15:26:09.209143,1773930369.209143,s,174.137216,s,14.46,mV
2026-03-19,15:26:09.460196,1773930369.460196,s,174.388269,s,14.46,mV
2026-03-19,15:26:09.709516,1773930369.709516,s,174.637589,s,15.02,mV
2026-03-19,15:26:09.960500,1773930369.9605,s,174.888573,s,15.02,mV
2026-03-19,15:26:10.209934,1773930370.209934,s,175.138007,s,15.02,mV
2026-03-19,15:26:10.460776,1773930370.460776,s,175.388849,s,13.9,mV
2026-03-19,15:26:10.710350,1773930370.71035,s,175.638423,s,13.9,mV
2026-03-19,15:26:10.961225,1773930370.961225,s,175.889298,s,13.07,mV
2026-03-19,15:26:11.210774,1773930371.210774,s,176.138847,s,13.07,mV
2026-03-19,15:26:11.461644,1773930371.461644,s,176.389717,s,11.88,mV
2026-03-19,15:26:11.711194,1773930371.711194,s,176.639267,s,11.88,mV
2026-03-19,15:26:11.962042,1773930371.962042,s,176.890115,s,11.88,mV
2026-03-19,15:26:12.211616,1773930372.211616,s,177.139689,s,11.48,mV
2026-03-19,15:26:12.462559,1773930372.462559,s,177.390632,s,11.48,mV
2026-03-19,15:26:12.712037,1773930372.712037,s,177.64011,s,11.03,mV
2026-03-19,15:26:12.963001,1773930372.963001,s,177.891074,s,11.03,mV
2026-03-19,15:26:13.212480,1773930373.21248,s,178.140553,s,11.03,mV
2026-03-19,15:26:13.463546,1773930373.463546,s,178.391619,s,11.03,mV
2026-03-19,15:26:13.712820,1773930373.71282,s,178.640893,s,11.03,mV
2026-03-19,15:26:13.964040,1773930373.96404,s,178.892113,s,13.32,mV
2026-03-19,15:26:14.213256,1773930374.213256,s,179.141329,s,13.32,mV
2026-03-19,15:26:14.464296,1773930374.464296,s,179.392369,s,13.32,mV
2026-03-19,15:26:14.713663,1773930374.713663,s,179.641736,s,13.32,mV
2026-03-19,15:26:14.964745,1773930374.964745,s,179.892818,s,11.59,mV
2026-03-19,15:26:15.214009,1773930375.214009,s,180.142082,s,11.59,mV
2026-03-19,15:26:15.465062,1773930375.465062,s,180.393135,s,11.59,mV
2026-03-19,15:26:15.714289,1773930375.714289,s,180.642362,s,12.97,mV
2026-03-19,15:26:15.965537,1773930375.965537,s,180.89361,s,12.97,mV
2026-03-19,15:26:16.214591,1773930376.214591,s,181.142664,s,13.91,mV
2026-03-19,15:26:16.465881,1773930376.465881,s,181.393954,s,13.91,mV
2026-03-19,15:26:16.714901,1773930376.714901,s,181.642974,s,13.91,mV
2026-03-19,15:26:16.966317,1773930376.966317,s,181.89439,s,14.59,mV
2026-03-19,15:26:17.215339,1773930377.215339,s,182.143412,s,14.59,mV
2026-03-19,15:26:17.466741,1773930377.466741,s,182.394814,s,13.85,mV
2026-03-19,15:26:17.715807,1773930377.715807,s,182.64388,s,13.85,mV
2026-03-19,15:26:17.967101,1773930377.967101,s,182.895174,s,15.81,mV
2026-03-19,15:26:18.216185,1773930378.216185,s,183.144258,s,15.81,mV
2026-03-19,15:26:18.467343,1773930378.467343,s,183.395416,s,15.81,mV
2026-03-19,15:26:18.716595,1773930378.716595,s,183.644668,s,16.77,mV
2026-03-19,15:26:18.967798,1773930378.967798,s,183.895871,s,16.77,mV
2026-03-19,15:26:19.217116,1773930379.217116,s,184.145189,s,16.3,mV
2026-03-19,15:26:19.468264,1773930379.468264,s,184.396337,s,16.3,mV
2026-03-19,15:26:19.717523,1773930379.717523,s,184.645596,s,16.54,mV
2026-03-19,15:26:19.968606,1773930379.968606,s,184.896679,s,16.54,mV
2026-03-19,15:26:20.217879,1773930380.217879,s,185.145952,s,16.54,mV
2026-03-19,15:26:20.468932,1773930380.468932,s,185.397005,s,16.1,mV
2026-03-19,15:26:20.718231,1773930380.718231,s,185.646304,s,16.1,mV
2026-03-19,15:26:20.969212,1773930380.969212,s,185.897285,s,13.35,mV
2026-03-19,15:26:21.218610,1773930381.21861,s,186.146683,s,13.35,mV
2026-03-19,15:26:21.469594,1773930381.469594,s,186.397667,s,13.77,mV
2026-03-19,15:26:21.718971,1773930381.718971,s,186.647044,s,13.77,mV
2026-03-19,15:26:21.969896,1773930381.969896,s,186.897969,s,13.77,mV
2026-03-19,15:26:22.219340,1773930382.21934,s,187.147413,s,12.45,mV
2026-03-19,15:26:22.470208,1773930382.470208,s,187.398281,s,12.45,mV
2026-03-19,15:26:22.719696,1773930382.719696,s,187.647769,s,12.45,mV
2026-03-19,15:26:22.970438,1773930382.970438,s,187.898511,s,12.45,mV
2026-03-19,15:26:23.220128,1773930383.220128,s,188.148201,s,12.45,mV
2026-03-19,15:26:23.470766,1773930383.470766,s,188.398839,s,11.25,mV
2026-03-19,15:26:23.720549,1773930383.720549,s,188.648622,s,11.25,mV
2026-03-19,15:26:23.970999,1773930383.970999,s,188.899072,s,11.81,mV
2026-03-19,15:26:24.220835,1773930384.220835,s,189.148908,s,11.81,mV
2026-03-19,15:26:24.471556,1773930384.471556,s,189.399629,s,14.15,mV
2026-03-19,15:26:24.721202,1773930384.721202,s,189.649275,s,14.15,mV
2026-03-19,15:26:24.971897,1773930384.971897,s,189.89997,s,11.1,mV
2026-03-19,15:26:25.221490,1773930385.22149,s,190.149563,s,11.1,mV
2026-03-19,15:26:25.472241,1773930385.472241,s,190.400314,s,11.1,mV
2026-03-19,15:26:25.721794,1773930385.721794,s,190.649867,s,11.84,mV
2026-03-19,15:26:25.972725,1773930385.972725,s,190.900798,s,11.84,mV
2026-03-19,15:26:26.222210,1773930386.22221,s,191.150283,s,13.54,mV
2026-03-19,15:26:26.473243,1773930386.473243,s,191.401316,s,13.54,mV
2026-03-19,15:26:26.722549,1773930386.722549,s,191.650622,s,13.54,mV
2026-03-19,15:26:26.973585,1773930386.973585,s,191.901658,s,13.35,mV
2026-03-19,15:26:27.222950,1773930387.22295,s,192.151023,s,13.35,mV
2026-03-19,15:26:27.474066,1773930387.474066,s,192.402139,s,15.16,mV
2026-03-19,15:26:27.723275,1773930387.723275,s,192.651348,s,15.16,mV
2026-03-19,15:26:27.974555,1773930387.974555,s,192.902628,s,14.81,mV
2026-03-19,15:26:28.223616,1773930388.223616,s,193.151689,s,14.81,mV
2026-03-19,15:26:28.474889,1773930388.474889,s,193.402962,s,13.53,mV
2026-03-19,15:26:28.723963,1773930388.723963,s,193.652036,s,13.53,mV
2026-03-19,15:26:28.975201,1773930388.975201,s,193.903274,s,13.53,mV
2026-03-19,15:26:29.224215,1773930389.224215,s,194.152288,s,13.55,mV
2026-03-19,15:26:29.475673,1773930389.475673,s,194.403746,s,13.55,mV
2026-03-19,15:26:29.724561,1773930389.724561,s,194.652634,s,15.54,mV
2026-03-19,15:26:29.976139,1773930389.976139,s,194.904212,s,15.54,mV
2026-03-19,15:26:30.224904,1773930390.224904,s,195.152977,s,13.08,mV
2026-03-19,15:26:30.476600,1773930390.4766,s,195.404673,s,13.08,mV
2026-03-19,15:26:30.725171,1773930390.725171,s,195.653244,s,14.16,mV
2026-03-19,15:26:30.976957,1773930390.976957,s,195.90503,s,14.16,mV
2026-03-19,15:26:31.225664,1773930391.225664,s,196.153737,s,14.16,mV
2026-03-19,15:26:31.477401,1773930391.477401,s,196.405474,s,13.02,mV
2026-03-19,15:26:31.726107,1773930391.726107,s,196.65418,s,13.02,mV
2026-03-19,15:26:31.977723,1773930391.977723,s,196.905796,s,12.22,mV
2026-03-19,15:26:32.226595,1773930392.226595,s,197.154668,s,12.22,mV
2026-03-19,15:26:32.478159,1773930392.478159,s,197.406232,s,11.01,mV
2026-03-19,15:26:32.727074,1773930392.727074,s,197.655147,s,11.01,mV
2026-03-19,15:26:32.978474,1773930392.978474,s,197.906547,s,11.01,mV
2026-03-19,15:26:33.227513,1773930393.227513,s,198.155586,s,11.01,mV
2026-03-19,15:26:33.478886,1773930393.478886,s,198.406959,s,11.01,mV
2026-03-19,15:26:33.727824,1773930393.727824,s,198.655897,s,11.68,mV
2026-03-19,15:26:33.979312,1773930393.979312,s,198.907385,s,11.68,mV
2026-03-19,15:26:34.228162,1773930394.228162,s,199.156235,s,9.01,mV
2026-03-19,15:26:34.479634,1773930394.479634,s,199.407707,s,9.01,mV
2026-03-19,15:26:34.728397,1773930394.728397,s,199.65647,s,9.01,mV
2026-03-19,15:26:34.979989,1773930394.979989,s,199.908062,s,11.27,mV
2026-03-19,15:26:35.228739,1773930395.228739,s,200.156812,s,11.27,mV
2026-03-19,15:26:35.480415,1773930395.480415,s,200.408488,s,12.14,mV
2026-03-19,15:26:35.729156,1773930395.729156,s,200.657229,s,12.14,mV
2026-03-19,15:26:35.980759,1773930395.980759,s,200.908832,s,12.14,mV
2026-03-19,15:26:36.229586,1773930396.229586,s,201.157659,s,12.45,mV
2026-03-19,15:26:36.481057,1773930396.481057,s,201.40913,s,12.45,mV
2026-03-19,15:26:36.729999,1773930396.729999,s,201.658072,s,13.67,mV
2026-03-19,15:26:36.981223,1773930396.981223,s,201.909296,s,13.67,mV
2026-03-19,15:26:37.230266,1773930397.230266,s,202.158339,s,15.47,mV
2026-03-19,15:26:37.481699,1773930397.481699,s,202.409772,s,15.47,mV
2026-03-19,15:26:37.730793,1773930397.730793,s,202.658866,s,15.25,mV
2026-03-19,15:26:37.982217,1773930397.982217,s,202.91029,s,15.25,mV
2026-03-19,15:26:38.231127,1773930398.231127,s,203.1592,s,15.25,mV
2026-03-19,15:26:38.482720,1773930398.48272,s,203.410793,s,16.66,mV
2026-03-19,15:26:38.731615,1773930398.731615,s,203.659688,s,16.66,mV
2026-03-19,15:26:38.983180,1773930398.98318,s,203.911253,s,17.41,mV
2026-03-19,15:26:39.231963,1773930399.231963,s,204.160036,s,17.41,mV
2026-03-19,15:26:39.483561,1773930399.483561,s,204.411634,s,17.41,mV
2026-03-19,15:26:39.732424,1773930399.732424,s,204.660497,s,16.07,mV
2026-03-19,15:26:39.983945,1773930399.983945,s,204.912018,s,16.07,mV
2026-03-19,15:26:40.232876,1773930400.232876,s,205.160949,s,16.2,mV
2026-03-19,15:26:40.484216,1773930400.484216,s,205.412289,s,16.2,mV
2026-03-19,15:26:40.733400,1773930400.7334,s,205.661473,s,15.45,mV
2026-03-19,15:26:40.984620,1773930400.98462,s,205.912693,s,15.45,mV
2026-03-19,15:26:41.233869,1773930401.233869,s,206.161942,s,15.45,mV
2026-03-19,15:26:41.484950,1773930401.48495,s,206.413023,s,13.81,mV
2026-03-19,15:26:41.734201,1773930401.734201,s,206.662274,s,13.81,mV
2026-03-19,15:26:41.985215,1773930401.985215,s,206.913288,s,12.9,mV
2026-03-19,15:26:42.234495,1773930402.234495,s,207.162568,s,12.9,mV
2026-03-19,15:26:42.485649,1773930402.485649,s,207.413722,s,11.3,mV
2026-03-19,15:26:42.734687,1773930402.734687,s,207.66276,s,11.3,mV
2026-03-19,15:26:42.986028,1773930402.986028,s,207.914101,s,11.3,mV
2026-03-19,15:26:43.234983,1773930403.234983,s,208.163056,s,13.06,mV
2026-03-19,15:26:43.486524,1773930403.486524,s,208.414597,s,13.06,mV
2026-03-19,15:26:43.735202,1773930403.735202,s,208.663275,s,9.84,mV
2026-03-19,15:26:43.986972,1773930403.986972,s,208.915045,s,9.84,mV
2026-03-19,15:26:44.235439,1773930404.235439,s,209.163512,s,8.9,mV
2026-03-19,15:26:44.487276,1773930404.487276,s,209.415349,s,8.9,mV
2026-03-19,15:26:44.735921,1773930404.735921,s,209.663994,s,8.9,mV
2026-03-19,15:26:44.987495,1773930404.987495,s,209.915568,s,11.46,mV
2026-03-19,15:26:45.236324,1773930405.236324,s,210.164397,s,11.46,mV
2026-03-19,15:26:45.487852,1773930405.487852,s,210.415925,s,12.0,mV
2026-03-19,15:26:45.736677,1773930405.736677,s,210.66475,s,12.0,mV
2026-03-19,15:26:45.988257,1773930405.988257,s,210.91633,s,12.0,mV
2026-03-19,15:26:46.237164,1773930406.237164,s,211.165237,s,11.84,mV
2026-03-19,15:26:46.488576,1773930406.488576,s,211.416649,s,11.84,mV
2026-03-19,15:26:46.737675,1773930406.737675,s,211.665748,s,13.03,mV
2026-03-19,15:26:46.988896,1773930406.988896,s,211.916969,s,13.03,mV
2026-03-19,15:26:47.238018,1773930407.238018,s,212.166091,s,14.6,mV
2026-03-19,15:26:47.489354,1773930407.489354,s,212.417427,s,14.6,mV
2026-03-19,15:26:47.738502,1773930407.738502,s,212.666575,s,14.44,mV
2026-03-19,15:26:47.989776,1773930407.989776,s,212.917849,s,14.44,mV
2026-03-19,15:26:48.238990,1773930408.23899,s,213.167063,s,14.44,mV
2026-03-19,15:26:48.490099,1773930408.490099,s,213.418172,s,16.77,mV
2026-03-19,15:26:48.739281,1773930408.739281,s,213.667354,s,16.77,mV
2026-03-19,15:26:48.990320,1773930408.99032,s,213.918393,s,12.95,mV
2026-03-19,15:26:49.239748,1773930409.239748,s,214.167821,s,12.95,mV
2026-03-19,15:26:49.490650,1773930409.49065,s,214.418723,s,16.57,mV
2026-03-19,15:26:49.740096,1773930409.740096,s,214.668169,s,16.57,mV
2026-03-19,15:26:49.990962,1773930409.990962,s,214.919035,s,16.57,mV
2026-03-19,15:26:50.240533,1773930410.240533,s,215.168606,s,15.2,mV
2026-03-19,15:26:50.491268,1773930410.491268,s,215.419341,s,15.2,mV
2026-03-19,15:26:50.741032,1773930410.741032,s,215.669105,s,14.86,mV
2026-03-19,15:26:50.991517,1773930410.991517,s,215.91959,s,14.86,mV
2026-03-19,15:26:51.241506,1773930411.241506,s,216.169579,s,12.97,mV
2026-03-19,15:26:51.491939,1773930411.491939,s,216.420012,s,12.97,mV
2026-03-19,15:26:51.741836,1773930411.741836,s,216.669909,s,12.97,mV
2026-03-19,15:26:51.992445,1773930411.992445,s,216.920518,s,13.17,mV
2026-03-19,15:26:52.242253,1773930412.242253,s,217.170326,s,13.17,mV
2026-03-19,15:26:52.492990,1773930412.49299,s,217.421063,s,12.75,mV
2026-03-19,15:26:52.742585,1773930412.742585,s,217.670658,s,12.75,mV
2026-03-19,15:26:52.993493,1773930412.993493,s,217.921566,s,13.1,mV
2026-03-19,15:26:53.242993,1773930413.242993,s,218.171066,s,13.1,mV
2026-03-19,15:26:53.493955,1773930413.493955,s,218.422028,s,13.1,mV
2026-03-19,15:26:53.743442,1773930413.743442,s,218.671515,s,13.1,mV
2026-03-19,15:26:53.994386,1773930413.994386,s,218.922459,s,13.1,mV
2026-03-19,15:26:54.243872,1773930414.243872,s,219.171945,s,11.39,mV
2026-03-19,15:26:54.494820,1773930414.49482,s,219.422893,s,11.39,mV
2026-03-19,15:26:54.744212,1773930414.744212,s,219.672285,s,11.51,mV
2026-03-19,15:26:54.995253,1773930414.995253,s,219.923326,s,11.51,mV
2026-03-19,15:26:55.244437,1773930415.244437,s,220.17251,s,11.48,mV
2026-03-19,15:26:55.495707,1773930415.495707,s,220.42378,s,11.48,mV
2026-03-19,15:26:55.744748,1773930415.744748,s,220.672821,s,11.48,mV
2026-03-19,15:26:55.996201,1773930415.996201,s,220.924274,s,11.48,mV
2026-03-19,15:26:56.245046,1773930416.245046,s,221.173119,s,11.48,mV
2026-03-19,15:26:56.496634,1773930416.496634,s,221.424707,s,12.59,mV
2026-03-19,15:26:56.745267,1773930416.745267,s,221.67334,s,12.59,mV
2026-03-19,15:26:56.996980,1773930416.99698,s,221.925053,s,12.65,mV
2026-03-19,15:26:57.245514,1773930417.245514,s,222.173587,s,12.65,mV
2026-03-19,15:26:57.497473,1773930417.497473,s,222.425546,s,12.65,mV
2026-03-19,15:26:57.745765,1773930417.745765,s,222.673838,s,13.37,mV
2026-03-19,15:26:57.997837,1773930417.997837,s,222.92591,s,13.37,mV
2026-03-19,15:26:58.246198,1773930418.246198,s,223.174271,s,12.91,mV
2026-03-19,15:26:58.498268,1773930418.498268,s,223.426341,s,12.91,mV
2026-03-19,15:26:58.746637,1773930418.746637,s,223.67471,s,14.65,mV
2026-03-19,15:26:58.998598,1773930418.998598,s,223.926671,s,14.65,mV
2026-03-19,15:26:59.247070,1773930419.24707,s,224.175143,s,14.65,mV
2026-03-19,15:26:59.499047,1773930419.499047,s,224.42712,s,14.9,mV
2026-03-19,15:26:59.747477,1773930419.747477,s,224.67555,s,14.9,mV
2026-03-19,15:26:59.999510,1773930419.99951,s,224.927583,s,16.15,mV
2026-03-19,15:27:00.247943,1773930420.247943,s,225.176016,s,16.15,mV
2026-03-19,15:27:00.499993,1773930420.499993,s,225.428066,s,16.39,mV
2026-03-19,15:27:00.748450,1773930420.74845,s,225.676523,s,16.39,mV
2026-03-19,15:27:01.000315,1773930421.000315,s,225.928388,s,16.21,mV
2026-03-19,15:27:01.248923,1773930421.248923,s,226.176996,s,16.21,mV
2026-03-19,15:27:01.500781,1773930421.500781,s,226.428854,s,16.21,mV
2026-03-19,15:27:01.749396,1773930421.749396,s,226.677469,s,15.19,mV
2026-03-19,15:27:02.001235,1773930422.001235,s,226.929308,s,15.19,mV
2026-03-19,15:27:02.249846,1773930422.249846,s,227.177919,s,14.71,mV
2026-03-19,15:27:02.501553,1773930422.501553,s,227.429626,s,14.71,mV
2026-03-19,15:27:02.750177,1773930422.750177,s,227.67825,s,14.71,mV
2026-03-19,15:27:03.001849,1773930423.001849,s,227.929922,s,13.46,mV
2026-03-19,15:27:03.250416,1773930423.250416,s,228.178489,s,13.46,mV
2026-03-19,15:27:03.502145,1773930423.502145,s,228.430218,s,12.39,mV
2026-03-19,15:27:03.750866,1773930423.750866,s,228.678939,s,12.39,mV
2026-03-19,15:27:04.002350,1773930424.00235,s,228.930423,s,11.78,mV
2026-03-19,15:27:04.251214,1773930424.251214,s,229.179287,s,11.78,mV
2026-03-19,15:27:04.502676,1773930424.502676,s,229.430749,s,11.78,mV
2026-03-19,15:27:04.751672,1773930424.751672,s,229.679745,s,11.06,mV
2026-03-19,15:27:05.002918,1773930425.002918,s,229.930991,s,11.06,mV
2026-03-19,15:27:05.252109,1773930425.252109,s,230.180182,s,9.6,mV
2026-03-19,15:27:05.503337,1773930425.503337,s,230.43141,s,9.6,mV
2026-03-19,15:27:05.752584,1773930425.752584,s,230.680657,s,9.43,mV
2026-03-19,15:27:06.003784,1773930426.003784,s,230.931857,s,9.43,mV
2026-03-19,15:27:06.253041,1773930426.253041,s,231.181114,s,11.35,mV
2026-03-19,15:27:06.504037,1773930426.504037,s,231.43211,s,11.35,mV
2026-03-19,15:27:06.753299,1773930426.753299,s,231.681372,s,11.35,mV
2026-03-19,15:27:07.004520,1773930427.00452,s,231.932593,s,11.68,mV
2026-03-19,15:27:07.253660,1773930427.25366,s,232.181733,s,11.68,mV
2026-03-19,15:27:07.504989,1773930427.504989,s,232.433062,s,11.11,mV
2026-03-19,15:27:07.754058,1773930427.754058,s,232.682131,s,11.11,mV
2026-03-19,15:27:08.005309,1773930428.005309,s,232.933382,s,13.17,mV
2026-03-19,15:27:08.254552,1773930428.254552,s,233.182625,s,13.17,mV
2026-03-19,15:27:08.505693,1773930428.505693,s,233.433766,s,13.17,mV
2026-03-19,15:27:08.755124,1773930428.755124,s,233.683197,s,12.8,mV
2026-03-19,15:27:09.006249,1773930429.006249,s,233.934322,s,12.8,mV
2026-03-19,15:27:09.255466,1773930429.255466,s,234.183539,s,13.33,mV
2026-03-19,15:27:09.506717,1773930429.506717,s,234.43479,s,13.33,mV
2026-03-19,15:27:09.755761,1773930429.755761,s,234.683834,s,13.81,mV
2026-03-19,15:27:10.007215,1773930430.007215,s,234.935288,s,13.81,mV
2026-03-19,15:27:10.256095,1773930430.256095,s,235.184168,s,13.81,mV
2026-03-19,15:27:10.507711,1773930430.507711,s,235.435784,s,13.93,mV
2026-03-19,15:27:10.756326,1773930430.756326,s,235.684399,s,13.93,mV
2026-03-19,15:27:11.008182,1773930431.008182,s,235.936255,s,16.28,mV
2026-03-19,15:27:11.256618,1773930431.256618,s,236.184691,s,16.28,mV
2026-03-19,15:27:11.508431,1773930431.508431,s,236.436504,s,16.28,mV
2026-03-19,15:27:11.757031,1773930431.757031,s,236.685104,s,14.91,mV
2026-03-19,15:27:12.008781,1773930432.008781,s,236.936854,s,14.91,mV
2026-03-19,15:27:12.257322,1773930432.257322,s,237.185395,s,13.84,mV
2026-03-19,15:27:12.509239,1773930432.509239,s,237.437312,s,13.84,mV
2026-03-19,15:27:12.757826,1773930432.757826,s,237.685899,s,15.29,mV
2026-03-19,15:27:13.009582,1773930433.009582,s,237.937655,s,15.29,mV
2026-03-19,15:27:13.258213,1773930433.258213,s,238.186286,s,15.29,mV
2026-03-19,15:27:13.510034,1773930433.510034,s,238.438107,s,15.34,mV
2026-03-19,15:27:13.758739,1773930433.758739,s,238.686812,s,15.34,mV
2026-03-19,15:27:14.010523,1773930434.010523,s,238.938596,s,13.71,mV
2026-03-19,15:27:14.259099,1773930434.259099,s,239.187172,s,13.71,mV
2026-03-19,15:27:14.510874,1773930434.510874,s,239.438947,s,13.71,mV
2026-03-19,15:27:14.759561,1773930434.759561,s,239.687634,s,12.95,mV
2026-03-19,15:27:15.011325,1773930435.011325,s,239.939398,s,12.95,mV
2026-03-19,15:27:15.260026,1773930435.260026,s,240.188099,s,12.66,mV
2026-03-19,15:27:15.511787,1773930435.511787,s,240.43986,s,12.66,mV
2026-03-19,15:27:15.760561,1773930435.760561,s,240.688634,s,11.87,mV
2026-03-19,15:27:16.012309,1773930436.012309,s,240.940382,s,11.87,mV
2026-03-19,15:27:16.260932,1773930436.260932,s,241.189005,s,11.87,mV
2026-03-19,15:27:16.512666,1773930436.512666,s,241.440739,s,9.59,mV
2026-03-19,15:27:16.761415,1773930436.761415,s,241.689488,s,9.59,mV
2026-03-19,15:27:17.012985,1773930437.012985,s,241.941058,s,11.99,mV
2026-03-19,15:27:17.261841,1773930437.261841,s,242.189914,s,11.99,mV
2026-03-19,15:27:17.513187,1773930437.513187,s,242.44126,s,11.99,mV
2026-03-19,15:27:17.762228,1773930437.762228,s,242.690301,s,8.58,mV
2026-03-19,15:27:18.013440,1773930438.01344,s,242.941513,s,8.58,mV
2026-03-19,15:27:18.262586,1773930438.262586,s,243.190659,s,8.58,mV
2026-03-19,15:27:18.513705,1773930438.513705,s,243.441778,s,8.58,mV
2026-03-19,15:27:18.763032,1773930438.763032,s,243.691105,s,11.26,mV
2026-03-19,15:27:19.014165,1773930439.014165,s,243.942238,s,11.26,mV
2026-03-19,15:27:19.263455,1773930439.263455,s,244.191528,s,11.26,mV
2026-03-19,15:27:19.514724,1773930439.514724,s,244.442797,s,12.28,mV
2026-03-19,15:27:19.763927,1773930439.763927,s,244.692,s,12.28,mV
2026-03-19,15:27:20.015272,1773930440.015272,s,244.943345,s,13.04,mV
2026-03-19,15:27:20.264438,1773930440.264438,s,245.192511,s,13.04,mV
2026-03-19,15:27:20.515763,1773930440.515763,s,245.443836,s,13.44,mV
2026-03-19,15:27:20.764698,1773930440.764698,s,245.692771,s,13.44,mV
2026-03-19,15:27:21.016206,1773930441.016206,s,245.944279,s,13.44,mV
2026-03-19,15:27:21.265034,1773930441.265034,s,246.193107,s,14.8,mV
2026-03-19,15:27:21.516619,1773930441.516619,s,246.444692,s,14.8,mV
2026-03-19,15:27:21.765288,1773930441.765288,s,246.693361,s,14.11,mV
2026-03-19,15:27:22.017231,1773930442.017231,s,246.945304,s,14.11,mV
2026-03-19,15:27:22.265657,1773930442.265657,s,247.19373,s,14.82,mV
2026-03-19,15:27:22.517714,1773930442.517714,s,247.445787,s,14.82,mV
2026-03-19,15:27:22.766027,1773930442.766027,s,247.6941,s,14.82,mV
2026-03-19,15:27:23.018209,1773930443.018209,s,247.946282,s,15.31,mV
2026-03-19,15:27:23.266284,1773930443.266284,s,248.194357,s,15.31,mV
2026-03-19,15:27:23.518689,1773930443.518689,s,248.446762,s,15.06,mV
2026-03-19,15:27:23.766522,1773930443.766522,s,248.694595,s,15.06,mV
2026-03-19,15:27:24.019153,1773930444.019153,s,248.947226,s,15.71,mV
2026-03-19,15:27:24.266803,1773930444.266803,s,249.194876,s,15.71,mV
2026-03-19,15:27:24.519604,1773930444.519604,s,249.447677,s,15.71,mV
2026-03-19,15:27:24.767119,1773930444.767119,s,249.695192,s,12.71,mV
2026-03-19,15:27:25.020033,1773930445.020033,s,249.948106,s,12.71,mV
2026-03-19,15:27:25.267312,1773930445.267312,s,250.195385,s,14.04,mV
2026-03-19,15:27:25.520504,1773930445.520504,s,250.448577,s,14.04,mV
2026-03-19,15:27:25.767717,1773930445.767717,s,250.69579,s,13.31,mV
2026-03-19,15:27:26.020817,1773930446.020817,s,250.94889,s,13.31,mV
2026-03-19,15:27:26.268060,1773930446.26806,s,251.196133,s,13.31,mV
2026-03-19,15:27:26.521303,1773930446.521303,s,251.449376,s,12.13,mV
2026-03-19,15:27:26.768528,1773930446.768528,s,251.696601,s,12.13,mV
2026-03-19,15:27:27.021754,1773930447.021754,s,251.949827,s,11.7,mV
2026-03-19,15:27:27.268869,1773930447.268869,s,252.196942,s,11.7,mV
2026-03-19,15:27:27.522113,1773930447.522113,s,252.450186,s,11.7,mV
2026-03-19,15:27:27.769370,1773930447.76937,s,252.697443,s,11.53,mV
2026-03-19,15:27:28.022350,1773930448.02235,s,252.950423,s,11.53,mV
2026-03-19,15:27:28.269851,1773930448.269851,s,253.197924,s,11.8,mV
2026-03-19,15:27:28.522681,1773930448.522681,s,253.450754,s,11.8,mV
2026-03-19,15:27:28.770305,1773930448.770305,s,253.698378,s,9.22,mV
2026-03-19,15:27:29.023010,1773930449.02301,s,253.951083,s,9.22,mV
2026-03-19,15:27:29.270632,1773930449.270632,s,254.198705,s,9.22,mV
2026-03-19,15:27:29.523263,1773930449.523263,s,254.451336,s,12.49,mV
2026-03-19,15:27:29.771095,1773930449.771095,s,254.699168,s,12.49,mV
2026-03-19,15:27:30.023605,1773930450.023605,s,254.951678,s,11.5,mV
2026-03-19,15:27:30.271327,1773930450.271327,s,255.1994,s,11.5,mV
2026-03-19,15:27:30.523904,1773930450.523904,s,255.451977,s,12.57,mV
2026-03-19,15:27:30.771840,1773930450.77184,s,255.699913,s,12.57,mV
2026-03-19,15:27:31.024178,1773930451.024178,s,255.952251,s,12.57,mV
2026-03-19,15:27:31.272164,1773930451.272164,s,256.200237,s,13.11,mV
2026-03-19,15:27:31.524448,1773930451.524448,s,256.452521,s,13.11,mV
2026-03-19,15:27:31.772594,1773930451.772594,s,256.700667,s,13.71,mV
2026-03-19,15:27:32.024763,1773930452.024763,s,256.952836,s,13.71,mV
2026-03-19,15:27:32.272932,1773930452.272932,s,257.201005,s,14.56,mV
2026-03-19,15:27:32.524996,1773930452.524996,s,257.453069,s,14.56,mV
2026-03-19,15:27:32.773370,1773930452.77337,s,257.701443,s,14.03,mV
2026-03-19,15:27:33.025534,1773930453.025534,s,257.953607,s,14.03,mV
2026-03-19,15:27:33.273723,1773930453.273723,s,258.201796,s,14.03,mV
2026-03-19,15:27:33.525997,1773930453.525997,s,258.45407,s,16.51,mV
2026-03-19,15:27:33.774070,1773930453.77407,s,258.702143,s,16.51,mV
2026-03-19,15:27:34.026506,1773930454.026506,s,258.954579,s,16.14,mV
2026-03-19,15:27:34.274502,1773930454.274502,s,259.202575,s,16.14,mV
2026-03-19,15:27:34.526972,1773930454.526972,s,259.455045,s,15.85,mV
2026-03-19,15:27:34.774840,1773930454.77484,s,259.702913,s,15.85,mV
2026-03-19,15:27:35.027314,1773930455.027314,s,259.955387,s,15.85,mV
2026-03-19,15:27:35.275179,1773930455.275179,s,260.203252,s,16.75,mV
2026-03-19,15:27:35.527692,1773930455.527692,s,260.455765,s,16.75,mV
2026-03-19,15:27:35.775501,1773930455.775501,s,260.703574,s,15.36,mV
2026-03-19,15:27:36.028133,1773930456.028133,s,260.956206,s,15.36,mV
2026-03-19,15:27:36.275827,1773930456.275827,s,261.2039,s,15.36,mV
2026-03-19,15:27:36.528554,1773930456.528554,s,261.456627,s,13.76,mV
2026-03-19,15:27:36.776055,1773930456.776055,s,261.704128,s,13.76,mV
2026-03-19,15:27:37.028974,1773930457.028974,s,261.957047,s,13.37,mV
2026-03-19,15:27:37.276337,1773930457.276337,s,262.20441,s,13.37,mV
2026-03-19,15:27:37.529268,1773930457.529268,s,262.457341,s,12.38,mV
2026-03-19,15:27:37.776572,1773930457.776572,s,262.704645,s,12.38,mV
2026-03-19,15:27:38.029578,1773930458.029578,s,262.957651,s,12.38,mV
2026-03-19,15:27:38.276824,1773930458.276824,s,263.204897,s,12.38,mV
2026-03-19,15:27:38.530033,1773930458.530033,s,263.458106,s,12.38,mV
2026-03-19,15:27:38.777389,1773930458.777389,s,263.705462,s,11.46,mV
2026-03-19,15:27:39.030515,1773930459.030515,s,263.958588,s,11.46,mV
2026-03-19,15:27:39.277774,1773930459.277774,s,264.205847,s,9.14,mV
2026-03-19,15:27:39.530994,1773930459.530994,s,264.459067,s,9.14,mV
2026-03-19,15:27:39.778129,1773930459.778129,s,264.706202,s,9.14,mV
2026-03-19,15:27:40.031471,1773930460.031471,s,264.959544,s,9.14,mV
2026-03-19,15:27:40.278607,1773930460.278607,s,265.20668,s,9.14,mV
2026-03-19,15:27:40.531910,1773930460.53191,s,265.459983,s,9.01,mV
2026-03-19,15:27:40.779140,1773930460.77914,s,265.707213,s,9.01,mV
2026-03-19,15:27:41.032347,1773930461.032347,s,265.96042,s,11.46,mV
2026-03-19,15:27:41.279640,1773930461.27964,s,266.207713,s,11.46,mV
2026-03-19,15:27:41.532705,1773930461.532705,s,266.460778,s,11.46,mV
2026-03-19,15:27:41.780119,1773930461.780119,s,266.708192,s,11.46,mV
2026-03-19,15:27:42.033069,1773930462.033069,s,266.961142,s,11.46,mV
2026-03-19,15:27:42.280609,1773930462.280609,s,267.208682,s,12.84,mV
2026-03-19,15:27:42.533292,1773930462.533292,s,267.461365,s,12.84,mV
2026-03-19,15:27:42.780986,1773930462.780986,s,267.709059,s,12.84,mV
2026-03-19,15:27:43.033687,1773930463.033687,s,267.96176,s,12.27,mV
2026-03-19,15:27:43.281544,1773930463.281544,s,268.209617,s,12.27,mV
2026-03-19,15:27:43.534032,1773930463.534032,s,268.462105,s,13.42,mV
2026-03-19,15:27:43.782016,1773930463.782016,s,268.710089,s,13.42,mV
2026-03-19,15:27:44.034321,1773930464.034321,s,268.962394,s,13.72,mV
2026-03-19,15:27:44.282258,1773930464.282258,s,269.210331,s,13.72,mV
2026-03-19,15:27:44.534580,1773930464.53458,s,269.462653,s,14.42,mV
2026-03-19,15:27:44.782701,1773930464.782701,s,269.710774,s,14.42,mV
2026-03-19,15:27:45.034774,1773930465.034774,s,269.962847,s,14.42,mV
2026-03-19,15:27:45.283125,1773930465.283125,s,270.211198,s,16.09,mV
2026-03-19,15:27:45.534970,1773930465.53497,s,270.463043,s,16.09,mV
2026-03-19,15:27:45.783337,1773930465.783337,s,270.71141,s,17.07,mV
2026-03-19,15:27:46.035405,1773930466.035405,s,270.963478,s,17.07,mV
2026-03-19,15:27:46.283708,1773930466.283708,s,271.211781,s,15.23,mV
2026-03-19,15:27:46.535818,1773930466.535818,s,271.463891,s,15.23,mV
2026-03-19,15:27:46.784056,1773930466.784056,s,271.712129,s,15.23,mV
2026-03-19,15:27:47.036200,1773930467.0362,s,271.964273,s,12.04,mV
2026-03-19,15:27:47.284490,1773930467.28449,s,272.212563,s,12.04,mV
2026-03-19,15:27:47.536559,1773930467.536559,s,272.464632,s,15.4,mV
2026-03-19,15:27:47.784897,1773930467.784897,s,272.71297,s,15.4,mV
2026-03-19,15:27:48.036995,1773930468.036995,s,272.965068,s,13.6,mV
2026-03-19,15:27:48.285265,1773930468.285265,s,273.213338,s,13.6,mV
2026-03-19,15:27:48.537270,1773930468.53727,s,273.465343,s,13.6,mV
2026-03-19,15:27:48.785588,1773930468.785588,s,273.713661,s,13.11,mV
2026-03-19,15:27:49.037713,1773930469.037713,s,273.965786,s,13.11,mV
2026-03-19,15:27:49.285895,1773930469.285895,s,274.213968,s,12.56,mV
2026-03-19,15:27:49.538059,1773930469.538059,s,274.466132,s,12.56,mV
2026-03-19,15:27:49.786203,1773930469.786203,s,274.714276,s,12.27,mV
2026-03-19,15:27:50.038286,1773930470.038286,s,274.966359,s,12.27,mV
2026-03-19,15:27:50.286562,1773930470.286562,s,275.214635,s,12.27,mV
2026-03-19,15:27:50.538747,1773930470.538747,s,275.46682,s,12.83,mV
2026-03-19,15:27:50.786894,1773930470.786894,s,275.714967,s,12.83,mV
2026-03-19,15:27:51.039133,1773930471.039133,s,275.967206,s,12.28,mV
2026-03-19,15:27:51.287215,1773930471.287215,s,276.215288,s,12.28,mV
2026-03-19,15:27:51.539585,1773930471.539585,s,276.467658,s,9.47,mV
2026-03-19,15:27:51.787527,1773930471.787527,s,276.7156,s,9.47,mV
2026-03-19,15:27:52.039919,1773930472.039919,s,276.967992,s,9.47,mV
2026-03-19,15:27:52.287747,1773930472.287747,s,277.21582,s,12.02,mV
2026-03-19,15:27:52.540368,1773930472.540368,s,277.468441,s,12.02,mV
2026-03-19,15:27:52.788253,1773930472.788253,s,277.716326,s,12.02,mV
2026-03-19,15:27:53.040830,1773930473.04083,s,277.968903,s,12.02,mV
2026-03-19,15:27:53.288763,1773930473.288763,s,278.216836,s,11.57,mV
2026-03-19,15:27:53.541254,1773930473.541254,s,278.469327,s,11.57,mV
2026-03-19,15:27:53.789122,1773930473.789122,s,278.717195,s,11.57,mV
2026-03-19,15:27:54.041634,1773930474.041634,s,278.969707,s,12.24,mV
2026-03-19,15:27:54.289621,1773930474.289621,s,279.217694,s,12.24,mV
2026-03-19,15:27:54.542054,1773930474.542054,s,279.470127,s,12.13,mV
2026-03-19,15:27:54.790137,1773930474.790137,s,279.71821,s,12.13,mV
2026-03-19,15:27:55.042480,1773930475.04248,s,279.970553,s,13.1,mV
2026-03-19,15:27:55.290650,1773930475.29065,s,280.218723,s,13.1,mV
2026-03-19,15:27:55.542809,1773930475.542809,s,280.470882,s,13.1,mV
2026-03-19,15:27:55.790976,1773930475.790976,s,280.719049,s,12.84,mV
2026-03-19,15:27:56.043140,1773930476.04314,s,280.971213,s,12.84,mV
2026-03-19,15:27:56.291216,1773930476.291216,s,281.219289,s,13.61,mV
2026-03-19,15:27:56.543544,1773930476.543544,s,281.471617,s,13.61,mV
2026-03-19,15:27:56.791462,1773930476.791462,s,281.719535,s,13.21,mV
2026-03-19,15:27:57.043870,1773930477.04387,s,281.971943,s,13.21,mV
2026-03-19,15:27:57.291868,1773930477.291868,s,282.219941,s,13.21,mV
2026-03-19,15:27:57.544203,1773930477.544203,s,282.472276,s,15.17,mV
2026-03-19,15:27:57.792339,1773930477.792339,s,282.720412,s,15.17,mV
2026-03-19,15:27:58.044435,1773930478.044435,s,282.972508,s,16.22,mV
2026-03-19,15:27:58.292854,1773930478.292854,s,283.220927,s,16.22,mV
2026-03-19,15:27:58.544806,1773930478.544806,s,283.472879,s,16.05,mV
2026-03-19,15:27:58.793368,1773930478.793368,s,283.721441,s,16.05,mV
2026-03-19,15:27:59.045316,1773930479.045316,s,283.973389,s,15.78,mV
2026-03-19,15:27:59.293722,1773930479.293722,s,284.221795,s,15.78,mV
2026-03-19,15:27:59.545546,1773930479.545546,s,284.473619,s,15.78,mV
2026-03-19,15:27:59.794118,1773930479.794118,s,284.722191,s,15.15,mV
2026-03-19,15:28:00.045986,1773930480.045986,s,284.974059,s,15.15,mV
2026-03-19,15:28:00.294484,1773930480.294484,s,285.222557,s,16.58,mV
2026-03-19,15:28:00.546473,1773930480.546473,s,285.474546,s,16.58,mV
2026-03-19,15:28:00.794826,1773930480.794826,s,285.722899,s,15.3,mV
2026-03-19,15:28:01.046991,1773930481.046991,s,285.975064,s,15.3,mV
2026-03-19,15:28:01.295157,1773930481.295157,s,286.22323,s,15.3,mV
2026-03-19,15:28:01.547537,1773930481.547537,s,286.47561,s,14.13,mV
2026-03-19,15:28:01.795477,1773930481.795477,s,286.72355,s,14.13,mV
2026-03-19,15:28:02.047972,1773930482.047972,s,286.976045,s,13.3,mV
2026-03-19,15:28:02.295715,1773930482.295715,s,287.223788,s,13.3,mV
2026-03-19,15:28:02.548269,1773930482.548269,s,287.476342,s,12.82,mV
2026-03-19,15:28:02.796181,1773930482.796181,s,287.724254,s,12.82,mV
2026-03-19,15:28:03.048742,1773930483.048742,s,287.976815,s,12.08,mV
2026-03-19,15:28:03.296518,1773930483.296518,s,288.224591,s,12.08,mV
2026-03-19,15:28:03.549332,1773930483.549332,s,288.477405,s,12.08,mV
2026-03-19,15:28:03.797070,1773930483.79707,s,288.725143,s,13.35,mV
2026-03-19,15:28:04.049769,1773930484.049769,s,288.977842,s,13.35,mV
2026-03-19,15:28:04.297415,1773930484.297415,s,289.225488,s,11.57,mV
2026-03-19,15:28:04.550122,1773930484.550122,s,289.478195,s,11.57,mV
2026-03-19,15:28:04.797738,1773930484.797738,s,289.725811,s,11.57,mV
2026-03-19,15:28:05.050580,1773930485.05058,s,289.978653,s,12.22,mV
2026-03-19,15:28:05.298060,1773930485.29806,s,290.226133,s,12.22,mV
2026-03-19,15:28:05.551028,1773930485.551028,s,290.479101,s,12.18,mV
2026-03-19,15:28:05.798291,1773930485.798291,s,290.726364,s,12.18,mV
2026-03-19,15:28:06.051444,1773930486.051444,s,290.979517,s,12.16,mV
2026-03-19,15:28:06.298794,1773930486.298794,s,291.226867,s,12.16,mV
2026-03-19,15:28:06.551887,1773930486.551887,s,291.47996,s,12.12,mV
2026-03-19,15:28:06.799279,1773930486.799279,s,291.727352,s,12.12,mV
2026-03-19,15:28:07.052301,1773930487.052301,s,291.980374,s,12.12,mV
2026-03-19,15:28:07.299671,1773930487.299671,s,292.227744,s,11.53,mV
2026-03-19,15:28:07.552729,1773930487.552729,s,292.480802,s,11.53,mV
2026-03-19,15:28:07.800232,1773930487.800232,s,292.728305,s,13.24,mV
2026-03-19,15:28:08.053151,1773930488.053151,s,292.981224,s,13.24,mV
2026-03-19,15:28:08.300608,1773930488.300608,s,293.228681,s,13.24,mV
2026-03-19,15:28:08.553530,1773930488.55353,s,293.481603,s,12.85,mV
2026-03-19,15:28:08.800939,1773930488.800939,s,293.729012,s,12.85,mV
2026-03-19,15:28:09.053868,1773930489.053868,s,293.981941,s,15.06,mV
2026-03-19,15:28:09.301461,1773930489.301461,s,294.229534,s,15.06,mV
2026-03-19,15:28:09.554215,1773930489.554215,s,294.482288,s,13.89,mV
2026-03-19,15:28:09.801944,1773930489.801944,s,294.730017,s,13.89,mV
2026-03-19,15:28:10.054467,1773930490.054467,s,294.98254,s,14.65,mV
2026-03-19,15:28:10.302240,1773930490.30224,s,295.230313,s,14.65,mV
2026-03-19,15:28:10.554859,1773930490.554859,s,295.482932,s,14.65,mV
2026-03-19,15:28:10.802734,1773930490.802734,s,295.730807,s,16.16,mV
2026-03-19,15:28:11.055205,1773930491.055205,s,295.983278,s,16.16,mV
2026-03-19,15:28:11.303152,1773930491.303152,s,296.231225,s,13.96,mV
2026-03-19,15:28:11.555444,1773930491.555444,s,296.483517,s,13.96,mV
2026-03-19,15:28:11.803547,1773930491.803547,s,296.73162,s,14.7,mV
2026-03-19,15:28:12.055858,1773930492.055858,s,296.983931,s,14.7,mV
2026-03-19,15:28:12.304002,1773930492.304002,s,297.232075,s,16.33,mV
2026-03-19,15:28:12.556195,1773930492.556195,s,297.484268,s,16.33,mV
2026-03-19,15:28:12.804443,1773930492.804443,s,297.732516,s,16.33,mV
2026-03-19,15:28:13.056448,1773930493.056448,s,297.984521,s,14.61,mV
2026-03-19,15:28:13.304962,1773930493.304962,s,298.233035,s,14.61,mV
2026-03-19,15:28:13.557060,1773930493.55706,s,298.485133,s,13.17,mV
2026-03-19,15:28:13.805469,1773930493.805469,s,298.733542,s,13.17,mV
2026-03-19,15:28:14.057537,1773930494.057537,s,298.98561,s,13.43,mV
2026-03-19,15:28:14.305917,1773930494.305917,s,299.23399,s,13.43,mV
2026-03-19,15:28:14.557956,1773930494.557956,s,299.486029,s,13.43,mV
2026-03-19,15:28:14.806364,1773930494.806364,s,299.734437,s,11.84,mV
2026-03-19,15:28:15.058454,1773930495.058454,s,299.986527,s,11.84,mV
2026-03-19,15:28:15.306828,1773930495.306828,s,300.234901,s,11.02,mV
2026-03-19,15:28:15.558983,1773930495.558983,s,300.487056,s,11.02,mV
2026-03-19,15:28:15.807290,1773930495.80729,s,300.735363,s,11.0,mV
2026-03-19,15:28:16.059264,1773930496.059264,s,300.987337,s,11.0,mV
2026-03-19,15:28:16.307775,1773930496.307775,s,301.235848,s,11.0,mV
2026-03-19,15:28:16.559788,1773930496.559788,s,301.487861,s,8.88,mV
2026-03-19,15:28:16.808251,1773930496.808251,s,301.736324,s,8.88,mV
2026-03-19,15:28:17.060163,1773930497.060163,s,301.988236,s,9.98,mV
2026-03-19,15:28:17.308679,1773930497.308679,s,302.236752,s,9.98,mV
2026-03-19,15:28:17.560568,1773930497.560568,s,302.488641,s,13.17,mV
2026-03-19,15:28:17.809216,1773930497.809216,s,302.737289,s,13.17,mV
2026-03-19,15:28:18.061014,1773930498.061014,s,302.989087,s,13.17,mV
2026-03-19,15:28:18.309669,1773930498.309669,s,303.237742,s,9.66,mV
2026-03-19,15:28:18.561500,1773930498.5615,s,303.489573,s,9.66,mV
2026-03-19,15:28:18.809974,1773930498.809974,s,303.738047,s,11.76,mV
2026-03-19,15:28:19.061965,1773930499.061965,s,303.990038,s,11.76,mV
2026-03-19,15:28:19.310184,1773930499.310184,s,304.238257,s,11.98,mV
2026-03-19,15:28:19.562438,1773930499.562438,s,304.490511,s,11.98,mV
2026-03-19,15:28:19.810643,1773930499.810643,s,304.738716,s,13.08,mV
2026-03-19,15:28:20.062807,1773930500.062807,s,304.99088,s,13.08,mV
2026-03-19,15:28:20.311102,1773930500.311102,s,305.239175,s,13.08,mV
2026-03-19,15:28:20.563264,1773930500.563264,s,305.491337,s,13.6,mV
2026-03-19,15:28:20.811346,1773930500.811346,s,305.739419,s,13.6,mV
2026-03-19,15:28:21.063683,1773930501.063683,s,305.991756,s,14.85,mV
2026-03-19,15:28:21.311883,1773930501.311883,s,306.239956,s,14.85,mV
2026-03-19,15:28:21.564065,1773930501.564065,s,306.492138,s,14.85,mV
2026-03-19,15:28:21.812201,1773930501.812201,s,306.740274,s,16.13,mV
2026-03-19,15:28:22.064474,1773930502.064474,s,306.992547,s,16.13,mV
2026-03-19,15:28:22.312728,1773930502.312728,s,307.240801,s,14.42,mV
2026-03-19,15:28:22.564799,1773930502.564799,s,307.492872,s,14.42,mV
2026-03-19,15:28:22.813203,1773930502.813203,s,307.741276,s,13.31,mV
2026-03-19,15:28:23.065126,1773930503.065126,s,307.993199,s,13.31,mV
2026-03-19,15:28:23.313659,1773930503.313659,s,308.241732,s,13.31,mV
2026-03-19,15:28:23.565347,1773930503.565347,s,308.49342,s,15.8,mV
2026-03-19,15:28:23.814111,1773930503.814111,s,308.742184,s,15.8,mV
2026-03-19,15:28:24.065688,1773930504.065688,s,308.993761,s,14.14,mV
2026-03-19,15:28:24.314619,1773930504.314619,s,309.242692,s,14.14,mV
2026-03-19,15:28:24.566021,1773930504.566021,s,309.494094,s,15.76,mV
2026-03-19,15:28:24.815109,1773930504.815109,s,309.743182,s,15.76,mV
2026-03-19,15:28:25.066267,1773930505.066267,s,309.99434,s,15.76,mV
2026-03-19,15:28:25.315571,1773930505.315571,s,310.243644,s,14.21,mV
2026-03-19,15:28:25.566485,1773930505.566485,s,310.494558,s,14.21,mV
2026-03-19,15:28:25.815887,1773930505.815887,s,310.74396,s,13.81,mV
2026-03-19,15:28:26.066698,1773930506.066698,s,310.994771,s,13.81,mV
2026-03-19,15:28:26.316271,1773930506.316271,s,311.244344,s,13.26,mV
2026-03-19,15:28:26.567206,1773930506.567206,s,311.495279,s,13.26,mV
2026-03-19,15:28:26.816491,1773930506.816491,s,311.744564,s,12.53,mV
2026-03-19,15:28:27.067643,1773930507.067643,s,311.995716,s,12.53,mV
2026-03-19,15:28:27.316919,1773930507.316919,s,312.244992,s,12.53,mV
2026-03-19,15:28:27.568173,1773930507.568173,s,312.496246,s,11.6,mV
2026-03-19,15:28:27.817350,1773930507.81735,s,312.745423,s,11.6,mV
2026-03-19,15:28:28.068574,1773930508.068574,s,312.996647,s,11.6,mV
2026-03-19,15:28:28.317754,1773930508.317754,s,313.245827,s,11.6,mV
2026-03-19,15:28:28.568984,1773930508.568984,s,313.497057,s,11.36,mV
2026-03-19,15:28:28.818214,1773930508.818214,s,313.746287,s,11.36,mV
2026-03-19,15:28:29.069443,1773930509.069443,s,313.997516,s,11.36,mV
2026-03-19,15:28:29.318452,1773930509.318452,s,314.246525,s,8.79,mV
2026-03-19,15:28:29.569871,1773930509.569871,s,314.497944,s,8.79,mV
2026-03-19,15:28:29.818901,1773930509.818901,s,314.746974,s,9.09,mV
2026-03-19,15:28:30.070261,1773930510.070261,s,314.998334,s,9.09,mV
2026-03-19,15:28:30.319238,1773930510.319238,s,315.247311,s,11.73,mV
2026-03-19,15:28:30.570753,1773930510.570753,s,315.498826,s,11.73,mV
2026-03-19,15:28:30.819685,1773930510.819685,s,315.747758,s,11.73,mV
2026-03-19,15:28:31.071092,1773930511.071092,s,315.999165,s,11.73,mV
2026-03-19,15:28:31.320083,1773930511.320083,s,316.248156,s,11.73,mV
2026-03-19,15:28:31.571545,1773930511.571545,s,316.499618,s,11.73,mV
2026-03-19,15:28:31.820281,1773930511.820281,s,316.748354,s,11.73,mV
2026-03-19,15:28:32.071859,1773930512.071859,s,316.999932,s,11.73,mV
2026-03-19,15:28:32.320489,1773930512.320489,s,317.248562,s,12.91,mV
2026-03-19,15:28:32.572300,1773930512.5723,s,317.500373,s,12.91,mV
2026-03-19,15:28:32.820749,1773930512.820749,s,317.748822,s,12.5,mV
2026-03-19,15:28:33.072751,1773930513.072751,s,318.000824,s,12.5,mV
2026-03-19,15:28:33.321120,1773930513.32112,s,318.249193,s,11.69,mV
2026-03-19,15:28:33.573139,1773930513.573139,s,318.501212,s,11.69,mV
2026-03-19,15:28:33.821556,1773930513.821556,s,318.749629,s,14.1,mV
2026-03-19,15:28:34.073555,1773930514.073555,s,319.001628,s,14.1,mV
2026-03-19,15:28:34.321792,1773930514.321792,s,319.249865,s,14.1,mV
2026-03-19,15:28:34.573936,1773930514.573936,s,319.502009,s,13.98,mV
2026-03-19,15:28:34.822247,1773930514.822247,s,319.75032,s,13.98,mV
2026-03-19,15:28:35.074208,1773930515.074208,s,320.002281,s,16.34,mV
2026-03-19,15:28:35.322723,1773930515.322723,s,320.250796,s,16.34,mV
2026-03-19,15:28:35.574632,1773930515.574632,s,320.502705,s,16.34,mV
2026-03-19,15:28:35.823173,1773930515.823173,s,320.751246,s,16.19,mV
2026-03-19,15:28:36.075125,1773930516.075125,s,321.003198,s,16.19,mV
2026-03-19,15:28:36.323643,1773930516.323643,s,321.251716,s,15.99,mV
2026-03-19,15:28:36.575568,1773930516.575568,s,321.503641,s,15.99,mV
2026-03-19,15:28:36.824100,1773930516.8241,s,321.752173,s,15.99,mV
2026-03-19,15:28:37.076116,1773930517.076116,s,322.004189,s,14.91,mV
2026-03-19,15:28:37.324409,1773930517.324409,s,322.252482,s,14.91,mV
2026-03-19,15:28:37.576605,1773930517.576605,s,322.504678,s,16.67,mV
2026-03-19,15:28:37.824768,1773930517.824768,s,322.752841,s,16.67,mV
2026-03-19,15:28:38.077006,1773930518.077006,s,323.005079,s,12.87,mV
2026-03-19,15:28:38.325327,1773930518.325327,s,323.2534,s,12.87,mV
2026-03-19,15:28:38.577537,1773930518.577537,s,323.50561,s,14.83,mV
2026-03-19,15:28:38.825836,1773930518.825836,s,323.753909,s,14.83,mV
2026-03-19,15:28:39.077923,1773930519.077923,s,324.005996,s,14.83,mV
2026-03-19,15:28:39.326195,1773930519.326195,s,324.254268,s,14.3,mV
2026-03-19,15:28:39.578273,1773930519.578273,s,324.506346,s,14.3,mV
2026-03-19,15:28:39.826664,1773930519.826664,s,324.754737,s,12.93,mV
2026-03-19,15:28:40.078511,1773930520.078511,s,325.006584,s,12.93,mV
2026-03-19,15:28:40.327102,1773930520.327102,s,325.255175,s,12.97,mV
2026-03-19,15:28:40.579059,1773930520.579059,s,325.507132,s,12.97,mV
2026-03-19,15:28:40.827604,1773930520.827604,s,325.755677,s,12.61,mV
2026-03-19,15:28:41.079602,1773930521.079602,s,326.007675,s,12.61,mV
2026-03-19,15:28:41.328053,1773930521.328053,s,326.256126,s,12.61,mV
2026-03-19,15:28:41.580084,1773930521.580084,s,326.508157,s,13.15,mV
2026-03-19,15:28:41.828534,1773930521.828534,s,326.756607,s,13.15,mV
2026-03-19,15:28:42.080541,1773930522.080541,s,327.008614,s,12.9,mV
2026-03-19,15:28:42.329012,1773930522.329012,s,327.257085,s,12.9,mV
2026-03-19,15:28:42.580888,1773930522.580888,s,327.508961,s,13.41,mV
2026-03-19,15:28:42.829526,1773930522.829526,s,327.757599,s,13.41,mV
2026-03-19,15:28:43.081349,1773930523.081349,s,328.009422,s,13.41,mV
2026-03-19,15:28:43.330037,1773930523.330037,s,328.25811,s,12.74,mV
2026-03-19,15:28:43.581830,1773930523.58183,s,328.509903,s,12.74,mV
2026-03-19,15:28:43.830535,1773930523.830535,s,328.758608,s,13.8,mV
2026-03-19,15:28:44.082290,1773930524.08229,s,329.010363,s,13.8,mV
2026-03-19,15:28:44.330979,1773930524.330979,s,329.259052,s,13.42,mV
2026-03-19,15:28:44.582750,1773930524.58275,s,329.510823,s,13.42,mV
2026-03-19,15:28:44.831424,1773930524.831424,s,329.759497,s,13.42,mV
2026-03-19,15:28:45.083225,1773930525.083225,s,330.011298,s,12.13,mV
2026-03-19,15:28:45.331776,1773930525.331776,s,330.259849,s,12.13,mV
2026-03-19,15:28:45.583706,1773930525.583706,s,330.511779,s,13.69,mV
2026-03-19,15:28:45.832114,1773930525.832114,s,330.760187,s,13.69,mV
2026-03-19,15:28:46.084066,1773930526.084066,s,331.012139,s,15.06,mV
2026-03-19,15:28:46.332338,1773930526.332338,s,331.260411,s,15.06,mV
2026-03-19,15:28:46.584541,1773930526.584541,s,331.512614,s,15.91,mV
2026-03-19,15:28:46.832803,1773930526.832803,s,331.760876,s,15.91,mV
2026-03-19,15:28:47.084978,1773930527.084978,s,332.013051,s,15.91,mV
2026-03-19,15:28:47.333326,1773930527.333326,s,332.261399,s,17.23,mV
2026-03-19,15:28:47.585446,1773930527.585446,s,332.513519,s,17.23,mV
2026-03-19,15:28:47.833749,1773930527.833749,s,332.761822,s,16.69,mV
2026-03-19,15:28:48.085939,1773930528.085939,s,333.014012,s,16.69,mV
2026-03-19,15:28:48.334216,1773930528.334216,s,333.262289,s,16.69,mV
2026-03-19,15:28:48.586274,1773930528.586274,s,333.514347,s,17.11,mV
2026-03-19,15:28:48.834731,1773930528.834731,s,333.762804,s,17.11,mV
