Wavelength,Intensity,Intensity1,Intensity2,Intensity3
350.0,-2.7977717463668625,1.6236608921770141,-0.5983414437558281,-0.6181693341927996
351.0,2.4586375938027345,-0.6086961977397891,0.5725536185725844,-6.088058931861241
352.0,-1.4801610591440522,-1.2993713949189782,-0.24820718752673088,2.2816551157706044
353.0,2.548652274877867,-0.2681224005992817,2.9446666767443332,1.3656390735469017
354.0,-0.7293570631696582,0.5525291010810918,-2.670671664034302,3.058934076736449
355.0,4.230877922353727,1.6736439069932771,1.2442767681445162,5.277788604190562
356.0,-2.4123947648422757,2.5902100403756947,-3.6792158311462515,1.9906542524493887
357.0,1.7517250760945728,0.8961432949720631,-1.5291894297638464,-2.8811616429962044
358.0,2.5988492849247677,3.4463351984642827,2.1909577231386095,-0.12167843444095183
359.0,0.7511351119789538,2.6204944019853826,-3.673803746356299,-0.9407907153431836
360.0,0.7130696826865517,-4.580656560283245,-3.481088373787827,2.34397268981283
361.0,3.4348987484815154,2.7520750938332696,0.08045652035303874,2.2423258303927867
362.0,2.6254314660871785,4.569199380417416,-1.685079938030185,4.000907208122555
363.0,-0.3938424246105967,0.1569318214666282,1.7453505907507179,2.481399339966032
364.0,5.424977894620213,0.4858044805941404,1.964408211279391,2.9151847228190206
365.0,5.654689172170009,0.567484660095829,0.34810724966109774,1.992035347964844
366.0,4.605483910329468,-1.2009311511187661,0.5683348509072346,2.1222866153225937
367.0,0.9019232312070642,0.27451063341951,-0.5999696048185683,2.103774059358983
368.0,0.7764831126613956,1.7049274691867993,6.399817684860807,8.982595100094613
369.0,3.110700536379909,4.504054308137057,-2.012499465450361,1.9620021756718131
370.0,6.769506930923882,4.6747588817336805,-0.8282612710926571,4.027905200922589
371.0,3.8743781081427358,0.7730005946401661,-6.3267670409179,5.157565605640599
372.0,4.4196697679288945,0.10577648490661318,-3.774879337198655,2.635472217904919
373.0,1.421012341889707,4.135047935270478,3.7310492014627243,1.8409345856778145
374.0,1.439137982380089,1.574546973882235,0.7580727060569643,3.115808444700974
375.0,4.388291332777612,4.807736243922022,3.103941182478252,2.9568820307431736
376.0,3.3316842983430774,3.887754577988858,-1.3892696543654495,2.6918753880498514
377.0,4.620438395552128,-0.7310567680780764,-0.1309497923251115,3.455843079071286
378.0,2.7619380703380614,3.102642408252933,-0.3348524253244989,0.3387039684546096
379.0,5.183519452225596,7.668576460332446,-0.44584515960792714,1.3122166250875296
380.0,2.9748064876365277,3.7081214480214726,-0.7593216409702563,1.6270390768403047
381.0,7.24284271945308,5.505704294326762,-0.9426087944723065,1.4336948152907496
382.0,2.7918113380510476,2.908588936793876,-0.8501117481751237,-2.6552792262691014
383.0,4.8949559416595605,5.7327713652376815,-0.9030363795591256,4.536436395558894
384.0,2.7727657570042084,0.9381023617812332,0.8975865952988045,3.424796155154155
385.0,5.3915799920346785,6.413355279982568,-2.2225789508368905,-0.4008726597338068
386.0,4.990077079301585,4.250575045461829,-0.6971970677966226,6.881840166575898
387.0,1.3178226778970838,5.781347783533533,-0.29970868372242876,0.8908249650994833
388.0,0.6611799274575958,3.8584291976300165,3.73660726737603,7.421212175333608
389.0,4.53281757975725,-0.4436315636528718,4.2360565250772595,6.306134386721311
390.0,5.539440251204724,5.046121528933753,2.5189816285770235,5.9009953998202604
391.0,5.01862052317756,5.773858138226984,1.5128506904975438,6.448866651456342
392.0,2.5423345699959157,1.7753262047441467,-2.841330775615802,8.03272006422614
393.0,8.13773595307714,2.9568769711362677,-2.241510048427955,5.908177429927747
394.0,3.5122006470230644,4.790423272059144,-0.4325195656138021,5.430152099600093
395.0,7.658137598455966,7.6496200534498655,-1.6519324016340988,8.068465613192217
396.0,-2.079459149999508,4.649854263387198,1.6435543869788205,7.078513412376765
397.0,4.522659299576645,6.207309083932131,5.0356875472875515,3.3867309903984903
398.0,4.824460962699334,2.6715545329543318,0.31628303222092313,3.9708748567987016
399.0,1.8682573102144318,2.246126626290277,-1.6911129408886723,8.524288875882746
400.0,5.5958392543453215,1.1964552825444912,-2.4423515729008614,3.9617671241365997
401.0,1.8166209395749888,0.6705929116524771,-2.6775547338555157,9.95248047531308
402.0,4.870668233939483,2.5818301002790633,-1.138387311636194,3.4134622157774857
403.0,6.516311115419057,-0.9721271831685385,-2.616307160513088,8.740127202583125
404.0,5.934824925402694,-0.2080204077350345,-0.6794766902581273,7.053922140497605
405.0,5.466678509235038,1.0874255475062569,1.1869357646775143,7.616874105397983
406.0,7.392643355994494,1.1353501730682183,2.855872218040304,6.155704782899107
407.0,0.5521441181436444,6.877795633373012,-3.15117694020563,9.305783954037253
408.0,6.3226375843277935,5.81746356202305,0.7784596489647413,6.188760627655398
409.0,5.607013602189255,2.1368171161929297,1.292027118721137,3.8221198844596245
410.0,6.586681868704005,2.9410715244478354,-1.015158695581846,13.012756753632033
411.0,8.715521846961963,-2.2652093525260284,-0.9038565026791616,9.598399450954048
412.0,4.2662703694918775,5.834091980046452,-2.391229531068859,8.436187000152188
413.0,5.442877964457153,8.282506804877471,-3.7325657809513757,15.82374100705914
414.0,3.8317975562126776,2.5596617081544935,-0.7239254221159399,10.98404628841601
415.0,7.031811535307185,3.6392688917619864,-0.36036709284178414,13.51353106743693
416.0,6.927293855323342,7.742838242529615,-0.8879688686385521,17.42700866141041
417.0,4.71128590420534,2.576045921578924,-2.7601974768148523,23.082396385735933
418.0,5.264501616465537,2.395935255881483,-0.1307984234100843,20.193870243997196
419.0,4.039271560635683,4.100671952868652,0.8519795078460959,25.793109988696955
420.0,3.6282657451253613,-2.344135706386595,-2.5264605590703297,31.38277054464993
421.0,3.607779652695882,4.255426884895513,-0.9550956905731312,35.20884437975104
422.0,4.7921545595535235,5.068600234955966,-2.337744632411244,43.483820128675205
423.0,8.961520300251067,1.8502615002497862,4.159224453082743,53.13607304294425
424.0,4.647487878876575,3.652891904647703,-0.3722977276146935,59.00237473798626
425.0,6.338811316282175,0.7221702509451688,-0.216566856898595,72.2161187733955
426.0,6.162621956381372,7.046470776509182,-2.6353174667485746,87.93366591120213
427.0,5.684604387149108,3.6783853173901093,-4.670787365413588,105.17749773310277
428.0,7.398292945849931,2.9389228900699322,-1.1761617347883657,120.78803202606775
429.0,8.587089996513441,4.722184679789734,0.13408098887731512,143.61794117736372
430.0,5.939997600416376,3.6391090190418254,3.46588534788836,165.14728799368515
431.0,12.064125665938406,0.42125531270670535,1.5996074121279662,207.90515240806826
432.0,11.068162175778383,3.8892005358931954,-1.1033349509104653,226.88093296226185
433.0,13.71340552826058,3.2902143425890813,-1.495790293909863,263.6890687803364
434.0,14.634690749739264,0.6717509088607017,-0.5252096653889282,302.7374978452126
435.0,14.874904187838325,3.348332700240576,2.1088173913756805,348.5192705368128
436.0,17.95542899060544,3.8678029954442366,-0.42629124965512233,400.19219411225964
437.0,20.918080286735545,1.4559882901584729,5.551351915337136,464.27048582415244
438.0,22.057408485981,4.213576688259309,-2.011008223290929,560.4098835337686
439.0,22.749920374954428,1.7538640727754569,0.7675691879460089,669.2153907909683
440.0,27.485870342706733,3.907621697574001,-4.535847536952588,787.9286915701489
441.0,32.483127360390284,5.490054710338512,-3.5213073714893426,929.8857369305399
442.0,34.57069003443473,3.3614836281870453,-0.5014978794425815,1101.0975165684972
443.0,42.60513084781735,6.586709648829213,-1.4869479481256747,1326.554135475007
444.0,46.15102480841023,1.8189298341198992,-1.7277217320071259,1552.2866228278258
445.0,67.55809635875929,-1.329396715266455,-0.8577856611373136,1851.9429755605033
446.0,79.69808141469704,6.288546291141415,3.789890207030794,2071.2650116352825
447.0,89.74549243365203,3.2875981596189376,-1.7128171969562231,2393.542605469409
448.0,102.5095059328871,3.6670158082468447,-5.993276493719577,2767.0179275173514
449.0,117.93536154670764,0.8182562621850025,0.2914967517118612,3015.9319796056275
450.0,141.04840281341612,2.548242621151445,1.3800507071176469,3271.9896348493858
451.0,164.89405540484356,2.5401234168797373,-2.539081278002442,3437.3800411951306
452.0,199.2080980889809,6.4904033364538805,1.0859255118222677,3586.732866632706
453.0,217.24132408122833,2.6389057280779866,0.7322048774868506,3627.40574002255
454.0,245.92661818354654,1.1905875223431508,4.8146679786398465,3581.0273475655063
455.0,288.7248803133226,2.6622057698964454,2.325073742718388,3419.0871488434746
456.0,336.94135593688316,-3.276130377492791,-1.6991710794412995,3195.9021314941683
457.0,382.47780481631605,1.1406028867514522,1.160197283603594,2956.4579296682386
458.0,444.7575801606124,0.5397033756635778,3.6039000174531566,2665.915437442776
459.0,489.9913588858435,4.870060448590863,0.2548473446616697,2377.7413814383567
460.0,590.0853863771221,2.0818835227289867,-2.368198277614141,2167.1182899958626
461.0,673.8983955549577,2.839550303324046,-1.3971182169791803,1925.14624660306
462.0,772.8953671964762,3.2724448604133727,-0.39192559048484554,1717.076617158308
463.0,874.5731987453195,5.567058002187423,0.3497023992640891,1517.1614955951595
464.0,978.5413607598454,1.073760891122845,-1.3304891798006224,1408.028166796041
465.0,1091.1851772864889,4.8942126992103,-0.1539149824969286,1307.9712950662865
466.0,1226.8985365777744,2.6528894570546413,-2.721921715650069,1199.723239599172
467.0,1346.6364689117788,1.5909238740670162,-2.1156091827721752,1133.992773675429
468.0,1483.9831294393327,0.9944568173223445,-1.1296818047233899,1067.4470190195445
469.0,1581.4717909845701,6.60191207390082,3.228257789914295,1000.8290397173421
470.0,1671.2560959347734,7.6679631273862014,1.330151788820416,947.1626810314349
471.0,1706.3942072116117,4.675255383345132,1.3065854219739492,902.2952053079948
472.0,1760.8056476720603,5.19146903772625,0.5457888762008452,859.8744418766632
473.0,1766.6736108619698,-0.8356124022142808,-4.383443351275389,816.8148860337521
474.0,1716.632613554983,1.5081285728730052,-3.632779941272986,760.6689763003922
475.0,1682.1674683369768,0.7011252814028524,0.3106184981637625,714.1833901389477
476.0,1600.0636169937968,-2.068218989429539,-0.17227838194344258,686.0368448426498
477.0,1533.3543253124376,4.836566288379572,1.4569375295426426,657.3873752235434
478.0,1479.615084845241,2.607189784028037,-0.5479283032435944,641.3995188258639
479.0,1375.2819389948725,8.47670541055146,1.2015290579248585,607.0349853124624
480.0,1309.777099824776,3.0361941605373204,-2.4870437890481867,602.4947119437759
481.0,1243.3621136364,6.953837336125247,0.36500474648659065,599.5691504708061
482.0,1212.7576190627656,4.4019472684177,0.2620073192988741,582.4889142756224
483.0,1147.761183860276,5.363632098454843,-0.03468691809717939,553.461596180116
484.0,1090.542104963756,-0.8513463501875549,0.1689185626908909,548.390291444686
485.0,1034.2677751472256,1.7808111967879654,0.5339043631026072,566.087279390669
486.0,992.9601296261957,2.7539442179808873,0.8126559123259653,574.5381287180614
487.0,935.563498710406,4.6088393907869545,0.7276497606690953,565.5799319809048
488.0,863.838434362466,-3.1938301861339653,2.086417379919709,560.5448914842184
489.0,822.6801459813813,3.6933910287145295,0.1962016376907343,559.5303427913509
490.0,744.437640105462,2.7537989011696027,1.8918713056587535,555.5446374449373
491.0,701.9375672666229,1.104199410973024,-0.3107714234249386,553.9453446080331
492.0,637.4811960332028,3.310102945032611,-1.9030928425702882,561.8381083027045
493.0,574.4347551275105,1.8263826951229305,-2.3742875988479852,554.9050972569773
494.0,491.8572014128696,-3.000036332992863,1.7690826403262179,560.5960396984067
495.0,448.14044981663096,2.039293292872543,-2.6063431213304966,581.8597078026487
496.0,402.87917101701385,7.484751719847566,4.267909473688405,586.2141786675797
497.0,357.7923677514867,4.304168965157885,1.0203299358868207,597.1695483247161
498.0,315.3329488955659,-0.319184760420427,-0.08804902094817635,615.7857331487253
499.0,273.70801383842627,1.725774775164382,-1.8431138474001898,634.5860877631042
500.0,259.2007903081537,4.533860717406185,-1.6910928162227492,654.3629453803985
501.0,241.23609316379665,0.6751895623245616,-1.8085454832696826,675.3816735904222
502.0,212.79018831754465,2.65741939694513,-0.6948087570507937,703.959542282508
503.0,200.19830685770134,1.5936664382147967,2.024946223875986,724.2335770619418
504.0,172.2587195554914,4.140596971247049,1.5560236212318443,745.1248354139561
505.0,164.54695778203043,2.973159425563125,-2.5503442584244738,775.9081964953173
506.0,155.57010831469464,4.496457864290761,-0.8375557624121086,795.3102858106352
507.0,138.27730836857555,7.830194158641689,-0.2691979065351404,852.0451860541993
508.0,122.99506107801082,1.2803725131259682,-1.8158654057306194,870.8065067984426
509.0,122.53568162541606,0.6748291875145753,-2.239918120171609,902.4971582815701
510.0,100.84733032380623,6.156497753408047,-0.8482072873685524,926.4993980427887
511.0,89.89553754496498,1.6256334329088986,-0.662092366010171,953.3991181521469
512.0,88.06748061167693,2.8851160105317035,0.7542540967953073,970.5354138804507
513.0,79.95548590752992,4.423386341394945,0.2013460416667101,1021.2005069888908
514.0,76.54928415196798,2.700643224187502,-0.47921859989330073,1063.9094232918087
515.0,68.68513276242868,4.596701661520882,-4.70592734207878,1079.1440161302398
516.0,66.26470294997861,2.6449770423293444,3.5022914086620744,1132.2617395883328
517.0,59.256595506555584,0.42320512747477324,-1.6567343748969563,1140.5492313537504
518.0,64.51512921529923,3.4094880837405412,-0.033978198873228393,1196.6763065021057
519.0,46.81731915799966,6.134482692594389,0.09979274719700015,1219.1933924893106
520.0,40.9225252238015,-0.5696289902343494,-1.6813286094526347,1258.461602773216
521.0,40.97874978780425,6.100961133521025,-1.5574223358730706,1275.3052531787735
522.0,35.37269285909744,4.369247254193084,0.5075723456110381,1313.496821373131
523.0,38.88980727032151,1.9034610775476324,0.2990487314023369,1354.34943203524
524.0,29.541123545020668,4.613969916145692,1.3253880498669162,1380.70260046176
525.0,32.21371493896157,2.2824039076840847,-2.8430679437772994,1406.2498880120015
526.0,25.45876857325078,6.76224595234379,-1.9130390786940552,1448.1408124593443
527.0,24.459934237454917,3.512774033732512,-0.27046461054371207,1458.2474630560557
528.0,27.11528016348484,9.827212080759296,1.8110413752021088,1487.0160420828
529.0,25.770333958234573,6.6707667774904,-0.6557397610841065,1491.9337879682555
530.0,17.914761810189447,10.959755884278735,-3.563368877933158,1521.6023837905655
531.0,15.530579898738154,9.174261515212692,-2.515169363509443,1522.8194885360695
532.0,21.928315551380763,8.996217073281201,0.4498574272116116,1526.0173763569626
533.0,14.560744125989459,12.40764468417342,2.4738209264618263,1542.4502254045442
534.0,16.94435243783451,13.69913504950756,-1.7274583837712214,1529.2116237368543
535.0,12.559789398652015,12.501937577308524,0.9213259753422847,1528.795908216387
536.0,9.0165354638128,20.19783252573137,-1.2958373832130405,1528.0193479435623
537.0,13.417638769824663,17.210309887528638,8.777789793174748,1503.3088284014066
538.0,7.20213751244961,21.23802824286031,-1.2067671528922403,1480.4797677579274
539.0,16.654906502294153,26.54234418307564,0.21097869680801296,1472.1114162598792
540.0,9.87057280943472,27.9064183612077,0.5235135501127957,1460.4605734533225
541.0,7.0325450030379955,36.04038573778706,1.8640870694728164,1438.3610641525338
542.0,9.614145213151488,36.6975150182987,-2.6761221180422297,1442.5516796096438
543.0,7.482160351748718,40.70809434440153,2.2298896804946367,1442.3837720703273
544.0,7.952640499257711,48.666122415451014,-2.8595563060219717,1439.9987973907166
545.0,7.711548921051218,59.92754604518052,1.5488950942877011,1368.9932458747421
546.0,5.838461835642619,59.856928551297926,-1.1367827953364724,1369.824165517029
547.0,7.451150728436971,75.0988131405482,1.7307680130396932,1363.082604082849
548.0,10.63847509839323,88.46379360218432,0.7085259140364144,1351.9515242661837
549.0,6.693584262404443,101.42022463345836,-1.6588383822246442,1326.5168584271562
550.0,3.871608939700735,121.4884465638196,2.2497395058451275,1319.4966036851258
551.0,3.1302101892356404,148.65592851749324,0.6422484778479429,1290.1198703117009
552.0,4.324444221630586,177.99945054797,2.0731971697267966,1297.6856920265943
553.0,4.141105034276308,201.78808190429288,-0.6001586959492045,1322.1440530921152
554.0,1.748700493185197,237.44860210520153,-0.7194434641934606,1314.3179122793827
555.0,3.4179772683570775,256.2904725433496,1.1369894379785421,1267.9673954015043
556.0,0.869848555295448,277.62307375149743,-1.5943963032229078,1283.154598725807
557.0,3.7612454808424047,296.3306087719337,2.9774360793846597,1291.39513674418
558.0,5.691764543755653,314.6084352395862,-5.13081978717085,1300.9086465817338
559.0,5.143484816661754,329.5041403267743,-0.4930931796542666,1286.2468214519304
560.0,3.663855721610787,343.7052275337811,1.549439091909278,1253.5700245779224
561.0,0.6908711413293531,362.4872248074873,-0.5526791628966805,1283.900730166798
562.0,2.4530009089571365,361.02696901148937,0.27340872910474445,1268.2358053161693
563.0,4.843516847856421,350.095639875235,2.0758190339118983,1282.4590516192088
564.0,2.9726950793023548,382.9158104681563,-1.9501585458336024,1265.9556592350823
565.0,-0.2719555156769786,387.58318344101787,-2.7344456256593332,1262.2297480866403
566.0,1.5337616253222564,398.72050166493267,-1.0483080086812038,1263.68642313934
567.0,1.3090028896268393,405.8492500434474,-0.16748008133995995,1260.048082326449
568.0,2.962852479460196,392.3478060768346,0.7382314322365175,1251.124266518477
569.0,-0.003927530308288851,371.2780319386829,-0.2752913072100682,1267.7301520713092
570.0,2.736572671966883,368.9773569799798,-1.7133009502137497,1275.260366923821
571.0,4.748571568055894,340.68276291593423,2.3179224723734535,1256.9995054121466
572.0,3.784479693594278,327.59445411370695,0.16355900098832876,1270.1796772650666
573.0,2.912717844668691,312.3141625873275,-1.1130902907117957,1239.839908958991
574.0,2.4309452186093665,283.4747585453338,0.3831180680989803,1253.3034732285253
575.0,0.5611588897160402,270.3084279384557,4.888488514843061,1248.4595308793591
576.0,5.433773310665686,256.5774614090429,-2.3367022222295475,1252.356226177847
577.0,6.746739397321619,235.67966807846284,0.3117557361571244,1249.0556367328272
578.0,1.719541308129834,220.60568160475248,-0.23355185242604648,1244.0762533549018
579.0,4.416461605119451,214.2228424676673,-0.49138824404525394,1233.9621339015496
580.0,3.9691909532542127,200.81003515036002,4.397190165667496,1206.7193521087554
581.0,14.054238480746903,199.54908727203048,-0.4393059957877199,1207.9350502565937
582.0,5.1168364067777645,174.71817436981001,1.3234068091459221,1194.875033043388
583.0,1.7878943203672009,157.50368978655922,2.3623131322020186,1176.9317626622267
584.0,0.42331602321010564,152.15649379307882,3.8065680681202707,1174.0818872115667
585.0,0.4123846682827548,142.61343596688454,4.371543750241557,1134.7057080768934
586.0,1.9072630985930346,132.79992816261478,5.2089505234710884,1119.603441955484
587.0,3.744739134787693,119.7670489557928,4.2489407847486405,1092.97541682456
588.0,5.417638662646169,111.81459983386736,4.453064820116083,1094.2391427967027
589.0,5.029578211470692,99.87247853545324,10.231267887353994,1037.801924522062
590.0,2.670531630872091,99.74850306764733,9.26464730086326,1018.7186371080923
591.0,4.636788869192031,78.48924107547228,14.46335644694912,996.7010518941829
592.0,4.697139671047438,79.05024464683228,14.29138438514525,1000.7897615155575
593.0,5.677088640213839,71.73186935428342,11.392664408698266,971.3353980920433
594.0,0.3007289437233851,72.47333223014809,22.872007873098,950.9401744770823
595.0,4.250105920654619,55.24423817105992,25.87731132105054,910.2857329877118
596.0,-0.0016991817362281836,56.23705861324618,31.527865434454696,921.3726121559187
597.0,4.760570019540836,52.576822695676924,36.25358235116806,891.0227905302177
598.0,2.581400834033417,47.747326796203936,40.756259840957625,875.6143868976035
599.0,4.0382328023478635,46.42664464891635,46.295139986070325,839.657090526692
600.0,1.7005387172640667,41.26154009149718,49.76711584845049,836.3503937267526
601.0,3.7275972984078862,35.19370529832108,63.60337371386743,824.8645733920612
602.0,3.861620855563018,35.13353821081219,72.01124994546032,797.4603400393357
603.0,2.862749534774707,32.76573181070475,82.66768268836643,783.5717442181335
604.0,2.8859209831786643,28.74392600165214,87.00888469213012,773.5367912518163
605.0,4.664809120850379,31.220648220390217,115.64114322624144,760.438203278944
606.0,3.179331136914925,21.29248042804184,122.60230343497332,735.4894088508836
607.0,6.029685221911677,25.142696851169177,146.16314301598445,710.0869381181328
608.0,3.6629860938761,20.49925735421587,168.99888787239118,704.7033125224964
609.0,8.757598105601971,19.19077379951227,203.6571801873823,697.2242526049288
610.0,2.2371198174738254,18.8004691367436,233.39919060184562,682.7989069982796
611.0,1.7396322548725323,20.66941864063557,263.9479655587654,665.5192031730915
612.0,4.182081969574654,18.14821599567273,297.77809312044894,644.3228528032835
613.0,1.6988972407561675,12.462657441387705,353.2343720056946,629.5701127855016
614.0,3.2161578841561322,12.888483235309224,399.7266585432849,612.6976513598838
615.0,2.6842960501158473,12.775613758533183,444.225866318312,608.0974248922339
616.0,4.8230246862599415,16.270928795709693,509.9856609075882,601.9719809717246
617.0,5.222392962756857,14.709876433066256,569.9862299493024,595.3004011644016
618.0,6.237568075924827,8.547428657828021,633.7295615545905,581.965490034702
619.0,1.7547646365818252,11.647484673577537,695.6156649442194,562.3888706526382
620.0,-1.2107465581977976,8.750485211521152,762.0680966450027,547.9492024493386
621.0,2.1056131277856593,13.701396475051752,872.761688333266,529.7074490013517
622.0,4.577138808291238,8.355050082034296,964.6930272478041,543.7838426682285
623.0,7.311496510364577,12.395903221379001,1055.268291548466,526.3868990592339
624.0,2.6043024441474643,11.018266751183603,1115.2162249353812,504.5438305142939
625.0,5.564040724896529,15.57353321057019,1243.0319681135027,489.7027863817074
626.0,7.0231212381466435,8.685589113596734,1335.333215304314,493.24789231584515
627.0,1.6967449681722542,6.576394422893543,1426.2978377138227,482.2419502634248
628.0,6.748284425663712,12.626955207990505,1510.3238373780896,466.01909671654795
629.0,4.049634622019596,7.563866397591994,1618.0858252871947,451.87727191702794
630.0,-0.018825270049177334,10.13450663766801,1705.1877951330666,436.2859963373733
631.0,4.185633152495257,9.699118625596782,1813.8593652510974,437.3197039604217
632.0,3.861421328263731,6.879098336302633,1849.9287735087412,426.29590019482856
633.0,4.7278839470945115,7.895621322058673,1948.5529727569628,408.43667438892106
634.0,6.635178007487241,6.360773914951295,2024.1137894823,406.5463666424312
635.0,2.495399790969117,10.205612794585619,2100.097821962817,397.68107226826584
636.0,5.497235995503587,5.518187999873476,2111.3479280361566,381.6736656198222
637.0,7.778795965124061,7.895099802323045,2159.434278388257,356.6341597849426
638.0,3.6855476569095345,11.607104580490216,2166.29913343075,359.17121600100876
639.0,5.856805539874472,6.7578644650196225,2183.68648468709,338.37530563510194
640.0,4.987967509586383,4.958501912382616,2158.407078259876,334.1959123255553
641.0,3.3087520425478374,5.317361640587393,2169.1811131389613,331.905701297592
642.0,1.4266858993354958,2.4287873704685126,2135.309859384988,320.2737647635067
643.0,5.227494462851837,8.329913799458978,2113.1915331545297,296.2554542120106
644.0,2.5777217308374247,5.922388677901296,2079.899609591105,294.92003920392386
645.0,2.2757242217470264,6.597058896321528,2043.5513353821052,276.41509801431215
646.0,5.386570424477867,3.4881480727004543,1975.723600500808,274.53429225760163
647.0,3.8692204516895856,5.213061713964294,1920.403766497569,265.4415752824056
648.0,10.0199309600643,1.6649083525448702,1859.323106786424,249.03809692811797
649.0,3.730446358470118,2.6213593533429957,1806.8455541212006,241.04323323490087
650.0,-1.0179298418323413,4.478025116576418,1716.2857305195482,235.63502330159747
651.0,3.6187867293930367,5.075311091300733,1672.2481491461085,219.80908696455958
652.0,3.2944369680636214,2.3559312181679104,1597.5650358722578,214.94189965042352
653.0,3.0749979829766403,6.764333749943347,1547.5168389131743,208.43706499760884
654.0,8.13249289773725,4.771862225102211,1463.8462704494125,207.59979242939323
655.0,2.534170866441059,8.665156697177594,1396.325765339371,196.39756168556124
656.0,1.6678319372747126,6.16546229253936,1311.6807579332976,194.79056536122584
657.0,-0.6740469951311923,4.415022381310564,1232.7005633790907,184.92656861076597
658.0,6.417165756718788,0.04029797539857327,1184.2997677366434,179.45635582165465
659.0,-0.19564621593318066,2.648466447057416,1137.2601440803683,162.7638750770638
660.0,5.920462311440389,0.9350035576027267,1071.011219893973,161.59527125503843
661.0,2.686349447199376,1.6126780413202084,1006.3969025462511,153.7803208779643
662.0,1.7248262447666605,-1.3206140374850008,956.2812357428963,152.07427748357907
663.0,4.543386576842863,2.6743164892378672,888.4202675063875,140.2058716522647
664.0,2.270294562897476,3.1305878005449017,842.5495363023997,139.46933188969427
665.0,10.499468123279257,3.132007844697341,794.2090871261692,132.1127689600018
666.0,4.038213822219717,1.2785908725836634,744.5592653787737,130.009406129899
667.0,4.3593730630518905,7.4365297879663785,691.3036948996227,125.89165907236008
668.0,2.548163359778414,3.3493491353171123,660.3489872118453,123.09341757884357
669.0,1.280533133239686,-0.2298436983087413,644.2829877744587,119.81504201569646
670.0,-0.21821824115258437,6.907397143791968,581.2752810231185,110.60440972061645
671.0,7.315269235742278,2.386116063520177,548.1816205319337,106.61672559345106
672.0,4.1322417758991605,5.350449942086442,523.0630599842367,108.505375624593
673.0,2.58005700049668,0.9115605250630949,483.5362020300453,104.6621996546138
674.0,2.2765745483911815,-1.0661743965771393,460.97441634135816,105.76148313327582
675.0,2.7578086932121835,5.189042924353544,426.571540352551,101.8684315810674
676.0,6.558777484762317,7.686728763584199,391.50746222523856,94.45602540026562
677.0,1.6543111968497897,1.4745086565841348,376.5611315911974,90.13768383722575
678.0,1.7475953868225247,3.666925497173821,348.2705171044056,87.01618871049081
679.0,6.845524579656399,4.64856789760276,322.5412825167457,84.79714037756983
680.0,6.541387574959515,5.019044988768314,308.94581266905254,84.01666061052293
681.0,5.828403643683998,3.1464587066118384,305.2994465078226,84.44624466846383
682.0,2.908695784365335,2.266755257302748,281.48236180674303,74.84852298120563
683.0,4.000854185149137,7.4491968236443995,255.43835193989597,73.93932303473076
684.0,-0.12305174821969445,3.0348525167531193,248.53364099606634,75.68080848340526
685.0,-3.685088981636653,6.253668138461393,217.3193417722728,75.23937726009635
686.0,4.545755280437476,3.7119602077429477,210.18727697560664,60.94992432696955
687.0,2.550837956302445,1.8918521426556367,199.65397628092742,70.61206416323509
688.0,1.522613364599323,0.38889321902641427,198.6092729073271,63.019660957940914
689.0,1.6810641975260125,5.166635284897637,181.87880620003287,57.71183161792095
690.0,3.747004788362773,2.365443345387746,161.4621245242374,68.9994044067864
691.0,3.7369299625503913,4.3789824137827225,153.3876493874424,64.81652767917512
692.0,4.092821363086927,2.1547666974617528,148.63803429685683,60.23507523993547
693.0,2.8614325368000664,4.687524406098419,131.46662264673026,55.33977339440119
694.0,-1.633253391950575,4.0838700255110325,122.429685173438,50.971138534272455
695.0,0.71231376999134,-2.3954053598317557,119.54876889685866,52.800919462383916
696.0,1.7527180660385966,3.5697318711041532,101.57874233670046,54.127778445072806
697.0,2.4843324738257593,4.895806136143705,104.56706088384888,48.1204471243457
698.0,-0.3014183340362706,-1.2563161339285784,103.93300586010699,50.593344889858514
699.0,4.816453014129422,0.2878196769549959,89.03408326519968,42.58947707300575
700.0,0.3420434346307104,4.858147528484437,86.00403906783413,44.70428465444428
701.0,4.82473496765985,5.179150396384102,82.78482826483568,47.09607827522069
702.0,2.948905805605335,2.4290003184302975,81.04026543260858,43.80893593375026
703.0,-0.29958115964717535,2.0038307806269415,67.84873644740296,41.71654544742509
704.0,-0.22563116905487846,1.9584248973364424,66.32893550897364,39.72456188897925
705.0,6.536804162756994,0.6338749896953288,63.981316435581476,39.668690243851245
706.0,2.863641428278328,3.9986143169103627,53.31239371970713,35.3284340946519
707.0,3.866834469293792,2.73148164795262,53.337642075108306,30.819030713277442
708.0,0.7337664356401774,1.6693824962532062,54.247494902441076,31.899225389859367
709.0,3.5337152488120296,2.73434225652025,38.22325417063789,34.9857711283926
710.0,0.6826866448836313,5.6684579776461135,44.292428671006746,32.9404316412585
711.0,0.7082678968946823,-2.3443067695428113,35.32801658809322,25.03686709194227
712.0,-1.2536597759446977,0.6668556737312201,34.33460380638505,30.02197913707269
713.0,6.76681928635108,1.6504663148954535,38.32787597112642,29.031245143282888
714.0,2.7827475824379633,3.6700812719157625,33.28129937784706,28.037577735235118
715.0,1.7645761830542597,1.633708191119041,33.39210440853938,22.011018667111244
716.0,-2.2581081362731084,-6.183586285858837,25.42313756507349,21.056972435590893
717.0,1.7994549625910565,1.632530362804033,22.289499770183852,23.119239580181727
718.0,2.7390842555946335,1.627644643004885,24.320635079664413,20.083363216500544
719.0,0.7339889100716448,2.650323060870477,23.281942525249804,21.05705602700442
720.0,3.7993238601798396,-0.3494067916164454,21.29112432764572,21.072147927206004
721.0,3.739133280540358,1.6824484765428451,21.343361468034715,22.019319227816425
722.0,1.76278627122403,1.677740381919648,21.302826150558985,19.00368450070016
723.0,1.7466313013470938,1.6628494255416513,14.315380679470195,19.02555980021387
724.0,1.7706243770270476,4.663107387193008,18.298431977678803,20.00099250603901
725.0,-0.20696652849878205,2.6959983849281457,10.304226236940679,17.017293604738853
726.0,1.8519590236122667,2.6241471990348373,14.34173694226547,15.989160103517492
727.0,-0.2537637576195948,1.7207053768652543,15.428908907636043,17.850480120694982
728.0,0.7431261753467595,1.7386998407256726,9.405312747296676,12.950796372385412
729.0,-0.14043346544735869,1.8338975761773213,9.433781895139873,9.18750167349367
730.0,1.9913650509650154,2.796867532378343,10.24598265275037,16.01987499323144
731.0,1.4689334979009345,-0.3067045344782571,7.951580988131639,12.623291431321576
732.0,-2.4050434709604076,2.628409271297784,9.256394598015618,12.780527083270925
733.0,4.93661090503187,2.2441585485100575,11.252562861692553,12.633652175692362
734.0,6.479014170801321,-0.9148141650049411,7.650495842837984,11.15432818679875
735.0,1.3264201948724121,7.747772227991732,11.049091794057063,10.770497287235145
736.0,0.5207358964525213,5.126194601060149,6.042376187214018,6.3528463518675835
737.0,4.6559489192443095,3.28947373055766,2.7423734591171467,11.103682886195173
738.0,1.3579465461806706,2.4750112064997722,4.567093414605239,11.461290991895481
739.0,0.359323440444399,3.5036315094874055,6.993478913447632,7.673489201991686
740.0,1.5448310276298116,0.7172918941619457,1.4829746364243874,8.840588086732595
741.0,-1.1321117547470863,1.3663562759733452,2.666680547757437,5.30796921919125
742.0,3.0168438089773986,2.1055160775286197,4.315491184016793,7.474586535199819
743.0,2.8739060705506745,3.9087841610581506,3.110071568826413,11.549907904444467
744.0,-1.5696140454840872,1.3118852892293376,0.40348861943473935,12.574742068200806
745.0,-2.1509379049394965,1.4155917676893068,1.2847338690103527,8.568943258223527
746.0,1.6954225494715445,4.9229526369739744,1.3711356587998011,6.331178597010705
747.0,1.9615096613787557,3.23813232527678,3.9102260637595805,7.4731684755662116
748.0,0.6516398319884615,-0.06558927649359703,1.8298021596493754,9.747492178084372
749.0,-0.9487142596622107,1.481130396067698,0.39169145070329137,7.9772433223214705
750.0,7.745716814606027,2.48939491624796,-1.7436093747394068,8.305265014207095
751.0,2.428153925409333,2.2218821737210703,-2.737615055187007,8.062035323500709
752.0,2.3402122300549877,2.5468345987270595,1.3116300671668455,6.66216408785408
753.0,-0.4919164283600992,-0.11772799788641919,0.08035410784307828,7.1394489227075155
754.0,1.891711552053522,1.5760093879892452,0.4481268661708384,9.98992134004078
755.0,-1.2900847486665157,2.577502843453118,-2.689452999655373,8.203074996201508
756.0,0.7466409209357607,-0.29100307772671385,0.3451457464313705,3.0661074779073942
757.0,1.676042904564298,2.6833790688325223,-0.661655288711188,2.977005804758363
758.0,-0.05982818045663407,1.414488950169698,-4.665608830382354,5.15389130208203
759.0,4.055557921319661,1.5052290535987254,-2.1134364857817616,3.686801907421966
760.0,3.2347886763290887,3.0452999142844135,0.45045210531591806,1.0264625327929195
761.0,9.380622632000808,4.151324880193698,0.9825990220183201,4.710043511869202
762.0,-0.5688851443508156,1.2515363491997107,1.172625053803813,2.481389684162508
763.0,2.416892920900807,0.0678485304981109,0.23576237417813672,8.436808942107405
764.0,-1.9776836655475734,1.71925496252544,2.949021724502046,5.23371630411296
765.0,4.126842729880877,0.7169892953910164,-1.5359445923500061,4.263899371062337
766.0,1.480855454945015,1.559954688225531,-1.3316388351276487,7.313059520438202
767.0,-0.08047397361053754,-2.322886999989521,2.697520871495527,6.688128255255606
768.0,3.17950067764707,2.4349004398608827,-0.3911710292566113,7.88844452364205
769.0,0.5203113412334233,-2.1819077041581636,-3.4859371661609373,3.273913202460534
770.0,4.691072772768877,0.21610639300047296,2.417451711413605,0.34834986761663345
771.0,1.8564295855548778,-1.3081912137712663,3.3175222258273607,3.007409206930163
772.0,2.752667616795094,3.66818053111308,3.332999703713824,3.0074088629133087
773.0,3.7296912944155736,2.388357237978852,3.557986368162915,5.310396268405469
774.0,0.48905676099323614,0.01385928414183013,-2.8167886038604024,6.9314033738534135
775.0,-0.40234535245596703,0.8499376670398249,-1.9205503539277515,-0.11361415804964281
776.0,0.06114330051423167,-1.5649457163583804,0.19931356748398343,7.371275988410503
777.0,0.9263665721161658,5.673529287145499,0.7154292757059011,6.844891068815571
778.0,1.2215506937819782,3.424750226591186,-2.458324835768849,4.406787823758236
779.0,3.5675454562416746,0.22266636623828617,-3.9802801863948787,0.2556643161302361
780.0,0.5064806559780664,3.1378742647066815,0.6076656140039347,1.9094786651602362
781.0,4.674237434906331,3.2565644093655237,2.273077012306885,5.347741965779136
782.0,0.24547150590416322,0.21972799587052805,2.073442864956121,-0.9726675146298476
783.0,3.030904204437519,-1.4022636243739441,-0.35290715376325466,2.0571304345237706
784.0,-2.196329492586017,5.639064834777116,0.27584350831145343,3.0591717484934406
785.0,3.762112274693095,2.4057993773035378,-0.5306099928715469,6.7586001856548705
786.0,0.7682531512713524,0.06703786737818973,-0.9997653736916732,0.873913187259376
787.0,3.7856653635224973,1.3919193357184554,3.2511517327621675,-2.8310045386705838
788.0,3.538240545707083,1.3350111371928506,-0.6962699750833679,0.2792737971349766
789.0,0.2523630178132237,4.50913803920983,2.690008158719337,3.258627883708783
790.0,2.8664458130401727,3.117552407695115,4.705858159283935,0.9482829967608097
791.0,-1.6773478034977813,2.6275532932965575,2.906347090922509,-0.2281927076492991
792.0,1.6100930027800473,1.2390992000789538,2.274307302930822,-0.5043836284112331
793.0,2.6131572618789676,0.6148084782518026,2.2774910473284535,5.151852673730843
794.0,0.6249126740577537,2.650052371577601,2.432684267460047,-0.9941715197536212
795.0,-2.0127542388808024,1.1119854446770887,3.85336557696823,3.292928751575886
796.0,0.30745773751721117,1.3667883946368136,-3.6216152228870158,5.59564081708254
797.0,0.7028394352962835,0.28095437435879944,-0.7128553942748965,2.4949751248548466
798.0,3.333748584590495,5.2953781338950705,3.2681847605761902,5.1509556936782985
799.0,2.4387850550393466,1.758991377119969,-1.2934637253779329,0.5604775150967498
800.0,2.730562576450211,3.4198619328965663,0.3063897925807737,3.156380247093807
801.0,-0.0019589895141791658,-0.589883340793051,-0.5677141620086275,3.5547439205498677
802.0,0.6851770482566337,-2.4435044280943146,-1.5401545534972456,-0.9347110745146097
803.0,7.504007703962287,2.591249033484047,1.3266820429682014,2.2176316228832604
804.0,2.7854458175029606,-3.3835124233901865,-1.1335034002647717,0.23199075317970141
805.0,3.0039363870103557,-0.12445291964598937,2.6774828562845414,0.12655190230972835
806.0,3.096621426700949,3.107623554816172,-0.44422664228687836,-1.6806718388110369
807.0,-0.062029329047277315,0.592783927840884,-1.966830881674781,0.11565915205372335
808.0,1.486099136611415,-2.555311309176375,-0.8590823923658775,3.976291843720645
809.0,-0.19416362278110455,1.6047279843078854,-1.3666713861884432,1.3041344830402863
810.0,0.7488009640289874,1.6635313436187573,-1.681570387698855,2.025615261303926
811.0,-0.2846964584411751,4.034841362750257,0.3080212527285653,2.6942903811570886
812.0,1.8324327504027735,7.807669546911086,-3.9727791609767564,0.3482443793247967
813.0,0.7186928247791116,1.9059635912739452,-0.9706965542810337,1.0084595497856697
814.0,3.1696038580485038,0.08552884350635281,-0.8831981666629645,2.6018190972286845
815.0,2.7616102569430723,1.6926589948143658,2.070707947177283,0.3606233110327537
816.0,4.02028393194098,1.7306107054976394,0.1471466945202735,2.9291812374191863
817.0,3.70845414549035,3.7221209606090895,-0.6340556638486134,1.9990129087680089
818.0,-0.6043329786338347,3.7334578275604144,0.6366892596801392,3.798716054248416
819.0,-4.028927876509698,2.5772057041666017,1.7220262832375965,1.9494674585674545
820.0,1.5455963323801143,3.382665811017489,-5.104263111075795,-2.0599626687034345
821.0,0.6721505496667532,1.4858264303886415,0.548847941985656,3.81821562340906
822.0,-0.25955650703565425,2.5313594633510945,-0.8967938978605616,2.302365545630863
823.0,1.8950738713177486,2.842366653289787,-1.6086532681532333,3.213076371860865
824.0,-1.2923972023980639,3.593533472315471,-1.7652398042240236,1.1890007231138213
825.0,-2.6895098509290563,0.8044263389721209,-1.725044779019555,0.7990441892486331
826.0,-2.67787123884753,3.378321346115257,1.63426182267753,3.2612305857634
827.0,-0.24674983836928277,3.133059699815419,3.881295625122533,-0.11269105337362362
828.0,1.9835683140832145,-0.8017848648058816,1.7564894286919923,1.7577158462065938
829.0,1.4228822488402955,1.8267994152517986,-5.709363187912572,0.7781880599274018
830.0,-1.272413285833835,4.667866342124427,-0.5811925947012639,0.9852998802931552
831.0,2.3005543220942855,2.219531806282532,-4.009701908584617,1.124241480495897
832.0,0.3561632868164111,0.8057850904295947,-1.3200277720097802,0.4334562784814864
833.0,4.5949104945790396,1.1140133328839852,1.6350974531024747,-3.8865612094930952
834.0,1.115842835442976,3.8299715600530817,-1.8058764779587761,-2.1618828274404507
835.0,1.6313050707257446,0.7220731158762419,2.4931775912350247,-3.674917178167874
836.0,2.642522925786608,0.8339274375639718,-2.8692584823990046,-0.06925866398484004
837.0,0.5129767244808647,2.2305708187245443,2.8908688133650173,0.5632402802608851
838.0,3.435745763153591,3.3655113792490283,-0.626154648183217,-2.2202178234931296
839.0,2.2231786671211466,0.19418636052020588,1.2459229249873829,-0.47392903586487023
840.0,-0.3004631746843245,-0.31936277051104867,-0.9770568060828282,-1.8644120213423605
841.0,0.8125861454219603,1.619448748072415,1.261227266755327,-0.9895116032867577
842.0,4.754357191924356,2.4833352516344007,-1.4685533804745603,-0.4946074384639303
843.0,1.4113506597041976,2.287429458685722,3.401099172553387,-4.329722157913494
844.0,2.7319971421337073,2.243622983599977,-4.460549066860324,-0.9427200421403086
845.0,3.8518184262912314,2.565403550818928,-3.1151931940522672,2.8319653161791223
846.0,2.8117104999306832,2.4641997341501565,-5.343185212959014,1.947488510884824
847.0,-1.3220121653809827,1.6908925655254734,2.2546718037853566,0.33511110547067346
848.0,0.6273322648162605,-0.024405173030316973,-1.5285601706207217,1.6971616236775162
849.0,5.527803165627375,5.945494436900475,-0.7584333109071792,-0.2651659639095669
850.0,0.3134887876753396,0.9931164156000136,0.7693404768249934,0.9153433969595994
851.0,-1.0995354632322574,3.5479905019418823,-3.4761578936822275,-0.09526506909597288
852.0,3.4719110230495573,0.8752365889660325,-7.102255499582981,-1.8770999892417706
853.0,-0.18209189801658,-1.0043102776251942,-3.6016900449078832,-0.41323632184946746
854.0,0.2957566898980133,1.056509202144838,-6.845625512564965,-1.0629691504582865
855.0,4.003362383168252,4.340839382645811,2.4124213662653915,-1.1743633836566687
856.0,0.8202329411078892,2.565979505889061,0.37391310393891786,-0.004629685575764597
857.0,1.368071931888494,4.182043503062744,-0.3900102083213426,1.0964893095793968
858.0,-0.8964750179714827,5.5281273210778465,0.25523247065737564,-0.8208347619772383
859.0,0.5767039973625003,-6.405491479658906,-2.7945355118959583,-1.6634712938954124
860.0,3.811990206030913,0.9926836735437803,-5.14123535482517,1.756814483990354
861.0,2.855329366849162,2.602918340874737,-2.5648862009316247,-2.100457319103697
862.0,-0.17036856108416032,0.32890728461165963,-2.5125554740652376,2.517836343890451
863.0,-0.7296125743965263,2.533731375716826,-2.515526567312463,2.399913506820525
864.0,0.576607831206303,6.737568985328068,0.8077530570436409,0.36778825800209347
865.0,-0.21691150063600162,0.6489435355808268,-3.6696467793259444,-3.0254023549178157
866.0,3.7949574545204143,-1.716161055774137,-4.418580431998578,-0.6174254975696556
867.0,-1.1481609550081942,1.390871141500753,2.3319508721917543,0.1216293055030917
868.0,1.5533587545182286,1.275699896541795,0.028260055244373916,-3.6096508755738625
869.0,0.15224963124387614,2.9015266649621196,1.5387807130114481,-0.055199900819815184
870.0,-1.0460627823393907,1.642031420607566,-1.767328367022003,1.2491087388966662
871.0,5.202184124377538,0.39922788387212904,-2.770183799630047,1.343836038120827
872.0,0.4739717340481491,3.8156376221381265,-0.46030976934000023,2.633952153937969
873.0,3.0146886808334443,2.920677785535986,-0.07657632890487776,-1.453588730513843
874.0,1.9755688898939923,1.6270301419575048,0.2815112961451689,-1.1103385457014667
875.0,1.063160975951405,4.6873547157891835,-2.8895026081171125,-1.0767125626365157
876.0,0.8272261756112584,-1.5698498405873806,-2.5811582436347464,1.2844272197573048
877.0,1.7085345164531702,-0.02831915503242044,-2.9625974566990863,-1.2816201612966722
878.0,3.928332032262489,-0.04731486549783881,-3.661320660640314,-2.073468891294624
879.0,-3.2326690661469684,3.9830855638236073,0.37125901943912254,0.31828265983671145
880.0,-1.0216300450196627,-1.1788224299174601,-1.0397208424071493,1.4715808470111824
881.0,1.4947618591875482,-3.399041570749347,-0.5269309104977253,2.8632130981406476
882.0,1.6620177339780469,-1.936746826883791,-1.5880598080663901,-1.0195129212676477
883.0,1.2097125440677985,3.1926991230068325,3.170393898385271,-2.0186433120389893
884.0,3.579131517804342,1.5073814747776737,1.8933607353440038,-3.506021613974866
885.0,1.555031793958534,2.5972565467039033,-1.712076288099695,0.8871772322124798
886.0,3.5711993235668444,3.4806922974277086,-0.2635833526408362,-1.6856373769813615
887.0,4.450295902794835,2.773568449959157,1.1331400402619352,-2.9657232750537332
888.0,1.1436775032792639,3.79595602377546,-2.5945629959495875,-2.656207680845455
889.0,3.7485746373294546,5.663338228978603,1.3114226390960937,0.019844776435775202
890.0,1.033713749450385,2.4706174403098657,1.0759593389609563,0.03729496878372629
891.0,2.161870919279096,1.435103487533837,-2.9914039469596787,-0.7418205758033594
892.0,1.4542863781081508,-1.8623148430569927,-1.2130063571251242,0.10693002332939727
893.0,2.807812328392032,3.2361962061217184,4.393702210829019,-3.204521122048277
894.0,1.5634057554840979,2.415278123281894,0.22689659478328394,2.309559389647177
895.0,1.6148496669952976,-0.2895785227418912,0.07094395231109729,-1.7597033456955842
896.0,-0.1689830564813235,4.609821349530591,-2.738094006952906,-0.0319904615851101
897.0,1.1880211493548245,3.2588638433518895,-3.2204725705660167,-1.177448517006951
898.0,2.3472650353269273,0.9227847992082729,-2.7041905117531257,3.2650739538670734
899.0,4.30785427437533,4.905887452913106,-0.2505957155524072,1.6225618415263057
900.0,2.9455020913757437,-0.24869679608619322,-2.0182575863175884,-0.3791823250407731
901.0,0.23152806077192167,1.5377077256192138,-5.276241011259685,2.1063485565373696
902.0,0.8303926864778077,-0.20359363030945588,-4.564693886196864,-0.6924223401321115
903.0,4.839892753099946,1.7315476274159494,-1.6860140879239793,-1.7487641147789077
904.0,4.365999819760674,1.534077314600836,-0.9294365555737443,1.7232104280096792
905.0,2.8369969440203135,-0.10037370404469925,-0.915885831802683,-4.191593283004153
906.0,0.7538454751997961,2.555827047724705,0.5845569290175945,-0.9554026698391453
907.0,0.3114122191144304,-0.6861978909723518,-2.521563993898212,4.826778602766694
908.0,1.038928966711154,2.0048340959816073,0.2354551129812137,2.360914905842833
909.0,-0.3758627914476165,1.546710535591842,-1.544793537568495,-0.7689016327857701
910.0,4.0987706577308245,2.05006673033148,7.559390178722509,1.3765408963552943
911.0,-3.127776199086469,1.534676578662669,-1.168726205650131,-0.5092726799286709
912.0,1.0734315013139053,5.390490066658117,-1.5554483055519484,-1.2560929044111049
913.0,2.802008170723724,4.722892892568723,-3.336730984998269,-0.2643232814108387
914.0,1.5838548044940524,2.4215402293784223,0.6662271930424879,-1.343349357414695
915.0,2.576835984995455,6.367327978417421,-4.311415149509685,0.37586409835682844
916.0,2.8367032435661486,4.3908920731711305,-2.2559521957685718,-0.1519670833769453
917.0,0.006820115819749617,0.4281304304778075,-1.0519984794267998,0.7175493593119597
918.0,0.32013251665685516,2.178983202233354,-2.0652899449490576,4.253163312506672
919.0,2.3029315774243173,3.4964626357208317,-1.530019015386756,-2.2454226940963053
920.0,0.6793101838505038,4.889053679083361,0.8667524830842126,-3.523395543098644
921.0,-0.2071798702769172,4.802024063586174,1.0790431085951013,0.8995681255198065
922.0,-3.4457703378257634,2.607661884350506,-6.326633792891158,0.17299811610863003
923.0,1.9071364445793222,4.075952902149709,-0.31391577937074544,-0.37553350422055587
924.0,-2.524777051672288,3.5753560443560275,-0.9462735319469289,1.4886961479315346
925.0,0.684368224134289,1.27479799843681,-1.4213311547272838,-0.18471691253179756
926.0,0.5456606785713234,4.347244063875394,0.7522291499039966,-1.2868802158985204
927.0,-3.6817157923439368,3.9320615506819365,-9.090738655784179,-0.9959481566986881
928.0,2.8220693297916455,2.138892144607098,-2.6526018854338247,1.2065119784015792
929.0,1.4499983194270385,1.2302440088462845,0.22798697000160928,-3.2077556422217697
930.0,-0.3463138453414558,0.67757245715012,0.1940722306874818,-3.2337248043749014
931.0,2.0143902015015556,3.1111678770671745,2.3524340067146454,-0.1504114009303521
932.0,-0.514542409298997,4.1746922713702475,-0.15353941391603598,-2.7484833079087707
933.0,0.713841368982429,1.6602695208530918,-6.637371347148928,2.0136441204126356
934.0,7.085094638164094,0.0422392219479093,-3.385387202295874,0.2086742318126369
935.0,-0.26400702132511356,1.3559551975744455,-1.5464723011488388,-0.5662443802435178
936.0,0.4825248974627243,6.476481405833795,1.377468427629367,-1.0921442824883343
937.0,2.235376773723658,0.1072228566291642,-3.071837661572687,1.8194349757457076
938.0,1.2741601271372076,0.720102735364037,-1.4058922058272572,1.6595855912188142
939.0,-0.15286567142950958,-5.470099915761551,-0.5963196640049375,3.199747448580297
940.0,5.326672954741412,-1.1011931944952096,-0.3605409555404151,2.1015275378855165
941.0,2.7287499136070608,-0.33157809887723033,0.31043890662681406,2.0302124922345968
942.0,-0.28577364098725866,3.0857183624846414,1.0928734021662763,3.1085702384016543
943.0,3.4442738464837532,-2.132378598121221,-0.11372488847095497,0.8970170538970024
944.0,4.8906313679337075,6.059716739305827,-2.922749209587323,-3.0653740439696833
945.0,0.15792162954633682,3.854948733288097,-1.0135995344407718,-0.564406126647043
946.0,-1.1907981342869505,1.691075889462411,-1.7480436056117128,-0.06387163619532998
947.0,4.156801527197956,1.80473125204702,-0.7729432422487434,-1.3574992788284987
948.0,3.2643167065011767,3.5473264618980522,1.5259097984778123,0.035554694671787956
949.0,1.574544313033158,0.6568990111500739,-0.44085491818921696,0.9357488581547386
950.0,-2.707528775874124,0.8218506617033654,-0.8842321286034007,-1.8160487624398343
951.0,0.8555542540953525,0.9055307492464237,-2.7365804213071954,0.9822555400730835
952.0,2.2282838386008734,0.4833393318583603,-0.5577243037482731,-0.7708850729886194
953.0,5.261003881577665,1.2410569908138882,-1.6235339450380764,0.3303658606095041
954.0,0.5088111011847047,-0.12604439325406247,-3.2148127728174245,1.1022853191721822
955.0,5.452551249001402,3.2279596774607455,-3.5915700534847304,-1.2096800199817324
956.0,7.754515943670981,0.6720253608175994,-4.674315821131472,-0.9739072982963535
957.0,-0.6395795250145113,1.0516784579502314,-1.9485242818783206,3.2033240039004625
958.0,7.204298000745183,2.1895708936724816,-3.9280294581113253,-2.991106078518584
959.0,0.8025613331409716,-0.999810782313773,-7.144170452313517,2.533422268111167
960.0,-1.140529452412835,2.1150856850081823,-0.09643693568293088,-1.3580004129542544
961.0,1.8769933354019486,-2.4339764421143,-2.750689287886587,3.943043569521649
962.0,1.494758888673573,1.1685166022600129,1.3340120584652198,-1.2788825356582265
963.0,2.7017929914972,0.6515827632607909,3.261100974618472,0.06823199276152536
964.0,-2.137623858948132,1.6031759964874652,-4.302535157712327,-1.5020954038059529
965.0,-2.380669003833731,0.9731610546386094,-2.256053154406885,2.6148647428617835
966.0,2.043677124457048,2.0699179545183313,0.6245064727273757,-2.5248261715138938
967.0,3.6806756545230144,1.8456168885469424,-0.27203228061944174,0.9755820977452743
968.0,1.923285618854834,1.7816675264517698,0.20362935344621746,-1.003571555722516
969.0,4.214188417109881,1.3771341265388912,-1.8994595517501978,1.9438430100428548
970.0,-3.2098896360325,0.5847981869437717,-3.5656618424103215,-1.9779566979792378
971.0,1.5841031770876555,0.7155515222385986,-1.493925621501944,-1.262888856214829
972.0,0.6977554312480834,2.624714471650776,-2.5283608876898995,0.7283123011672501
973.0,-2.0523033724283835,4.227120099380016,2.987431003214226,-0.7253182771778768
974.0,4.441249062673393,3.083749141648781,-4.074574889749869,3.7182569347847334
975.0,2.094604104121629,2.826728074023663,1.8026104804055194,0.2591671978133263
976.0,1.9793683071806356,3.0131275358758955,-4.444106320276944,-0.7457515464842572
977.0,3.5236460914013605,0.5455045889665939,0.7202714959896923,-0.22693811819431176
978.0,1.075364087786994,1.299815058273282,-1.9475008855176839,-0.16185742896956867
979.0,-2.3408875868185817,0.6444269398010363,-2.729398517882231,-0.051791383308938066
980.0,1.1675459224537974,4.0493687526982,-1.255456066658553,-2.2315602646692696
981.0,-1.2339299396061563,2.747130331157706,-2.3123778150554415,-0.1062695428874747
982.0,2.82542047035912,0.9530631156146683,-1.567989826462707,-2.0535817306079025
983.0,1.9530769591966077,1.7129908918255694,3.3738667201174337,0.20292360045698388
984.0,1.6846133721824401,1.5796546731631338,1.0842431990870125,2.7281764940947824
985.0,1.7006210312584074,1.6015753827751382,-3.642854402829471,1.9632350171706605
986.0,-0.49021512166783054,6.5712268316332825,-0.47305544775474573,-4.464574496023516
987.0,1.7492550320319253,0.6438022469258158,-2.720524310690223,0.019074121346108086
988.0,1.056966200341435,0.8034487216115451,-4.004578159275837,-2.5327450086489876
989.0,2.7467647496812617,5.663375126373211,-5.682872111883285,-1.9747743814701835
990.0,0.6233736918659076,-2.3661338808637424,3.234556676496652,1.493018048155676
991.0,-0.2664799484175262,2.6735068824891073,-3.691586081187495,-3.967032238866665
992.0,0.46000443117833356,1.8902788485248436,-3.2800530548474853,-2.080819095201946
993.0,-1.253610634752647,7.66407277284344,-1.6835636678903825,-1.9732005810045905
994.0,-0.6020153581127943,3.514517591163468,1.6201817595402588,-0.49342131362138275
995.0,-1.2998577193562824,-0.3969383723764963,-0.7467021646889691,-2.0115286062800806
996.0,-0.18369720430317216,0.44194839938970176,-0.6956308195277927,-1.0823307254553072
997.0,-0.26704126838441766,4.53168357482744,-2.523407754423033,-3.956662686867759
998.0,0.8783099025429522,-1.4439208429973576,0.5438478940720017,5.020086558391597
999.0,-1.1188487581042068,2.45595333749543,2.2880725259112467,-0.8337847830733267
1000.0,4.679502976515835,3.8424615477409247,3.147415350286991,2.3053419361567364
